-- Auto-generated movie data (2013-2024)
-- Compatibility: PostgreSQL, openGauss
BEGIN;

INSERT INTO movies VALUES(200000, 'Frozen', 'en', 2013, 90);
INSERT INTO people VALUES(200000, 'Chris', 'Buck', NULL, NULL, 'M');
INSERT INTO credits VALUES(200000, 200000, 'D');
INSERT INTO people VALUES(200001, 'Idina', 'Menzel', NULL, NULL, 'F');
INSERT INTO credits VALUES(200000, 200001, 'A');
INSERT INTO movies VALUES(200001, 'The Wolf of Wall Street', 'en', 2013, 90);
INSERT INTO people VALUES(200002, 'Martin', 'Scorsese', NULL, NULL, 'M');
INSERT INTO credits VALUES(200001, 200002, 'D');
INSERT INTO people VALUES(200003, 'Leonardo', 'DiCaprio', NULL, NULL, 'M');
INSERT INTO credits VALUES(200001, 200003, 'A');
INSERT INTO movies VALUES(200002, 'Now You See Me', 'en', 2013, 90);
INSERT INTO people VALUES(200004, 'Louis', 'Leterrier', NULL, NULL, 'M');
INSERT INTO credits VALUES(200002, 200004, 'D');
INSERT INTO people VALUES(200005, 'Jesse', 'Eisenberg', NULL, NULL, 'M');
INSERT INTO credits VALUES(200002, 200005, 'A');
INSERT INTO movies VALUES(200003, 'The Conjuring', 'en', 2013, 90);
INSERT INTO people VALUES(200006, 'James', 'Wan', NULL, NULL, 'M');
INSERT INTO credits VALUES(200003, 200006, 'D');
INSERT INTO people VALUES(200007, 'Vera', 'Farmiga', NULL, NULL, 'F');
INSERT INTO credits VALUES(200003, 200007, 'A');
INSERT INTO movies VALUES(200004, 'Her', 'en', 2013, 90);
INSERT INTO people VALUES(200008, 'Spike', 'Jonze', NULL, NULL, 'M');
INSERT INTO credits VALUES(200004, 200008, 'D');
INSERT INTO people VALUES(200009, 'Joaquin', 'Phoenix', NULL, NULL, 'M');
INSERT INTO credits VALUES(200004, 200009, 'A');
INSERT INTO movies VALUES(200005, 'The Haunting in Connecticut 2: Ghosts of Georgia', 'en', 2013, 90);
INSERT INTO people VALUES(200010, 'Tom', 'Elkins', NULL, NULL, 'M');
INSERT INTO credits VALUES(200005, 200010, 'D');
INSERT INTO people VALUES(200011, 'Chad', 'Michael Murray', NULL, NULL, 'M');
INSERT INTO credits VALUES(200005, 200011, 'A');
INSERT INTO movies VALUES(200006, 'Iron Man 3', 'en', 2013, 90);
INSERT INTO people VALUES(200012, 'Shane', 'Black', NULL, NULL, 'M');
INSERT INTO credits VALUES(200006, 200012, 'D');
INSERT INTO people VALUES(200013, 'Robert', 'Downey Jr.', NULL, NULL, 'M');
INSERT INTO credits VALUES(200006, 200013, 'A');
INSERT INTO movies VALUES(200007, 'And Now a Word from Our Sponsor', 'en', 2013, 90);
INSERT INTO people VALUES(200014, 'Zack', 'Bernbaum', NULL, NULL, 'M');
INSERT INTO credits VALUES(200007, 200014, 'D');
INSERT INTO people VALUES(200015, 'Bruce', 'Greenwood', NULL, NULL, 'M');
INSERT INTO credits VALUES(200007, 200015, 'A');
INSERT INTO movies VALUES(200008, 'No Half Measures: Creating the Final Season of Breaking Bad', 'en', 2013, 90);
INSERT INTO people VALUES(200016, 'Stuart', 'Richardson', NULL, NULL, 'M');
INSERT INTO credits VALUES(200008, 200016, 'D');
INSERT INTO people VALUES(200017, 'Bryan', 'Cranston', NULL, NULL, 'M');
INSERT INTO credits VALUES(200008, 200017, 'A');
INSERT INTO movies VALUES(200009, 'The Hobbit: The Desolation of Smaug', 'en', 2013, 90);
INSERT INTO people VALUES(200018, 'Peter', 'Jackson', NULL, NULL, 'M');
INSERT INTO credits VALUES(200009, 200018, 'D');
INSERT INTO people VALUES(200019, 'Ian', 'McKellen', NULL, NULL, 'M');
INSERT INTO credits VALUES(200009, 200019, 'A');
INSERT INTO movies VALUES(200010, 'The Outsider: The Cinema of Antonio Margheriti', 'en', 2013, 90);
INSERT INTO people VALUES(200020, 'Edoardo', 'Margheriti', NULL, NULL, 'M');
INSERT INTO credits VALUES(200010, 200020, 'D');
INSERT INTO people VALUES(200021, 'Antonio', 'Margheriti', NULL, NULL, 'M');
INSERT INTO credits VALUES(200010, 200021, 'A');
INSERT INTO movies VALUES(200011, 'The Luck of the Ugly The Beauty Does Not Desire', 'es', 2013, 90);
INSERT INTO people VALUES(200022, 'Aurora', 'Martínez', NULL, NULL, 'M');
INSERT INTO credits VALUES(200011, 200022, 'D');
INSERT INTO people VALUES(200023, 'Ayelén', 'Muzo', NULL, NULL, 'F');
INSERT INTO credits VALUES(200011, 200023, 'A');
INSERT INTO movies VALUES(200012, 'Zip & Zap and the Marble Gang', 'es', 2013, 90);
INSERT INTO people VALUES(200024, 'Oskar', 'Santos', NULL, NULL, 'M');
INSERT INTO credits VALUES(200012, 200024, 'D');
INSERT INTO people VALUES(200025, 'Claudia', 'Vega', NULL, NULL, 'F');
INSERT INTO credits VALUES(200012, 200025, 'A');
INSERT INTO movies VALUES(200013, 'V/H/S/2', 'en', 2013, 90);
INSERT INTO people VALUES(200026, 'Simon', 'Barrett', NULL, NULL, 'M');
INSERT INTO credits VALUES(200013, 200026, 'D');
INSERT INTO people VALUES(200027, 'Lawrence', 'Michael Levine', NULL, NULL, 'M');
INSERT INTO credits VALUES(200013, 200027, 'A');
INSERT INTO movies VALUES(200014, 'Batman: The Dark Knight Returns, Part 2', 'en', 2013, 90);
INSERT INTO people VALUES(200028, 'Jay', 'Oliva', NULL, NULL, 'M');
INSERT INTO credits VALUES(200014, 200028, 'D');
INSERT INTO people VALUES(200029, 'Peter', 'Weller', NULL, NULL, 'M');
INSERT INTO credits VALUES(200014, 200029, 'A');
INSERT INTO movies VALUES(200015, 'That Thing You Love', 'es', 2013, 90);
INSERT INTO people VALUES(200030, 'Alvaro', 'Velarde', NULL, NULL, 'M');
INSERT INTO credits VALUES(200015, 200030, 'D');
INSERT INTO people VALUES(200031, 'Anémone', '', NULL, NULL, 'F');
INSERT INTO credits VALUES(200015, 200031, 'A');
INSERT INTO movies VALUES(200016, 'The Murder in Angel Lane', 'en', 2013, 90);
INSERT INTO people VALUES(200032, 'Christopher', 'Menaul', NULL, NULL, 'M');
INSERT INTO credits VALUES(200016, 200032, 'D');
INSERT INTO people VALUES(200033, 'Paddy', 'Considine', NULL, NULL, 'M');
INSERT INTO credits VALUES(200016, 200033, 'A');
INSERT INTO movies VALUES(200017, 'House of Anubis: The Touchstone of Ra', 'en', 2013, 90);
INSERT INTO people VALUES(200034, 'Angelo', 'Abela', NULL, NULL, 'M');
INSERT INTO credits VALUES(200017, 200034, 'D');
INSERT INTO people VALUES(200035, 'Burkely', 'Duffield', NULL, NULL, 'M');
INSERT INTO credits VALUES(200017, 200035, 'A');
INSERT INTO movies VALUES(200018, 'TPB AFK: The Pirate Bay - Away from Keyboard', 'sv', 2013, 90);
INSERT INTO people VALUES(200036, 'Simon', 'Klose', NULL, NULL, 'M');
INSERT INTO credits VALUES(200018, 200036, 'D');
INSERT INTO people VALUES(200037, 'Gottfrid', 'Svartholm', NULL, NULL, 'M');
INSERT INTO credits VALUES(200018, 200037, 'A');
INSERT INTO movies VALUES(200019, 'Man of Steel', 'en', 2013, 90);
INSERT INTO people VALUES(200038, 'Zack', 'Snyder', NULL, NULL, 'M');
INSERT INTO credits VALUES(200019, 200038, 'D');
INSERT INTO people VALUES(200039, 'Henry', 'Cavill', NULL, NULL, 'M');
INSERT INTO credits VALUES(200019, 200039, 'A');
INSERT INTO movies VALUES(200020, 'The Fire Rises: The Creation and Impact of The Dark Knight Trilogy', 'en', 2013, 90);
INSERT INTO people VALUES(200040, 'Jason', 'Hillhouse', NULL, NULL, 'M');
INSERT INTO credits VALUES(200020, 200040, 'D');
INSERT INTO people VALUES(200041, 'Michael', 'Uslan', NULL, NULL, 'M');
INSERT INTO credits VALUES(200020, 200041, 'A');
INSERT INTO movies VALUES(200021, 'The Smurfs: The Legend of Smurfy Hollow', 'en', 2013, 90);
INSERT INTO people VALUES(200042, 'Stephan', 'Franck', NULL, NULL, 'M');
INSERT INTO credits VALUES(200021, 200042, 'D');
INSERT INTO people VALUES(200043, 'Hank', 'Azaria', NULL, NULL, 'M');
INSERT INTO credits VALUES(200021, 200043, 'A');
INSERT INTO movies VALUES(200022, 'Grown Ups 2', 'en', 2013, 90);
INSERT INTO people VALUES(200044, 'Dennis', 'Dugan', NULL, NULL, 'M');
INSERT INTO credits VALUES(200022, 200044, 'D');
INSERT INTO people VALUES(200045, 'Adam', 'Sandler', NULL, NULL, 'M');
INSERT INTO credits VALUES(200022, 200045, 'A');
INSERT INTO movies VALUES(200023, 'Comment j''ai détesté les maths', 'fr', 2013, 90);
INSERT INTO people VALUES(200046, 'Olivier', 'Peyon', NULL, NULL, 'M');
INSERT INTO credits VALUES(200023, 200046, 'D');
INSERT INTO people VALUES(200047, 'Cédric', 'Villani', NULL, NULL, 'M');
INSERT INTO credits VALUES(200023, 200047, 'A');
INSERT INTO movies VALUES(200024, 'The World’s End: The Legacy of ''Day of the Dead''', 'en', 2013, 90);
INSERT INTO people VALUES(200048, 'Michael', 'Felsher', NULL, NULL, 'M');
INSERT INTO credits VALUES(200024, 200048, 'D');
INSERT INTO people VALUES(200049, 'Lori', 'Cardille', NULL, NULL, 'F');
INSERT INTO credits VALUES(200024, 200049, 'A');
INSERT INTO movies VALUES(200025, 'Pacific Rim', 'en', 2013, 90);
INSERT INTO people VALUES(200050, 'Guillermo', 'del Toro', NULL, NULL, 'M');
INSERT INTO credits VALUES(200025, 200050, 'D');
INSERT INTO people VALUES(200051, 'Charlie', 'Hunnam', NULL, NULL, 'M');
INSERT INTO credits VALUES(200025, 200051, 'A');
INSERT INTO movies VALUES(200026, 'Queens of Jazz: The Joy and Pain of the Jazz Divas', 'en', 2013, 90);
INSERT INTO people VALUES(200052, 'Chris', 'Rodley', NULL, NULL, 'M');
INSERT INTO credits VALUES(200026, 200052, 'D');
INSERT INTO people VALUES(200053, 'Peggy', 'Lee', NULL, NULL, 'F');
INSERT INTO credits VALUES(200026, 200053, 'A');
INSERT INTO movies VALUES(200027, 'Don''t Go In The Backwoods - Rural Rampages and the Horror Film', 'en', 2013, 90);
INSERT INTO people VALUES(200054, 'Calum', 'Waddell', NULL, NULL, 'M');
INSERT INTO credits VALUES(200027, 200054, 'D');
INSERT INTO movies VALUES(200028, 'The Smurfs 2', 'en', 2013, 90);
INSERT INTO people VALUES(200055, 'Raja', 'Gosnell', NULL, NULL, 'M');
INSERT INTO credits VALUES(200028, 200055, 'D');
INSERT INTO people VALUES(200056, 'Katy', 'Perry', NULL, NULL, 'F');
INSERT INTO credits VALUES(200028, 200056, 'A');
INSERT INTO movies VALUES(200029, 'Pleasure Spa', 'en', 2013, 90);
INSERT INTO people VALUES(200057, 'Jim', 'Wynorski', NULL, NULL, 'M');
INSERT INTO credits VALUES(200029, 200057, 'D');
INSERT INTO people VALUES(200058, 'Cindy', 'Lucas', NULL, NULL, 'F');
INSERT INTO credits VALUES(200029, 200058, 'A');
INSERT INTO movies VALUES(200030, 'The Adventurer: The Curse of the Midas Box', 'en', 2013, 90);
INSERT INTO people VALUES(200059, 'Jonathan', 'Newman', NULL, NULL, 'M');
INSERT INTO credits VALUES(200030, 200059, 'D');
INSERT INTO people VALUES(200060, 'Aneurin', 'Barnard', NULL, NULL, 'M');
INSERT INTO credits VALUES(200030, 200060, 'A');
INSERT INTO movies VALUES(200031, 'Move Me Brightly - Celebrating Jerry Garcia''s 70th Birthday', 'en', 2013, 90);
INSERT INTO people VALUES(200061, 'Justin', 'Kreutzmann', NULL, NULL, 'M');
INSERT INTO credits VALUES(200031, 200061, 'D');
INSERT INTO people VALUES(200062, 'Mike', 'Campbell', NULL, NULL, 'M');
INSERT INTO credits VALUES(200031, 200062, 'A');
INSERT INTO movies VALUES(200032, 'Despicable Me 2', 'en', 2013, 90);
INSERT INTO people VALUES(200063, 'Chris', 'Renaud', NULL, NULL, 'M');
INSERT INTO credits VALUES(200032, 200063, 'D');
INSERT INTO people VALUES(200064, 'Steve', 'Carell', NULL, NULL, 'M');
INSERT INTO credits VALUES(200032, 200064, 'A');
INSERT INTO movies VALUES(200033, 'Between Night and Day', 'es', 2013, 90);
INSERT INTO people VALUES(200065, 'Bernardo', 'Arellano', NULL, NULL, 'M');
INSERT INTO credits VALUES(200033, 200065, 'D');
INSERT INTO people VALUES(200066, 'Francisco', 'Cruz', NULL, NULL, 'M');
INSERT INTO credits VALUES(200033, 200066, 'A');
INSERT INTO movies VALUES(200034, 'Mama', 'en', 2013, 90);
INSERT INTO people VALUES(200067, 'Andy', 'Muschietti', NULL, NULL, 'M');
INSERT INTO credits VALUES(200034, 200067, 'D');
INSERT INTO people VALUES(200068, 'Jessica', 'Chastain', NULL, NULL, 'F');
INSERT INTO credits VALUES(200034, 200068, 'A');
INSERT INTO movies VALUES(200035, 'When Calls the Heart', 'en', 2013, 90);
INSERT INTO people VALUES(200069, 'Michael', 'Landon Jr.', NULL, NULL, 'M');
INSERT INTO credits VALUES(200035, 200069, 'D');
INSERT INTO people VALUES(200070, 'Maggie', 'Grace', NULL, NULL, 'F');
INSERT INTO credits VALUES(200035, 200070, 'A');
INSERT INTO movies VALUES(200036, 'Thor: The Dark World', 'en', 2013, 90);
INSERT INTO people VALUES(200071, 'Alan', 'Taylor', NULL, NULL, 'M');
INSERT INTO credits VALUES(200036, 200071, 'D');
INSERT INTO people VALUES(200072, 'Chris', 'Hemsworth', NULL, NULL, 'M');
INSERT INTO credits VALUES(200036, 200072, 'A');
INSERT INTO movies VALUES(200037, 'Prisoners', 'en', 2013, 90);
INSERT INTO people VALUES(200073, 'Denis', 'Villeneuve', NULL, NULL, 'M');
INSERT INTO credits VALUES(200037, 200073, 'D');
INSERT INTO people VALUES(200074, 'Hugh', 'Jackman', NULL, NULL, 'M');
INSERT INTO credits VALUES(200037, 200074, 'A');
INSERT INTO movies VALUES(200038, 'World War Z', 'en', 2013, 90);
INSERT INTO people VALUES(200075, 'Marc', 'Forster', NULL, NULL, 'M');
INSERT INTO credits VALUES(200038, 200075, 'D');
INSERT INTO people VALUES(200076, 'Brad', 'Pitt', NULL, NULL, 'M');
INSERT INTO credits VALUES(200038, 200076, 'A');
INSERT INTO movies VALUES(200039, 'I Don''t Know Whether to Slit My Wrists or Leave Them Long', 'es', 2013, 90);
INSERT INTO people VALUES(200077, 'Manolo', 'Caro', NULL, NULL, 'M');
INSERT INTO credits VALUES(200039, 200077, 'D');
INSERT INTO people VALUES(200078, 'Luis', 'Gerardo Méndez', NULL, NULL, 'M');
INSERT INTO credits VALUES(200039, 200078, 'A');
INSERT INTO movies VALUES(200040, 'Seventh Code', 'ja', 2013, 90);
INSERT INTO people VALUES(200079, 'Kiyoshi', 'Kurosawa', NULL, NULL, 'M');
INSERT INTO credits VALUES(200040, 200079, 'D');
INSERT INTO people VALUES(200080, 'Atsuko', 'Maeda', NULL, NULL, 'F');
INSERT INTO credits VALUES(200040, 200080, 'A');
INSERT INTO movies VALUES(200041, 'I am not a great actor', 'fr', 2013, 90);
INSERT INTO people VALUES(200081, 'Jean-Guillaume', 'Bastien', NULL, NULL, 'M');
INSERT INTO credits VALUES(200041, 200081, 'D');
INSERT INTO people VALUES(200082, 'Nico', 'Gagnon', NULL, NULL, 'M');
INSERT INTO credits VALUES(200041, 200082, 'A');
INSERT INTO movies VALUES(200042, 'Dr. Frankenstein''s Wax Museum of the Hungry Dead', 'en', 2013, 90);
INSERT INTO people VALUES(200083, 'Richard', 'Griffin', NULL, NULL, 'M');
INSERT INTO credits VALUES(200042, 200083, 'D');
INSERT INTO people VALUES(200084, 'Samantha', 'Acampora', NULL, NULL, 'F');
INSERT INTO credits VALUES(200042, 200084, 'A');
INSERT INTO movies VALUES(200043, 'The Improv: 50 Years Behind the Brick Wall', 'en', 2013, 90);
INSERT INTO credits VALUES(200043, 200045, 'A');
INSERT INTO movies VALUES(200044, 'A World Beyond', 'de', 2013, 90);
INSERT INTO people VALUES(200085, 'Heidi', 'Kranz', NULL, NULL, 'M');
INSERT INTO credits VALUES(200044, 200085, 'D');
INSERT INTO people VALUES(200086, 'Muriel', 'Baumeister', NULL, NULL, 'F');
INSERT INTO credits VALUES(200044, 200086, 'A');
INSERT INTO movies VALUES(200045, 'Snowpiercer', 'ko', 2013, 90);
INSERT INTO people VALUES(200087, 'Bong', 'Joon Ho', NULL, NULL, 'M');
INSERT INTO credits VALUES(200045, 200087, 'D');
INSERT INTO people VALUES(200088, 'Chris', 'Evans', NULL, NULL, 'M');
INSERT INTO credits VALUES(200045, 200088, 'A');
INSERT INTO movies VALUES(200046, 'The Croods', 'en', 2013, 90);
INSERT INTO people VALUES(200089, 'Kirk', 'DeMicco', NULL, NULL, 'M');
INSERT INTO credits VALUES(200046, 200089, 'D');
INSERT INTO people VALUES(200090, 'Nicolas', 'Cage', NULL, NULL, 'M');
INSERT INTO credits VALUES(200046, 200090, 'A');
INSERT INTO movies VALUES(200047, 'Nymphomaniac: Vol. II', 'en', 2013, 90);
INSERT INTO people VALUES(200091, 'Lars', 'von Trier', NULL, NULL, 'M');
INSERT INTO credits VALUES(200047, 200091, 'D');
INSERT INTO people VALUES(200092, 'Charlotte', 'Gainsbourg', NULL, NULL, 'F');
INSERT INTO credits VALUES(200047, 200092, 'A');
INSERT INTO movies VALUES(200048, 'The Purge', 'en', 2013, 90);
INSERT INTO people VALUES(200093, 'James', 'DeMonaco', NULL, NULL, 'M');
INSERT INTO credits VALUES(200048, 200093, 'D');
INSERT INTO people VALUES(200094, 'Ethan', 'Hawke', NULL, NULL, 'M');
INSERT INTO credits VALUES(200048, 200094, 'A');
INSERT INTO movies VALUES(200049, 'Der Ring des Nibelungen: Die Tetralogie an einem Abend mit Marionetten und Menschen', 'en', 2013, 90);
INSERT INTO people VALUES(200095, 'Christiani', 'Wetter', NULL, NULL, 'M');
INSERT INTO credits VALUES(200049, 200095, 'A');
INSERT INTO movies VALUES(200050, 'The Wiggles: Go Santa Go', 'en', 2013, 90);
INSERT INTO people VALUES(200096, 'Paul', 'Field', NULL, NULL, 'M');
INSERT INTO credits VALUES(200050, 200096, 'D');
INSERT INTO people VALUES(200097, 'Emma', 'Watkins', NULL, NULL, 'F');
INSERT INTO credits VALUES(200050, 200097, 'A');
INSERT INTO movies VALUES(200051, 'Insidious: Chapter 2', 'en', 2013, 90);
INSERT INTO credits VALUES(200051, 200006, 'D');
INSERT INTO people VALUES(200098, 'Patrick', 'Wilson', NULL, NULL, 'M');
INSERT INTO credits VALUES(200051, 200098, 'A');
INSERT INTO movies VALUES(200052, 'After the Death of Volker Figge', 'de', 2013, 90);
INSERT INTO people VALUES(200099, 'Mujtaba', 'Saeed', NULL, NULL, 'M');
INSERT INTO credits VALUES(200052, 200099, 'D');
INSERT INTO movies VALUES(200053, 'About Time', 'en', 2013, 90);
INSERT INTO people VALUES(200100, 'Richard', 'Curtis', NULL, NULL, 'M');
INSERT INTO credits VALUES(200053, 200100, 'D');
INSERT INTO people VALUES(200101, 'Domhnall', 'Gleeson', NULL, NULL, 'M');
INSERT INTO credits VALUES(200053, 200101, 'A');
INSERT INTO movies VALUES(200054, 'Ein Sommer in Portugal', 'de', 2013, 90);
INSERT INTO people VALUES(200102, 'Michael', 'Keusch', NULL, NULL, 'M');
INSERT INTO credits VALUES(200054, 200102, 'D');
INSERT INTO people VALUES(200103, 'Gesine', 'Cukrowski', NULL, NULL, 'F');
INSERT INTO credits VALUES(200054, 200103, 'A');
INSERT INTO movies VALUES(200055, 'Alpha and Omega 2: A Howl-iday Adventure', 'en', 2013, 90);
INSERT INTO people VALUES(200104, 'Richard', 'Rich', NULL, NULL, 'M');
INSERT INTO credits VALUES(200055, 200104, 'D');
INSERT INTO people VALUES(200105, 'Ben', 'Diskin', NULL, NULL, 'M');
INSERT INTO credits VALUES(200055, 200105, 'A');
INSERT INTO movies VALUES(200056, 'Ce sera tout pour aujourd''hui', 'fr', 2013, 90);
INSERT INTO people VALUES(200106, 'Élodie', 'Navarre', NULL, NULL, 'M');
INSERT INTO credits VALUES(200056, 200106, 'D');
INSERT INTO people VALUES(200107, 'Maud', 'Baecker', NULL, NULL, 'F');
INSERT INTO credits VALUES(200056, 200107, 'A');
INSERT INTO movies VALUES(200057, 'The Ultimate Life', 'en', 2013, 90);
INSERT INTO credits VALUES(200057, 200069, 'D');
INSERT INTO people VALUES(200108, 'Peter', 'Fonda', NULL, NULL, 'M');
INSERT INTO credits VALUES(200057, 200108, 'A');
INSERT INTO movies VALUES(200058, 'The Mortal Instruments: City of Bones', 'en', 2013, 90);
INSERT INTO people VALUES(200109, 'Harald', 'Zwart', NULL, NULL, 'M');
INSERT INTO credits VALUES(200058, 200109, 'D');
INSERT INTO people VALUES(200110, 'Lily', 'Collins', NULL, NULL, 'F');
INSERT INTO credits VALUES(200058, 200110, 'A');
INSERT INTO movies VALUES(200059, 'Mein Sommer ''88 - Wie die Stars die DDR rockten', 'de', 2013, 90);
INSERT INTO people VALUES(200111, 'Daniel', 'Remsperger', NULL, NULL, 'M');
INSERT INTO credits VALUES(200059, 200111, 'D');
INSERT INTO people VALUES(200112, 'Joe', 'Cocker', NULL, NULL, 'M');
INSERT INTO credits VALUES(200059, 200112, 'A');
INSERT INTO movies VALUES(200060, 'Homefront', 'en', 2013, 90);
INSERT INTO people VALUES(200113, 'Gary', 'Fleder', NULL, NULL, 'M');
INSERT INTO credits VALUES(200060, 200113, 'D');
INSERT INTO people VALUES(200114, 'Jason', 'Statham', NULL, NULL, 'M');
INSERT INTO credits VALUES(200060, 200114, 'A');
INSERT INTO movies VALUES(200061, 'Final Recipe', 'en', 2013, 90);
INSERT INTO people VALUES(200115, 'Gina', 'Kim', NULL, NULL, 'M');
INSERT INTO credits VALUES(200061, 200115, 'D');
INSERT INTO people VALUES(200116, 'Michelle', 'Yeoh', NULL, NULL, 'F');
INSERT INTO credits VALUES(200061, 200116, 'A');
INSERT INTO movies VALUES(200062, 'My Time with Terror with Jamie Lee Curtis', 'en', 2013, 90);
INSERT INTO people VALUES(200117, 'Jamie', 'Lee Curtis', NULL, NULL, 'F');
INSERT INTO credits VALUES(200062, 200117, 'A');
INSERT INTO movies VALUES(200063, 'Fighting for a Generation: 20 Years of the UFC', 'en', 2013, 90);
INSERT INTO people VALUES(200118, 'Adam', 'Condal', NULL, NULL, 'M');
INSERT INTO credits VALUES(200063, 200118, 'D');
INSERT INTO people VALUES(200119, 'Dana', 'White', NULL, NULL, 'M');
INSERT INTO credits VALUES(200063, 200119, 'A');
INSERT INTO movies VALUES(200064, '12 Years a Slave', 'en', 2013, 90);
INSERT INTO people VALUES(200120, 'Steve', 'McQueen', NULL, NULL, 'M');
INSERT INTO credits VALUES(200064, 200120, 'D');
INSERT INTO people VALUES(200121, 'Chiwetel', 'Ejiofor', NULL, NULL, 'M');
INSERT INTO credits VALUES(200064, 200121, 'A');
INSERT INTO movies VALUES(200065, 'Monsters University', 'en', 2013, 90);
INSERT INTO people VALUES(200122, 'Dan', 'Scanlon', NULL, NULL, 'M');
INSERT INTO credits VALUES(200065, 200122, 'D');
INSERT INTO people VALUES(200123, 'Billy', 'Crystal', NULL, NULL, 'M');
INSERT INTO credits VALUES(200065, 200123, 'A');
INSERT INTO movies VALUES(200066, 'Don''t Say No Until I Finish Talking: The Story of Richard D. Zanuck', 'en', 2013, 90);
INSERT INTO people VALUES(200124, 'Laurent', 'Bouzereau', NULL, NULL, 'M');
INSERT INTO credits VALUES(200066, 200124, 'D');
INSERT INTO people VALUES(200125, 'Steven', 'Spielberg', NULL, NULL, 'M');
INSERT INTO credits VALUES(200066, 200125, 'A');
INSERT INTO movies VALUES(200067, 'Ninpuu Sentai Hurricaneger: 10 YEARS AFTER', 'ja', 2013, 90);
INSERT INTO people VALUES(200126, 'Katsuya', 'Watanabe', NULL, NULL, 'M');
INSERT INTO credits VALUES(200067, 200126, 'D');
INSERT INTO people VALUES(200127, 'Shun', 'Shioya', NULL, NULL, 'M');
INSERT INTO credits VALUES(200067, 200127, 'A');
INSERT INTO movies VALUES(200068, 'The Arrested Development Documentary Project', 'en', 2013, 90);
INSERT INTO people VALUES(200128, 'Jeff', 'Smith', NULL, NULL, 'M');
INSERT INTO credits VALUES(200068, 200128, 'D');
INSERT INTO people VALUES(200129, 'Mitchell', 'Hurwitz', NULL, NULL, 'M');
INSERT INTO credits VALUES(200068, 200129, 'A');
INSERT INTO movies VALUES(200069, 'Aashiqui 2', 'hi', 2013, 90);
INSERT INTO people VALUES(200130, 'Mohit', 'Suri', NULL, NULL, 'M');
INSERT INTO credits VALUES(200069, 200130, 'D');
INSERT INTO people VALUES(200131, 'Aditya', 'Roy Kapur', NULL, NULL, 'M');
INSERT INTO credits VALUES(200069, 200131, 'A');
INSERT INTO movies VALUES(200070, 'Shortcuts to Hell: Volume 1', 'en', 2013, 90);
INSERT INTO people VALUES(200132, 'Alex', 'Chandon', NULL, NULL, 'M');
INSERT INTO credits VALUES(200070, 200132, 'D');
INSERT INTO people VALUES(200133, 'Joanne', 'Mitchell', NULL, NULL, 'F');
INSERT INTO credits VALUES(200070, 200133, 'A');
INSERT INTO movies VALUES(200071, 'Java Heat', 'en', 2013, 90);
INSERT INTO people VALUES(200134, 'Conor', 'Allyn', NULL, NULL, 'M');
INSERT INTO credits VALUES(200071, 200134, 'D');
INSERT INTO people VALUES(200135, 'Kellan', 'Lutz', NULL, NULL, 'M');
INSERT INTO credits VALUES(200071, 200135, 'A');
INSERT INTO movies VALUES(200072, 'Rush', 'en', 2013, 90);
INSERT INTO people VALUES(200136, 'Ron', 'Howard', NULL, NULL, 'M');
INSERT INTO credits VALUES(200072, 200136, 'D');
INSERT INTO credits VALUES(200072, 200072, 'A');
INSERT INTO movies VALUES(200073, 'Rodgers and Hammerstein''s Carousel: Live from Lincoln Center', 'en', 2013, 90);
INSERT INTO people VALUES(200137, 'Glenn', 'Weiss', NULL, NULL, 'M');
INSERT INTO credits VALUES(200073, 200137, 'D');
INSERT INTO people VALUES(200138, 'Kelli', 'O''Hara', NULL, NULL, 'F');
INSERT INTO credits VALUES(200073, 200138, 'A');
INSERT INTO movies VALUES(200074, 'It Boy', 'fr', 2013, 90);
INSERT INTO people VALUES(200139, 'David', 'Moreau', NULL, NULL, 'M');
INSERT INTO credits VALUES(200074, 200139, 'D');
INSERT INTO people VALUES(200140, 'Virginie', 'Efira', NULL, NULL, 'F');
INSERT INTO credits VALUES(200074, 200140, 'A');
INSERT INTO movies VALUES(200075, 'I Thought It Was a Party', 'es', 2013, 90);
INSERT INTO people VALUES(200141, 'Victoria', 'Galardi', NULL, NULL, 'M');
INSERT INTO credits VALUES(200075, 200141, 'D');
INSERT INTO people VALUES(200142, 'Elena', 'Anaya', NULL, NULL, 'F');
INSERT INTO credits VALUES(200075, 200142, 'A');
INSERT INTO movies VALUES(200076, 'The Hunger Games: Catching Fire', 'en', 2013, 90);
INSERT INTO people VALUES(200143, 'Francis', 'Lawrence', NULL, NULL, 'M');
INSERT INTO credits VALUES(200076, 200143, 'D');
INSERT INTO people VALUES(200144, 'Jennifer', 'Lawrence', NULL, NULL, 'F');
INSERT INTO credits VALUES(200076, 200144, 'A');
INSERT INTO movies VALUES(200077, 'Once Upon a Time... ''The Discreet Charm of the Bourgeoisie''', 'fr', 2013, 90);
INSERT INTO people VALUES(200145, 'Anne', 'Andreu', NULL, NULL, 'M');
INSERT INTO credits VALUES(200077, 200145, 'D');
INSERT INTO people VALUES(200146, 'Jean-Claude', 'Carrière', NULL, NULL, 'M');
INSERT INTO credits VALUES(200077, 200146, 'A');
INSERT INTO movies VALUES(200078, 'If These Knishes Could Talk: The Story of the NY Accent', 'en', 2013, 90);
INSERT INTO people VALUES(200147, 'Heather', 'Quinlan', NULL, NULL, 'M');
INSERT INTO credits VALUES(200078, 200147, 'D');
INSERT INTO people VALUES(200148, 'Penny', 'Marshall', NULL, NULL, 'F');
INSERT INTO credits VALUES(200078, 200148, 'A');
INSERT INTO movies VALUES(200079, 'Mobília em Casa – Móveis Coloniais de Acaju e a Cidade', 'pt', 2013, 90);
INSERT INTO people VALUES(200149, 'José', 'Eduardo Belmonte', NULL, NULL, 'M');
INSERT INTO credits VALUES(200079, 200149, 'D');
INSERT INTO people VALUES(200150, 'Adirley', 'Queirós', NULL, NULL, 'M');
INSERT INTO credits VALUES(200079, 200150, 'A');
INSERT INTO movies VALUES(200080, 'Return to Nim''s Island', 'en', 2013, 90);
INSERT INTO people VALUES(200151, 'Brendan', 'Maher', NULL, NULL, 'M');
INSERT INTO credits VALUES(200080, 200151, 'D');
INSERT INTO people VALUES(200152, 'Matthew', 'Lillard', NULL, NULL, 'M');
INSERT INTO credits VALUES(200080, 200152, 'A');
INSERT INTO movies VALUES(200081, 'Adjust Your Tracking: The Untold Story of the VHS Collector', 'en', 2013, 90);
INSERT INTO people VALUES(200153, 'Dan', 'M. Kinem', NULL, NULL, 'M');
INSERT INTO credits VALUES(200081, 200153, 'D');
INSERT INTO people VALUES(200154, 'Lloyd', 'Kaufman', NULL, NULL, 'M');
INSERT INTO credits VALUES(200081, 200154, 'A');
INSERT INTO movies VALUES(200082, 'Blue Is the Warmest Color', 'fr', 2013, 90);
INSERT INTO people VALUES(200155, 'Abdellatif', 'Kechiche', NULL, NULL, 'M');
INSERT INTO credits VALUES(200082, 200155, 'D');
INSERT INTO people VALUES(200156, 'Léa', 'Seydoux', NULL, NULL, 'F');
INSERT INTO credits VALUES(200082, 200156, 'A');
INSERT INTO movies VALUES(200083, 'Oblivion', 'en', 2013, 90);
INSERT INTO people VALUES(200157, 'Joseph', 'Kosinski', NULL, NULL, 'M');
INSERT INTO credits VALUES(200083, 200157, 'D');
INSERT INTO people VALUES(200158, 'Tom', 'Cruise', NULL, NULL, 'M');
INSERT INTO credits VALUES(200083, 200158, 'A');
INSERT INTO movies VALUES(200084, 'Don Jon', 'en', 2013, 90);
INSERT INTO people VALUES(200159, 'Joseph', 'Gordon-Levitt', NULL, NULL, 'M');
INSERT INTO credits VALUES(200084, 200159, 'D');
INSERT INTO credits VALUES(200084, 200159, 'A');
INSERT INTO movies VALUES(200085, 'I Just to want live - train 8017 last stop (Volevo solo vivere -treno 8017 Ultima fermata', 'it', 2013, 90);
INSERT INTO people VALUES(200160, 'Carlo', 'Croccolo', NULL, NULL, 'M');
INSERT INTO credits VALUES(200085, 200160, 'A');
INSERT INTO movies VALUES(200086, 'A Life in the Death of Joe Meek', 'en', 2013, 90);
INSERT INTO people VALUES(200161, 'Susan', 'Stahman', NULL, NULL, 'M');
INSERT INTO credits VALUES(200086, 200161, 'D');
INSERT INTO people VALUES(200162, 'Dave', 'Adams', NULL, NULL, 'M');
INSERT INTO credits VALUES(200086, 200162, 'A');
INSERT INTO movies VALUES(200087, '30 Nights of Paranormal Activity With the Devil Inside the Girl With the Dragon Tattoo', 'en', 2013, 90);
INSERT INTO people VALUES(200163, 'Craig', 'Moss', NULL, NULL, 'M');
INSERT INTO credits VALUES(200087, 200163, 'D');
INSERT INTO people VALUES(200164, 'Kathryn', 'Fiore', NULL, NULL, 'F');
INSERT INTO credits VALUES(200087, 200164, 'A');
INSERT INTO movies VALUES(200088, 'Galileo XX', 'ja', 2013, 90);
INSERT INTO people VALUES(200165, 'Hiroshi', 'Nishitani', NULL, NULL, 'M');
INSERT INTO credits VALUES(200088, 200165, 'D');
INSERT INTO people VALUES(200166, 'Ko', 'Shibasaki', NULL, NULL, 'F');
INSERT INTO credits VALUES(200088, 200166, 'A');
INSERT INTO movies VALUES(200089, 'Life Is Not for Cowards', 'de', 2013, 90);
INSERT INTO people VALUES(200167, 'André', 'Erkau', NULL, NULL, 'M');
INSERT INTO credits VALUES(200089, 200167, 'D');
INSERT INTO people VALUES(200168, 'Wotan', 'Wilke Möhring', NULL, NULL, 'M');
INSERT INTO credits VALUES(200089, 200168, 'A');
INSERT INTO movies VALUES(200090, 'Sinais de Cinza, A Peleja de Olney Contra o Dragão da Maldade', 'pt', 2013, 90);
INSERT INTO people VALUES(200169, 'Henrique', 'Dantas', NULL, NULL, 'M');
INSERT INTO credits VALUES(200090, 200169, 'D');
INSERT INTO people VALUES(200170, 'Orlando', 'Senna', NULL, NULL, 'M');
INSERT INTO credits VALUES(200090, 200170, 'A');
INSERT INTO movies VALUES(200091, 'Help Me I Am Dead - Die Geschichte der Anderen', 'de', 2013, 90);
INSERT INTO people VALUES(200171, 'Andreas', 'Bethmann', NULL, NULL, 'M');
INSERT INTO credits VALUES(200091, 200171, 'D');
INSERT INTO people VALUES(200172, 'Margarethe', 'von Stern', NULL, NULL, 'F');
INSERT INTO credits VALUES(200091, 200172, 'A');
INSERT INTO movies VALUES(200092, 'The Five(ish) Doctors Reboot', 'en', 2013, 90);
INSERT INTO people VALUES(200173, 'Peter', 'Davison', NULL, NULL, 'M');
INSERT INTO credits VALUES(200092, 200173, 'D');
INSERT INTO credits VALUES(200092, 200173, 'A');
INSERT INTO movies VALUES(200093, 'Adriano Olivetti - La forza di un sogno', 'it', 2013, 90);
INSERT INTO people VALUES(200174, 'Michele', 'Soavi', NULL, NULL, 'M');
INSERT INTO credits VALUES(200093, 200174, 'D');
INSERT INTO people VALUES(200175, 'Luca', 'Zingaretti', NULL, NULL, 'M');
INSERT INTO credits VALUES(200093, 200175, 'A');
INSERT INTO movies VALUES(200094, 'The Hangover Part III', 'en', 2013, 90);
INSERT INTO people VALUES(200176, 'Todd', 'Phillips', NULL, NULL, 'M');
INSERT INTO credits VALUES(200094, 200176, 'D');
INSERT INTO people VALUES(200177, 'Bradley', 'Cooper', NULL, NULL, 'M');
INSERT INTO credits VALUES(200094, 200177, 'A');
INSERT INTO movies VALUES(200095, 'The Longest Distance', 'es', 2013, 90);
INSERT INTO people VALUES(200178, 'Claudia', 'Pinto Emperador', NULL, NULL, 'M');
INSERT INTO credits VALUES(200095, 200178, 'D');
INSERT INTO people VALUES(200179, 'Carme', 'Elias', NULL, NULL, 'F');
INSERT INTO credits VALUES(200095, 200179, 'A');
INSERT INTO movies VALUES(200096, 'Barber''s Tales', 'tl', 2013, 90);
INSERT INTO people VALUES(200180, 'Jun', 'Lana', NULL, NULL, 'M');
INSERT INTO credits VALUES(200096, 200180, 'D');
INSERT INTO people VALUES(200181, 'Eugene', 'Domingo', NULL, NULL, 'F');
INSERT INTO credits VALUES(200096, 200181, 'A');
INSERT INTO movies VALUES(200097, 'Dead Man''s Party: The Making of Halloween 5', 'en', 2013, 90);
INSERT INTO people VALUES(200182, 'Andrew', 'Kasch', NULL, NULL, 'M');
INSERT INTO credits VALUES(200097, 200182, 'D');
INSERT INTO people VALUES(200183, 'Danielle', 'Harris', NULL, NULL, 'F');
INSERT INTO credits VALUES(200097, 200183, 'A');
INSERT INTO movies VALUES(200098, 'Rich Man, Poor Woman in New York', 'ja', 2013, 90);
INSERT INTO people VALUES(200184, 'Masaki', 'Nishiura', NULL, NULL, 'M');
INSERT INTO credits VALUES(200098, 200184, 'D');
INSERT INTO people VALUES(200185, 'Shun', 'Oguri', NULL, NULL, 'M');
INSERT INTO credits VALUES(200098, 200185, 'A');
INSERT INTO movies VALUES(200099, 'Martin Luther King and the March on Washington', 'en', 2013, 90);
INSERT INTO people VALUES(200186, 'John', 'Akomfrah', NULL, NULL, 'M');
INSERT INTO credits VALUES(200099, 200186, 'D');
INSERT INTO people VALUES(200187, 'Martin', 'Luther King Jr.', NULL, NULL, 'M');
INSERT INTO credits VALUES(200099, 200187, 'A');
INSERT INTO movies VALUES(200100, 'Interstellar', 'en', 2014, 90);
INSERT INTO people VALUES(200188, 'Christopher', 'Nolan', NULL, NULL, 'M');
INSERT INTO credits VALUES(200100, 200188, 'D');
INSERT INTO people VALUES(200189, 'Matthew', 'McConaughey', NULL, NULL, 'M');
INSERT INTO credits VALUES(200100, 200189, 'A');
INSERT INTO movies VALUES(200101, 'The Monuments Men', 'en', 2014, 90);
INSERT INTO people VALUES(200190, 'George', 'Clooney', NULL, NULL, 'M');
INSERT INTO credits VALUES(200101, 200190, 'D');
INSERT INTO credits VALUES(200101, 200190, 'A');
INSERT INTO movies VALUES(200102, 'How to Train Your Dragon 2', 'en', 2014, 90);
INSERT INTO people VALUES(200191, 'Dean', 'DeBlois', NULL, NULL, 'M');
INSERT INTO credits VALUES(200102, 200191, 'D');
INSERT INTO people VALUES(200192, 'Jay', 'Baruchel', NULL, NULL, 'M');
INSERT INTO credits VALUES(200102, 200192, 'A');
INSERT INTO movies VALUES(200103, 'The Hobbit: The Battle of the Five Armies', 'en', 2014, 90);
INSERT INTO credits VALUES(200103, 200018, 'D');
INSERT INTO credits VALUES(200103, 200019, 'A');
INSERT INTO movies VALUES(200104, 'The Maze Runner', 'en', 2014, 90);
INSERT INTO people VALUES(200193, 'Wes', 'Ball', NULL, NULL, 'M');
INSERT INTO credits VALUES(200104, 200193, 'D');
INSERT INTO people VALUES(200194, 'Dylan', 'O''Brien', NULL, NULL, 'M');
INSERT INTO credits VALUES(200104, 200194, 'A');
INSERT INTO movies VALUES(200105, 'I Am Happiness on Earth', 'es', 2014, 90);
INSERT INTO people VALUES(200195, 'Julián', 'Hernández', NULL, NULL, 'M');
INSERT INTO credits VALUES(200105, 200195, 'D');
INSERT INTO people VALUES(200196, 'Hugo', 'Catalán', NULL, NULL, 'M');
INSERT INTO credits VALUES(200105, 200196, 'A');
INSERT INTO movies VALUES(200106, 'The Equalizer', 'en', 2014, 90);
INSERT INTO people VALUES(200197, 'Antoine', 'Fuqua', NULL, NULL, 'M');
INSERT INTO credits VALUES(200106, 200197, 'D');
INSERT INTO people VALUES(200198, 'Denzel', 'Washington', NULL, NULL, 'M');
INSERT INTO credits VALUES(200106, 200198, 'A');
INSERT INTO movies VALUES(200107, 'JFK to 9/11: Everything is a Rich Man''s Trick', 'en', 2014, 90);
INSERT INTO people VALUES(200199, 'Francis', 'Richard Conolly', NULL, NULL, 'M');
INSERT INTO credits VALUES(200107, 200199, 'A');
INSERT INTO movies VALUES(200108, 'The Signal', 'en', 2014, 90);
INSERT INTO people VALUES(200200, 'William', 'Eubank', NULL, NULL, 'M');
INSERT INTO credits VALUES(200108, 200200, 'D');
INSERT INTO people VALUES(200201, 'Brenton', 'Thwaites', NULL, NULL, 'M');
INSERT INTO credits VALUES(200108, 200201, 'A');
INSERT INTO movies VALUES(200109, 'Fury', 'en', 2014, 90);
INSERT INTO people VALUES(200202, 'David', 'Ayer', NULL, NULL, 'M');
INSERT INTO credits VALUES(200109, 200202, 'D');
INSERT INTO credits VALUES(200109, 200076, 'A');
INSERT INTO movies VALUES(200110, 'Big Hero 6', 'en', 2014, 90);
INSERT INTO people VALUES(200203, 'Chris', 'Williams', NULL, NULL, 'M');
INSERT INTO credits VALUES(200110, 200203, 'D');
INSERT INTO people VALUES(200204, 'Scott', 'Adsit', NULL, NULL, 'M');
INSERT INTO credits VALUES(200110, 200204, 'A');
INSERT INTO movies VALUES(200111, 'The Satellite Girl and Milk Cow', 'ko', 2014, 90);
INSERT INTO people VALUES(200205, 'Chang', 'Hyung-yun', NULL, NULL, 'M');
INSERT INTO credits VALUES(200111, 200205, 'D');
INSERT INTO people VALUES(200206, 'Yoo', 'Ah-in', NULL, NULL, 'M');
INSERT INTO credits VALUES(200111, 200206, 'A');
INSERT INTO movies VALUES(200112, 'Whiplash', 'en', 2014, 90);
INSERT INTO people VALUES(200207, 'Damien', 'Chazelle', NULL, NULL, 'M');
INSERT INTO credits VALUES(200112, 200207, 'D');
INSERT INTO people VALUES(200208, 'Miles', 'Teller', NULL, NULL, 'M');
INSERT INTO credits VALUES(200112, 200208, 'A');
INSERT INTO movies VALUES(200113, 'The Outlaw League', 'fr', 2014, 90);
INSERT INTO people VALUES(200209, 'Jean', 'Beaudry', NULL, NULL, 'M');
INSERT INTO credits VALUES(200113, 200209, 'D');
INSERT INTO people VALUES(200210, 'André', 'Kasper', NULL, NULL, 'M');
INSERT INTO credits VALUES(200113, 200210, 'A');
INSERT INTO movies VALUES(200114, 'Ingrid & Lola: Road to Manta Corridor', 'fr', 2014, 90);
INSERT INTO people VALUES(200211, 'Jérôme', 'Foulon', NULL, NULL, 'M');
INSERT INTO credits VALUES(200114, 200211, 'D');
INSERT INTO people VALUES(200212, 'Muriel', 'Robin', NULL, NULL, 'F');
INSERT INTO credits VALUES(200114, 200212, 'A');
INSERT INTO movies VALUES(200115, 'The Woman Who Speaks With the Dead', 'es', 2014, 90);
INSERT INTO people VALUES(200213, 'César', 'del Álamo', NULL, NULL, 'M');
INSERT INTO credits VALUES(200115, 200213, 'D');
INSERT INTO people VALUES(200214, 'Ruxandra', 'Oancea', NULL, NULL, 'M');
INSERT INTO credits VALUES(200115, 200214, 'A');
INSERT INTO movies VALUES(200116, 'Dying Beyond Their Means', 'es', 2014, 90);
INSERT INTO people VALUES(200215, 'Isaki', 'Lacuesta', NULL, NULL, 'M');
INSERT INTO credits VALUES(200116, 200215, 'D');
INSERT INTO people VALUES(200216, 'Raúl', 'Arévalo', NULL, NULL, 'M');
INSERT INTO credits VALUES(200116, 200216, 'A');
INSERT INTO movies VALUES(200117, 'Gone Girl', 'en', 2014, 90);
INSERT INTO people VALUES(200217, 'David', 'Fincher', NULL, NULL, 'M');
INSERT INTO credits VALUES(200117, 200217, 'D');
INSERT INTO people VALUES(200218, 'Ben', 'Affleck', NULL, NULL, 'M');
INSERT INTO credits VALUES(200117, 200218, 'A');
INSERT INTO movies VALUES(200118, 'The Hunger Games: Mockingjay - Part 1', 'en', 2014, 90);
INSERT INTO credits VALUES(200118, 200143, 'D');
INSERT INTO credits VALUES(200118, 200144, 'A');
INSERT INTO movies VALUES(200119, 'C''era una volta il prossimamente', 'en', 2014, 90);
INSERT INTO people VALUES(200219, 'Fabio', 'Micolano', NULL, NULL, 'M');
INSERT INTO credits VALUES(200119, 200219, 'D');
INSERT INTO people VALUES(200220, 'Walter', 'Veltroni', NULL, NULL, 'M');
INSERT INTO credits VALUES(200119, 200220, 'A');
INSERT INTO movies VALUES(200120, 'The Metropolitan Opera: Il Barbiere di Siviglia', 'it', 2014, 90);
INSERT INTO people VALUES(200221, 'Isabel', 'Leonard', NULL, NULL, 'F');
INSERT INTO credits VALUES(200120, 200221, 'A');
INSERT INTO movies VALUES(200121, 'The Imitation Game', 'en', 2014, 90);
INSERT INTO people VALUES(200222, 'Morten', 'Tyldum', NULL, NULL, 'M');
INSERT INTO credits VALUES(200121, 200222, 'D');
INSERT INTO people VALUES(200223, 'Benedict', 'Cumberbatch', NULL, NULL, 'M');
INSERT INTO credits VALUES(200121, 200223, 'A');
INSERT INTO movies VALUES(200122, 'A Million Ways to Die in the West', 'en', 2014, 90);
INSERT INTO people VALUES(200224, 'Seth', 'MacFarlane', NULL, NULL, 'M');
INSERT INTO credits VALUES(200122, 200224, 'D');
INSERT INTO credits VALUES(200122, 200224, 'A');
INSERT INTO movies VALUES(200123, 'The Amazing Spider-Man 2', 'en', 2014, 90);
INSERT INTO people VALUES(200225, 'Marc', 'Webb', NULL, NULL, 'M');
INSERT INTO credits VALUES(200123, 200225, 'D');
INSERT INTO people VALUES(200226, 'Andrew', 'Garfield', NULL, NULL, 'M');
INSERT INTO credits VALUES(200123, 200226, 'A');
INSERT INTO movies VALUES(200124, 'Walt Disney e l''Italia - Una storia d''amore', 'it', 2014, 90);
INSERT INTO people VALUES(200227, 'Marco', 'Spagnoli', NULL, NULL, 'M');
INSERT INTO credits VALUES(200124, 200227, 'D');
INSERT INTO people VALUES(200228, 'Serena', 'Autieri', NULL, NULL, 'F');
INSERT INTO credits VALUES(200124, 200228, 'A');
INSERT INTO movies VALUES(200125, 'A Haunted House 2', 'en', 2014, 90);
INSERT INTO people VALUES(200229, 'Michael', 'Tiddes', NULL, NULL, 'M');
INSERT INTO credits VALUES(200125, 200229, 'D');
INSERT INTO people VALUES(200230, 'Marlon', 'Wayans', NULL, NULL, 'M');
INSERT INTO credits VALUES(200125, 200230, 'A');
INSERT INTO movies VALUES(200126, 'Prim: el asesinato de la calle del Turco', 'es', 2014, 90);
INSERT INTO people VALUES(200231, 'Miguel', 'Bardem', NULL, NULL, 'M');
INSERT INTO credits VALUES(200126, 200231, 'D');
INSERT INTO people VALUES(200232, 'Francesc', 'Orella', NULL, NULL, 'M');
INSERT INTO credits VALUES(200126, 200232, 'A');
INSERT INTO movies VALUES(200127, 'A Pigeon Sat on a Branch Reflecting on Existence', 'sv', 2014, 90);
INSERT INTO people VALUES(200233, 'Roy', 'Andersson', NULL, NULL, 'M');
INSERT INTO credits VALUES(200127, 200233, 'D');
INSERT INTO people VALUES(200234, 'Holger', 'Andersson', NULL, NULL, 'M');
INSERT INTO credits VALUES(200127, 200234, 'A');
INSERT INTO movies VALUES(200128, 'Better Living Through Chemistry', 'en', 2014, 90);
INSERT INTO people VALUES(200235, 'Geoff', 'Moore', NULL, NULL, 'M');
INSERT INTO credits VALUES(200128, 200235, 'D');
INSERT INTO people VALUES(200236, 'Sam', 'Rockwell', NULL, NULL, 'M');
INSERT INTO credits VALUES(200128, 200236, 'A');
INSERT INTO movies VALUES(200129, 'Transformers: Age of Extinction', 'en', 2014, 90);
INSERT INTO people VALUES(200237, 'Michael', 'Bay', NULL, NULL, 'M');
INSERT INTO credits VALUES(200129, 200237, 'D');
INSERT INTO people VALUES(200238, 'Mark', 'Wahlberg', NULL, NULL, 'M');
INSERT INTO credits VALUES(200129, 200238, 'A');
INSERT INTO movies VALUES(200130, 'How I Learned to Love the Numbers', 'de', 2014, 90);
INSERT INTO people VALUES(200239, 'Oliver', 'Sechting', NULL, NULL, 'M');
INSERT INTO credits VALUES(200130, 200239, 'D');
INSERT INTO credits VALUES(200130, 200239, 'A');
INSERT INTO movies VALUES(200131, 'Obsessed', 'ko', 2014, 90);
INSERT INTO people VALUES(200240, 'Kim', 'Dae-woo', NULL, NULL, 'M');
INSERT INTO credits VALUES(200131, 200240, 'D');
INSERT INTO people VALUES(200241, 'Song', 'Seung-heon', NULL, NULL, 'M');
INSERT INTO credits VALUES(200131, 200241, 'A');
INSERT INTO movies VALUES(200132, 'The Horrors of Hamilton High: The Making of Prom Night', 'en', 2014, 90);
INSERT INTO credits VALUES(200132, 200048, 'D');
INSERT INTO people VALUES(200242, 'Paul', 'Lynch', NULL, NULL, 'M');
INSERT INTO credits VALUES(200132, 200242, 'A');
INSERT INTO movies VALUES(200133, 'The 50 Best Horror Movies You''ve Never Seen', 'en', 2014, 90);
INSERT INTO people VALUES(200243, 'Anthony', 'Masi', NULL, NULL, 'M');
INSERT INTO credits VALUES(200133, 200243, 'D');
INSERT INTO people VALUES(200244, 'Peter', 'Atkins', NULL, NULL, 'M');
INSERT INTO credits VALUES(200133, 200244, 'A');
INSERT INTO movies VALUES(200134, 'Dawn of the Planet of the Apes', 'en', 2014, 90);
INSERT INTO people VALUES(200245, 'Matt', 'Reeves', NULL, NULL, 'M');
INSERT INTO credits VALUES(200134, 200245, 'D');
INSERT INTO people VALUES(200246, 'Andy', 'Serkis', NULL, NULL, 'M');
INSERT INTO credits VALUES(200134, 200246, 'A');
INSERT INTO movies VALUES(200135, 'Sweeney Todd: The Demon Barber of Fleet Street', 'en', 2014, 90);
INSERT INTO people VALUES(200247, 'Lonny', 'Price', NULL, NULL, 'M');
INSERT INTO credits VALUES(200135, 200247, 'D');
INSERT INTO people VALUES(200248, 'Bryn', 'Terfel', NULL, NULL, 'M');
INSERT INTO credits VALUES(200135, 200248, 'A');
INSERT INTO movies VALUES(200136, 'Annabelle', 'en', 2014, 90);
INSERT INTO people VALUES(200249, 'John', 'R. Leonetti', NULL, NULL, 'M');
INSERT INTO credits VALUES(200136, 200249, 'D');
INSERT INTO people VALUES(200250, 'Annabelle', 'Wallis', NULL, NULL, 'F');
INSERT INTO credits VALUES(200136, 200250, 'A');
INSERT INTO movies VALUES(200137, 'The Metropolitan Opera: The Marriage of Figaro', 'it', 2014, 90);
INSERT INTO people VALUES(200251, 'Gary', 'Halvorson', NULL, NULL, 'M');
INSERT INTO credits VALUES(200137, 200251, 'D');
INSERT INTO people VALUES(200252, 'Amanda', 'Majeski', NULL, NULL, 'M');
INSERT INTO credits VALUES(200137, 200252, 'A');
INSERT INTO movies VALUES(200138, 'The Jungle Bunch 2: The Great Treasure Quest', 'fr', 2014, 90);
INSERT INTO people VALUES(200253, 'Julien', 'Fournet', NULL, NULL, 'M');
INSERT INTO credits VALUES(200138, 200253, 'D');
INSERT INTO people VALUES(200254, 'Reba', 'Buhr', NULL, NULL, 'F');
INSERT INTO credits VALUES(200138, 200254, 'A');
INSERT INTO movies VALUES(200139, 'At the Waterfront After the Social: The Legacy of Sleepaway Camp', 'en', 2014, 90);
INSERT INTO people VALUES(200255, 'Justin', 'Beahm', NULL, NULL, 'M');
INSERT INTO credits VALUES(200139, 200255, 'D');
INSERT INTO people VALUES(200256, 'Paul', 'DeAngelo', NULL, NULL, 'M');
INSERT INTO credits VALUES(200139, 200256, 'A');
INSERT INTO movies VALUES(200140, 'X-Men: Days of Future Past', 'en', 2014, 90);
INSERT INTO people VALUES(200257, 'Bryan', 'Singer', NULL, NULL, 'M');
INSERT INTO credits VALUES(200140, 200257, 'D');
INSERT INTO credits VALUES(200140, 200074, 'A');
INSERT INTO movies VALUES(200141, 'Magician: The Astonishing Life and Work of Orson Welles', 'en', 2014, 90);
INSERT INTO people VALUES(200258, 'Chuck', 'Workman', NULL, NULL, 'M');
INSERT INTO credits VALUES(200141, 200258, 'D');
INSERT INTO people VALUES(200259, 'Simon', 'Callow', NULL, NULL, 'M');
INSERT INTO credits VALUES(200141, 200259, 'A');
INSERT INTO movies VALUES(200142, 'The Expendables 3', 'en', 2014, 90);
INSERT INTO people VALUES(200260, 'Patrick', 'Hughes', NULL, NULL, 'M');
INSERT INTO credits VALUES(200142, 200260, 'D');
INSERT INTO people VALUES(200261, 'Sylvester', 'Stallone', NULL, NULL, 'M');
INSERT INTO credits VALUES(200142, 200261, 'A');
INSERT INTO movies VALUES(200143, 'Maleficent', 'en', 2014, 90);
INSERT INTO people VALUES(200262, 'Robert', 'Stromberg', NULL, NULL, 'M');
INSERT INTO credits VALUES(200143, 200262, 'D');
INSERT INTO people VALUES(200263, 'Angelina', 'Jolie', NULL, NULL, 'F');
INSERT INTO credits VALUES(200143, 200263, 'A');
INSERT INTO movies VALUES(200144, 'Winston Churchill: A Giant in the Century', 'fr', 2014, 90);
INSERT INTO people VALUES(200264, 'David', 'Korn-Brzoza', NULL, NULL, 'M');
INSERT INTO credits VALUES(200144, 200264, 'D');
INSERT INTO people VALUES(200265, 'Vincent', 'Lindon', NULL, NULL, 'M');
INSERT INTO credits VALUES(200144, 200265, 'A');
INSERT INTO movies VALUES(200145, 'Mortadelo & Filemon: Mission Implausible', 'es', 2014, 90);
INSERT INTO people VALUES(200266, 'Javier', 'Fesser', NULL, NULL, 'M');
INSERT INTO credits VALUES(200145, 200266, 'D');
INSERT INTO people VALUES(200267, 'Karra', 'Elejalde', NULL, NULL, 'M');
INSERT INTO credits VALUES(200145, 200267, 'A');
INSERT INTO movies VALUES(200146, 'Charlottes Welt - Geht nicht, gibt''s nicht', 'de', 2014, 90);
INSERT INTO people VALUES(200268, 'Thomas', 'Nennstiel', NULL, NULL, 'M');
INSERT INTO credits VALUES(200146, 200268, 'D');
INSERT INTO people VALUES(200269, 'Aglaia', 'Szyszkowitz', NULL, NULL, 'F');
INSERT INTO credits VALUES(200146, 200269, 'A');
INSERT INTO movies VALUES(200147, 'Robot Chicken DC Comics Special II: Villains in Paradise', 'en', 2014, 90);
INSERT INTO people VALUES(200270, 'Zeb', 'Wells', NULL, NULL, 'M');
INSERT INTO credits VALUES(200147, 200270, 'D');
INSERT INTO people VALUES(200271, 'Seth', 'Green', NULL, NULL, 'M');
INSERT INTO credits VALUES(200147, 200271, 'A');
INSERT INTO movies VALUES(200148, 'La scuola più bella del mondo', 'it', 2014, 90);
INSERT INTO people VALUES(200272, 'Luca', 'Miniero', NULL, NULL, 'M');
INSERT INTO credits VALUES(200148, 200272, 'D');
INSERT INTO people VALUES(200273, 'Christian', 'De Sica', NULL, NULL, 'M');
INSERT INTO credits VALUES(200148, 200273, 'A');
INSERT INTO movies VALUES(200149, '50 Years of BBC Two Comedy', 'en', 2014, 90);
INSERT INTO people VALUES(200274, 'Sean', 'Doherty', NULL, NULL, 'M');
INSERT INTO credits VALUES(200149, 200274, 'D');
INSERT INTO people VALUES(200275, 'Joanna', 'Lumley', NULL, NULL, 'F');
INSERT INTO credits VALUES(200149, 200275, 'A');
INSERT INTO movies VALUES(200150, 'Penguins of Madagascar', 'en', 2014, 90);
INSERT INTO people VALUES(200276, 'Simon', 'J. Smith', NULL, NULL, 'M');
INSERT INTO credits VALUES(200150, 200276, 'D');
INSERT INTO people VALUES(200277, 'Tom', 'McGrath', NULL, NULL, 'M');
INSERT INTO credits VALUES(200150, 200277, 'A');
INSERT INTO movies VALUES(200151, '99 Cahaya di Langit Eropa: Part 2', 'id', 2014, 90);
INSERT INTO people VALUES(200278, 'Guntur', 'Soeharjanto', NULL, NULL, 'M');
INSERT INTO credits VALUES(200151, 200278, 'D');
INSERT INTO people VALUES(200279, 'Acha', 'Septriasa', NULL, NULL, 'F');
INSERT INTO credits VALUES(200151, 200279, 'A');
INSERT INTO movies VALUES(200152, 'Serial (Bad) Weddings', 'fr', 2014, 90);
INSERT INTO people VALUES(200280, 'Philippe', 'de Chauveron', NULL, NULL, 'M');
INSERT INTO credits VALUES(200152, 200280, 'D');
INSERT INTO people VALUES(200281, 'Christian', 'Clavier', NULL, NULL, 'M');
INSERT INTO credits VALUES(200152, 200281, 'A');
INSERT INTO movies VALUES(200153, 'Alexander and the Terrible, Horrible, No Good, Very Bad Day', 'en', 2014, 90);
INSERT INTO people VALUES(200282, 'Miguel', 'Arteta', NULL, NULL, 'M');
INSERT INTO credits VALUES(200153, 200282, 'D');
INSERT INTO credits VALUES(200153, 200064, 'A');
INSERT INTO movies VALUES(200154, 'Strong Coffee Isn''t That Bad', 'pl', 2014, 90);
INSERT INTO people VALUES(200283, 'Aleksander', 'Pietrzak', NULL, NULL, 'M');
INSERT INTO credits VALUES(200154, 200283, 'D');
INSERT INTO people VALUES(200284, 'Wojciech', 'Mecwaldowski', NULL, NULL, 'M');
INSERT INTO credits VALUES(200154, 200284, 'A');
INSERT INTO movies VALUES(200155, 'No Good Deed', 'en', 2014, 90);
INSERT INTO people VALUES(200285, 'Sam', 'Miller', NULL, NULL, 'M');
INSERT INTO credits VALUES(200155, 200285, 'D');
INSERT INTO people VALUES(200286, 'Idris', 'Elba', NULL, NULL, 'M');
INSERT INTO credits VALUES(200155, 200286, 'A');
INSERT INTO movies VALUES(200156, 'Made in Japan: The Rise of Deep Purple Mk II', 'en', 2014, 90);
INSERT INTO people VALUES(200287, 'Drew', 'Thompson', NULL, NULL, 'M');
INSERT INTO credits VALUES(200156, 200287, 'D');
INSERT INTO people VALUES(200288, 'Ian', 'Gillan', NULL, NULL, 'M');
INSERT INTO credits VALUES(200156, 200288, 'A');
INSERT INTO movies VALUES(200157, 'Ma tu di che segno 6?', 'it', 2014, 90);
INSERT INTO people VALUES(200289, 'Neri', 'Parenti', NULL, NULL, 'M');
INSERT INTO credits VALUES(200157, 200289, 'D');
INSERT INTO people VALUES(200290, 'Massimo', 'Boldi', NULL, NULL, 'M');
INSERT INTO credits VALUES(200157, 200290, 'A');
INSERT INTO movies VALUES(200158, '(Filipino: In the Name of the Father, Mother, and Children)', 'tl', 2014, 90);
INSERT INTO people VALUES(200291, 'Jon', 'Villarin', NULL, NULL, 'M');
INSERT INTO credits VALUES(200158, 200291, 'D');
INSERT INTO people VALUES(200292, 'Robin', 'Padilla', NULL, NULL, 'M');
INSERT INTO credits VALUES(200158, 200292, 'A');
INSERT INTO movies VALUES(200159, 'Una tarde en la vida de dos niños kelpers', 'es', 2014, 90);
INSERT INTO people VALUES(200293, 'Flávio', 'R. Tambellini', NULL, NULL, 'M');
INSERT INTO credits VALUES(200159, 200293, 'D');
INSERT INTO people VALUES(200294, 'Matías', 'Ezequiel Soria', NULL, NULL, 'M');
INSERT INTO credits VALUES(200159, 200294, 'A');
INSERT INTO movies VALUES(200160, 'Edge of Tomorrow', 'en', 2014, 90);
INSERT INTO people VALUES(200295, 'Doug', 'Liman', NULL, NULL, 'M');
INSERT INTO credits VALUES(200160, 200295, 'D');
INSERT INTO credits VALUES(200160, 200158, 'A');
INSERT INTO movies VALUES(200161, '99 Cahaya Di Langit Eropa The Final Edition', 'id', 2014, 90);
INSERT INTO credits VALUES(200161, 200278, 'D');
INSERT INTO credits VALUES(200161, 200279, 'A');
INSERT INTO movies VALUES(200162, 'Mobile Suit Gundam Unicorn Film And Live The Final - A Mon Seul Desir', 'ja', 2014, 90);
INSERT INTO people VALUES(200296, 'Kazuhiro', 'Furuhashi', NULL, NULL, 'M');
INSERT INTO credits VALUES(200162, 200296, 'D');
INSERT INTO people VALUES(200297, 'Koki', 'Uchiyama', NULL, NULL, 'M');
INSERT INTO credits VALUES(200162, 200297, 'A');
INSERT INTO movies VALUES(200163, 'Attacking the Devil: Harold Evans and the Last Nazi War Crime', 'en', 2014, 90);
INSERT INTO people VALUES(200298, 'Jacqui', 'Morris', NULL, NULL, 'M');
INSERT INTO credits VALUES(200163, 200298, 'D');
INSERT INTO people VALUES(200299, 'Michael', 'Sheen', NULL, NULL, 'M');
INSERT INTO credits VALUES(200163, 200299, 'A');
INSERT INTO movies VALUES(200164, 'Turtle Power: The Definitive History of the Teenage Mutant Ninja Turtles', 'en', 2014, 90);
INSERT INTO people VALUES(200300, 'Randall', 'Lobb', NULL, NULL, 'M');
INSERT INTO credits VALUES(200164, 200300, 'D');
INSERT INTO people VALUES(200301, 'Peter', 'Laird', NULL, NULL, 'M');
INSERT INTO credits VALUES(200164, 200301, 'A');
INSERT INTO movies VALUES(200165, 'Giuseppe Tornatore - Ogni film un''opera prima', 'it', 2014, 90);
INSERT INTO people VALUES(200302, 'Luciano', 'Barcaroli', NULL, NULL, 'M');
INSERT INTO credits VALUES(200165, 200302, 'D');
INSERT INTO people VALUES(200303, 'Giuseppe', 'Tornatore', NULL, NULL, 'M');
INSERT INTO credits VALUES(200165, 200303, 'A');
INSERT INTO movies VALUES(200166, 'Lolita from Interstellar Space', 'en', 2014, 90);
INSERT INTO people VALUES(200304, 'Dean', 'McKendrick', NULL, NULL, 'M');
INSERT INTO credits VALUES(200166, 200304, 'D');
INSERT INTO people VALUES(200305, 'Anna', 'Morna', NULL, NULL, 'F');
INSERT INTO credits VALUES(200166, 200305, 'A');
INSERT INTO movies VALUES(200167, 'Marvel: 75 Years, from Pulp to Pop!', 'en', 2014, 90);
INSERT INTO people VALUES(200306, 'Zak', 'Knutson', NULL, NULL, 'M');
INSERT INTO credits VALUES(200167, 200306, 'D');
INSERT INTO people VALUES(200307, 'Emily', 'VanCamp', NULL, NULL, 'F');
INSERT INTO credits VALUES(200167, 200307, 'A');
INSERT INTO movies VALUES(200168, 'Reiff für die Insel – Katharina und die Dänen', 'de', 2014, 90);
INSERT INTO people VALUES(200308, 'Tanja', 'Wedhorn', NULL, NULL, 'F');
INSERT INTO credits VALUES(200168, 200308, 'A');
INSERT INTO movies VALUES(200169, 'Mystical Traveler: The Life and Times of Dr. John-Roger', 'en', 2014, 90);
INSERT INTO people VALUES(200309, 'John-Roger', '', NULL, NULL, 'M');
INSERT INTO credits VALUES(200169, 200309, 'D');
INSERT INTO credits VALUES(200169, 200309, 'A');
INSERT INTO movies VALUES(200170, 'Return to Zero', 'en', 2014, 90);
INSERT INTO people VALUES(200310, 'Sean', 'Hanish', NULL, NULL, 'M');
INSERT INTO credits VALUES(200170, 200310, 'D');
INSERT INTO people VALUES(200311, 'Minnie', 'Driver', NULL, NULL, 'F');
INSERT INTO credits VALUES(200170, 200311, 'A');
INSERT INTO movies VALUES(200171, 'John Wick', 'en', 2014, 90);
INSERT INTO people VALUES(200312, 'Chad', 'Stahelski', NULL, NULL, 'M');
INSERT INTO credits VALUES(200171, 200312, 'D');
INSERT INTO people VALUES(200313, 'Keanu', 'Reeves', NULL, NULL, 'M');
INSERT INTO credits VALUES(200171, 200313, 'A');
INSERT INTO movies VALUES(200172, 'Nightcrawler', 'en', 2014, 90);
INSERT INTO people VALUES(200314, 'Dan', 'Gilroy', NULL, NULL, 'M');
INSERT INTO credits VALUES(200172, 200314, 'D');
INSERT INTO people VALUES(200315, 'Jake', 'Gyllenhaal', NULL, NULL, 'M');
INSERT INTO credits VALUES(200172, 200315, 'A');
INSERT INTO movies VALUES(200173, 'The Secret to My Silky Skin', 'ja', 2014, 90);
INSERT INTO people VALUES(200316, 'Kōichi', 'Imaizumi', NULL, NULL, 'M');
INSERT INTO credits VALUES(200173, 200316, 'D');
INSERT INTO people VALUES(200317, 'Lyota', 'Majima', NULL, NULL, 'M');
INSERT INTO credits VALUES(200173, 200317, 'A');
INSERT INTO movies VALUES(200174, 'Sex, Love & Therapy', 'fr', 2014, 90);
INSERT INTO people VALUES(200318, 'Tonie', 'Marshall', NULL, NULL, 'M');
INSERT INTO credits VALUES(200174, 200318, 'D');
INSERT INTO people VALUES(200319, 'Sophie', 'Marceau', NULL, NULL, 'F');
INSERT INTO credits VALUES(200174, 200319, 'A');
INSERT INTO movies VALUES(200175, 'The Final Shot: A Farewell to Boardwalk Empire', 'en', 2014, 90);
INSERT INTO people VALUES(200320, 'Steve', 'Buscemi', NULL, NULL, 'M');
INSERT INTO credits VALUES(200175, 200320, 'A');
INSERT INTO movies VALUES(200176, 'Eine Liebe für den Frieden – Bertha von Suttner und Alfred Nobel', 'de', 2014, 90);
INSERT INTO people VALUES(200321, 'Urs', 'Egger', NULL, NULL, 'M');
INSERT INTO credits VALUES(200176, 200321, 'D');
INSERT INTO people VALUES(200322, 'Birgit', 'Minichmayr', NULL, NULL, 'F');
INSERT INTO credits VALUES(200176, 200322, 'A');
INSERT INTO movies VALUES(200177, 'Der Bulle und das Landei - von Mäusen, Miezen und Moneten', 'de', 2014, 90);
INSERT INTO people VALUES(200323, 'Vivian', 'Naefe', NULL, NULL, 'M');
INSERT INTO credits VALUES(200177, 200323, 'D');
INSERT INTO people VALUES(200324, 'Uwe', 'Ochsenknecht', NULL, NULL, 'M');
INSERT INTO credits VALUES(200177, 200324, 'A');
INSERT INTO movies VALUES(200178, 'Lucy', 'en', 2014, 90);
INSERT INTO people VALUES(200325, 'Luc', 'Besson', NULL, NULL, 'M');
INSERT INTO credits VALUES(200178, 200325, 'D');
INSERT INTO people VALUES(200326, 'Scarlett', 'Johansson', NULL, NULL, 'F');
INSERT INTO credits VALUES(200178, 200326, 'A');
INSERT INTO movies VALUES(200179, 'Monty Python: The Meaning of Live', 'en', 2014, 90);
INSERT INTO people VALUES(200327, 'Roger', 'Graef', NULL, NULL, 'M');
INSERT INTO credits VALUES(200179, 200327, 'D');
INSERT INTO people VALUES(200328, 'John', 'Cleese', NULL, NULL, 'M');
INSERT INTO credits VALUES(200179, 200328, 'A');
INSERT INTO movies VALUES(200180, 'Das Voynich-Manuskript - Die geheimnisvollste Handschrift der Welt', 'de', 2014, 90);
INSERT INTO people VALUES(200329, 'Klaus', 'T. Steindl', NULL, NULL, 'M');
INSERT INTO credits VALUES(200180, 200329, 'D');
INSERT INTO movies VALUES(200181, 'NOW: In the Wings on a World Stage', 'en', 2014, 90);
INSERT INTO people VALUES(200330, 'Jeremy', 'Whelehan', NULL, NULL, 'M');
INSERT INTO credits VALUES(200181, 200330, 'D');
INSERT INTO people VALUES(200331, 'Kevin', 'Spacey', NULL, NULL, 'M');
INSERT INTO credits VALUES(200181, 200331, 'A');
INSERT INTO movies VALUES(200182, 'Burying the Ex', 'en', 2014, 90);
INSERT INTO people VALUES(200332, 'Joe', 'Dante', NULL, NULL, 'M');
INSERT INTO credits VALUES(200182, 200332, 'D');
INSERT INTO people VALUES(200333, 'Anton', 'Yelchin', NULL, NULL, 'M');
INSERT INTO credits VALUES(200182, 200333, 'A');
INSERT INTO movies VALUES(200183, 'Showrunners: The Art of Running a TV Show', 'en', 2014, 90);
INSERT INTO people VALUES(200334, 'Des', 'Doyle', NULL, NULL, 'M');
INSERT INTO credits VALUES(200183, 200334, 'D');
INSERT INTO people VALUES(200335, 'Joss', 'Whedon', NULL, NULL, 'M');
INSERT INTO credits VALUES(200183, 200335, 'A');
INSERT INTO movies VALUES(200184, 'Don''t Get Killed In Alaska', 'en', 2014, 90);
INSERT INTO people VALUES(200336, 'Bill', 'Taylor', NULL, NULL, 'M');
INSERT INTO credits VALUES(200184, 200336, 'D');
INSERT INTO people VALUES(200337, 'Tommie-Amber', 'Pirie', NULL, NULL, 'F');
INSERT INTO credits VALUES(200184, 200337, 'A');
INSERT INTO movies VALUES(200185, 'Die Toten Hosen Live -  Der Krach der Republik - Das Tourfinale', 'de', 2014, 90);
INSERT INTO people VALUES(200338, 'Paul', 'Dugdale', NULL, NULL, 'M');
INSERT INTO credits VALUES(200185, 200338, 'D');
INSERT INTO people VALUES(200339, 'Campino', '', NULL, NULL, 'M');
INSERT INTO credits VALUES(200185, 200339, 'A');
INSERT INTO movies VALUES(200186, 'The Spy Who Brought Down Mary, Queen of Scots', 'en', 2014, 90);
INSERT INTO people VALUES(200340, 'Mark', 'Fielder', NULL, NULL, 'M');
INSERT INTO credits VALUES(200186, 200340, 'D');
INSERT INTO people VALUES(200341, 'Mark', 'Bazeley', NULL, NULL, 'M');
INSERT INTO credits VALUES(200186, 200341, 'A');
INSERT INTO movies VALUES(200187, 'A Blind Hero: The Love of Otto Weidt', 'de', 2014, 90);
INSERT INTO people VALUES(200342, 'Kai', 'Christiansen', NULL, NULL, 'M');
INSERT INTO credits VALUES(200187, 200342, 'D');
INSERT INTO people VALUES(200343, 'Edgar', 'Selge', NULL, NULL, 'M');
INSERT INTO credits VALUES(200187, 200343, 'A');
INSERT INTO movies VALUES(200188, 'Interesting Ball', 'en', 2014, 90);
INSERT INTO people VALUES(200344, 'Daniel', 'Scheinert', NULL, NULL, 'M');
INSERT INTO credits VALUES(200188, 200344, 'D');
INSERT INTO people VALUES(200345, 'Bryan', 'Condon', NULL, NULL, 'M');
INSERT INTO credits VALUES(200188, 200345, 'A');
INSERT INTO movies VALUES(200189, 'Taken 3', 'en', 2014, 90);
INSERT INTO people VALUES(200346, 'Olivier', 'Megaton', NULL, NULL, 'M');
INSERT INTO credits VALUES(200189, 200346, 'D');
INSERT INTO people VALUES(200347, 'Liam', 'Neeson', NULL, NULL, 'M');
INSERT INTO credits VALUES(200189, 200347, 'A');
INSERT INTO movies VALUES(200190, 'Naked Ambition 3D', 'cn', 2014, 90);
INSERT INTO people VALUES(200348, 'Lee', 'Kung-Lok', NULL, NULL, 'M');
INSERT INTO credits VALUES(200190, 200348, 'D');
INSERT INTO people VALUES(200349, 'Chapman', 'To Man-Chat', NULL, NULL, 'M');
INSERT INTO credits VALUES(200190, 200349, 'A');
INSERT INTO movies VALUES(200191, 'Teenage Mutant Ninja Turtles', 'en', 2014, 90);
INSERT INTO people VALUES(200350, 'Jonathan', 'Liebesman', NULL, NULL, 'M');
INSERT INTO credits VALUES(200191, 200350, 'D');
INSERT INTO people VALUES(200351, 'Pete', 'Ploszek', NULL, NULL, 'M');
INSERT INTO credits VALUES(200191, 200351, 'A');
INSERT INTO movies VALUES(200192, 'La Joya and the Warriors in the Mist', 'es', 2014, 90);
INSERT INTO people VALUES(200352, 'José', 'Manuel Novoa', NULL, NULL, 'M');
INSERT INTO credits VALUES(200192, 200352, 'D');
INSERT INTO people VALUES(200353, 'Stephen', 'Hughes', NULL, NULL, 'M');
INSERT INTO credits VALUES(200192, 200353, 'A');
INSERT INTO movies VALUES(200193, 'One Day Since Yesterday: Peter Bogdanovich & the Lost American Film', 'en', 2014, 90);
INSERT INTO people VALUES(200354, 'Bill', 'Teck', NULL, NULL, 'M');
INSERT INTO credits VALUES(200193, 200354, 'D');
INSERT INTO people VALUES(200355, 'Wes', 'Anderson', NULL, NULL, 'M');
INSERT INTO credits VALUES(200193, 200355, 'A');
INSERT INTO movies VALUES(200194, 'Clawing! A Journey Through the Spanish Horror', 'es', 2014, 90);
INSERT INTO people VALUES(200356, 'Víctor', 'Matellano', NULL, NULL, 'M');
INSERT INTO credits VALUES(200194, 200356, 'D');
INSERT INTO people VALUES(200357, 'Ángel', 'Agudo', NULL, NULL, 'M');
INSERT INTO credits VALUES(200194, 200357, 'A');
INSERT INTO movies VALUES(200195, 'Million Dollar Arm', 'en', 2014, 90);
INSERT INTO people VALUES(200358, 'Craig', 'Gillespie', NULL, NULL, 'M');
INSERT INTO credits VALUES(200195, 200358, 'D');
INSERT INTO people VALUES(200359, 'Jon', 'Hamm', NULL, NULL, 'M');
INSERT INTO credits VALUES(200195, 200359, 'A');
INSERT INTO movies VALUES(200196, 'Von einem, der auszog, das Fürchten zu lernen', 'de', 2014, 90);
INSERT INTO people VALUES(200360, 'Tobias', 'Wiemann', NULL, NULL, 'M');
INSERT INTO credits VALUES(200196, 200360, 'D');
INSERT INTO people VALUES(200361, 'Tim', 'Oliver Schultz', NULL, NULL, 'M');
INSERT INTO credits VALUES(200196, 200361, 'A');
INSERT INTO movies VALUES(200197, 'Night at the Museum: Secret of the Tomb', 'en', 2014, 90);
INSERT INTO people VALUES(200362, 'Shawn', 'Levy', NULL, NULL, 'M');
INSERT INTO credits VALUES(200197, 200362, 'D');
INSERT INTO people VALUES(200363, 'Ben', 'Stiller', NULL, NULL, 'M');
INSERT INTO credits VALUES(200197, 200363, 'A');
INSERT INTO movies VALUES(200198, 'Wrong Turn 6: Last Resort', 'en', 2014, 90);
INSERT INTO people VALUES(200364, 'Valeri', 'Milev', NULL, NULL, 'M');
INSERT INTO credits VALUES(200198, 200364, 'D');
INSERT INTO people VALUES(200365, 'Anthony', 'Ilott', NULL, NULL, 'M');
INSERT INTO credits VALUES(200198, 200365, 'A');
INSERT INTO movies VALUES(200199, '300: Rise of an Empire', 'en', 2014, 90);
INSERT INTO people VALUES(200366, 'Noam', 'Murro', NULL, NULL, 'M');
INSERT INTO credits VALUES(200199, 200366, 'D');
INSERT INTO people VALUES(200367, 'Sullivan', 'Stapleton', NULL, NULL, 'M');
INSERT INTO credits VALUES(200199, 200367, 'A');
INSERT INTO movies VALUES(200200, 'Lost Boy', 'en', 2015, 90);
INSERT INTO people VALUES(200368, 'Tara', 'Miele', NULL, NULL, 'M');
INSERT INTO credits VALUES(200200, 200368, 'D');
INSERT INTO people VALUES(200369, 'Virginia', 'Madsen', NULL, NULL, 'F');
INSERT INTO credits VALUES(200200, 200369, 'A');
INSERT INTO movies VALUES(200201, 'Fifty Shades of Grey', 'en', 2015, 90);
INSERT INTO people VALUES(200370, 'Sam', 'Taylor-Johnson', NULL, NULL, 'M');
INSERT INTO credits VALUES(200201, 200370, 'D');
INSERT INTO people VALUES(200371, 'Dakota', 'Johnson', NULL, NULL, 'F');
INSERT INTO credits VALUES(200201, 200371, 'A');
INSERT INTO movies VALUES(200202, 'Furious 7', 'en', 2015, 90);
INSERT INTO credits VALUES(200202, 200006, 'D');
INSERT INTO people VALUES(200372, 'Vin', 'Diesel', NULL, NULL, 'M');
INSERT INTO credits VALUES(200202, 200372, 'A');
INSERT INTO movies VALUES(200203, 'Inside Out', 'en', 2015, 90);
INSERT INTO people VALUES(200373, 'Pete', 'Docter', NULL, NULL, 'M');
INSERT INTO credits VALUES(200203, 200373, 'D');
INSERT INTO people VALUES(200374, 'Amy', 'Poehler', NULL, NULL, 'F');
INSERT INTO credits VALUES(200203, 200374, 'A');
INSERT INTO movies VALUES(200204, 'Mom''s Friend', 'ko', 2015, 90);
INSERT INTO people VALUES(200375, 'Myeong', 'Seok Hwan', NULL, NULL, 'M');
INSERT INTO credits VALUES(200204, 200375, 'D');
INSERT INTO people VALUES(200376, 'Heo', 'Ye-chang', NULL, NULL, 'M');
INSERT INTO credits VALUES(200204, 200376, 'A');
INSERT INTO movies VALUES(200205, 'No One Loves Anyone For More Than Two Years', 'pt', 2015, 90);
INSERT INTO people VALUES(200377, 'Clovis', 'Mello', NULL, NULL, 'M');
INSERT INTO credits VALUES(200205, 200377, 'D');
INSERT INTO people VALUES(200378, 'Gabriela', 'Duarte', NULL, NULL, 'F');
INSERT INTO credits VALUES(200205, 200378, 'A');
INSERT INTO movies VALUES(200206, 'The Martian', 'en', 2015, 90);
INSERT INTO people VALUES(200379, 'Ridley', 'Scott', NULL, NULL, 'M');
INSERT INTO credits VALUES(200206, 200379, 'D');
INSERT INTO people VALUES(200380, 'Matt', 'Damon', NULL, NULL, 'M');
INSERT INTO credits VALUES(200206, 200380, 'A');
INSERT INTO movies VALUES(200207, 'How to Plan an Orgy in a Small Town', 'en', 2015, 90);
INSERT INTO people VALUES(200381, 'Jeremy', 'Lalonde', NULL, NULL, 'M');
INSERT INTO credits VALUES(200207, 200381, 'D');
INSERT INTO people VALUES(200382, 'Jewel', 'Staite', NULL, NULL, 'F');
INSERT INTO credits VALUES(200207, 200382, 'A');
INSERT INTO movies VALUES(200208, 'Slow Learners', 'en', 2015, 90);
INSERT INTO people VALUES(200383, 'Don', 'Argott', NULL, NULL, 'M');
INSERT INTO credits VALUES(200208, 200383, 'D');
INSERT INTO people VALUES(200384, 'Adam', 'Pally', NULL, NULL, 'M');
INSERT INTO credits VALUES(200208, 200384, 'A');
INSERT INTO movies VALUES(200209, 'Mad Max: Fury Road', 'en', 2015, 90);
INSERT INTO people VALUES(200385, 'George', 'Miller', NULL, NULL, 'M');
INSERT INTO credits VALUES(200209, 200385, 'D');
INSERT INTO people VALUES(200386, 'Tom', 'Hardy', NULL, NULL, 'M');
INSERT INTO credits VALUES(200209, 200386, 'A');
INSERT INTO movies VALUES(200210, 'Yankee-kun na Yamada-kun to Megane-chan to Majo', 'ja', 2015, 90);
INSERT INTO people VALUES(200387, 'Tomoko', 'Takano', NULL, NULL, 'M');
INSERT INTO credits VALUES(200210, 200387, 'D');
INSERT INTO people VALUES(200388, 'Yuki', 'Ono', NULL, NULL, 'M');
INSERT INTO credits VALUES(200210, 200388, 'A');
INSERT INTO movies VALUES(200211, 'Avengers: Age of Ultron', 'en', 2015, 90);
INSERT INTO credits VALUES(200211, 200335, 'D');
INSERT INTO credits VALUES(200211, 200013, 'A');
INSERT INTO movies VALUES(200212, 'Cinderella', 'en', 2015, 90);
INSERT INTO people VALUES(200389, 'Kenneth', 'Branagh', NULL, NULL, 'M');
INSERT INTO credits VALUES(200212, 200389, 'D');
INSERT INTO people VALUES(200390, 'Lily', 'James', NULL, NULL, 'F');
INSERT INTO credits VALUES(200212, 200390, 'A');
INSERT INTO movies VALUES(200213, 'Shivam', 'te', 2015, 90);
INSERT INTO people VALUES(200391, 'Sreenivasa', 'Reddy', NULL, NULL, 'M');
INSERT INTO credits VALUES(200213, 200391, 'D');
INSERT INTO people VALUES(200392, 'Ram', 'Pothineni', NULL, NULL, 'M');
INSERT INTO credits VALUES(200213, 200392, 'A');
INSERT INTO movies VALUES(200214, 'Mutual Relations', 'ko', 2015, 90);
INSERT INTO people VALUES(200393, 'Kim', 'Hyeon-Bin', NULL, NULL, 'M');
INSERT INTO credits VALUES(200214, 200393, 'D');
INSERT INTO people VALUES(200394, 'Kim', 'Hwa-yeon', NULL, NULL, 'F');
INSERT INTO credits VALUES(200214, 200394, 'A');
INSERT INTO movies VALUES(200215, 'Raw, Rough and Rabid: The Lacerating Legacy of Cinépix', 'en', 2015, 90);
INSERT INTO credits VALUES(200215, 200054, 'D');
INSERT INTO people VALUES(200395, 'Kier-La', 'Janisse', NULL, NULL, 'F');
INSERT INTO credits VALUES(200215, 200395, 'A');
INSERT INTO movies VALUES(200216, 'Maintenance Man', 'en', 2015, 90);
INSERT INTO people VALUES(200396, 'Christian', 'Taylor', NULL, NULL, 'M');
INSERT INTO credits VALUES(200216, 200396, 'D');
INSERT INTO people VALUES(200397, 'Donn', 'R. Nottage', NULL, NULL, 'M');
INSERT INTO credits VALUES(200216, 200397, 'A');
INSERT INTO movies VALUES(200217, 'Come What May', 'fr', 2015, 90);
INSERT INTO people VALUES(200398, 'Christian', 'Carion', NULL, NULL, 'M');
INSERT INTO credits VALUES(200217, 200398, 'D');
INSERT INTO people VALUES(200399, 'August', 'Diehl', NULL, NULL, 'M');
INSERT INTO credits VALUES(200217, 200399, 'A');
INSERT INTO movies VALUES(200218, 'Luz, Câmera, 50 Anos: Presença de Anita - O Filme', 'pt', 2015, 90);
INSERT INTO people VALUES(200400, 'Alexandre', 'Avancini', NULL, NULL, 'M');
INSERT INTO credits VALUES(200218, 200400, 'D');
INSERT INTO people VALUES(200401, 'Mel', 'Lisboa', NULL, NULL, 'F');
INSERT INTO credits VALUES(200218, 200401, 'A');
INSERT INTO movies VALUES(200219, 'Return to Sender', 'en', 2015, 90);
INSERT INTO people VALUES(200402, 'Fouad', 'Mikati', NULL, NULL, 'M');
INSERT INTO credits VALUES(200219, 200402, 'D');
INSERT INTO people VALUES(200403, 'Rosamund', 'Pike', NULL, NULL, 'F');
INSERT INTO credits VALUES(200219, 200403, 'A');
INSERT INTO movies VALUES(200220, 'Luz, Câmera, 50 Anos: Maysa: Quando Fala o Coração - O Filme', 'pt', 2015, 90);
INSERT INTO people VALUES(200404, 'Jayme', 'Monjardim', NULL, NULL, 'M');
INSERT INTO credits VALUES(200220, 200404, 'D');
INSERT INTO people VALUES(200405, 'Larissa', 'Maciel', NULL, NULL, 'F');
INSERT INTO credits VALUES(200220, 200405, 'A');
INSERT INTO movies VALUES(200221, 'Southpaw', 'en', 2015, 90);
INSERT INTO credits VALUES(200221, 200197, 'D');
INSERT INTO credits VALUES(200221, 200315, 'A');
INSERT INTO movies VALUES(200222, 'Here in Lisbon', 'pt', 2015, 90);
INSERT INTO people VALUES(200406, 'Dominga', 'Sotomayor', NULL, NULL, 'M');
INSERT INTO credits VALUES(200222, 200406, 'D');
INSERT INTO people VALUES(200407, 'Francisca', 'Castillo', NULL, NULL, 'F');
INSERT INTO credits VALUES(200222, 200407, 'A');
INSERT INTO movies VALUES(200223, 'Getaway of Love', 'it', 2015, 90);
INSERT INTO people VALUES(200408, 'Tonino', 'Zangardi', NULL, NULL, 'M');
INSERT INTO credits VALUES(200223, 200408, 'D');
INSERT INTO people VALUES(200409, 'Claudia', 'Gerini', NULL, NULL, 'F');
INSERT INTO credits VALUES(200223, 200409, 'A');
INSERT INTO movies VALUES(200224, 'The Lady in the Car with Glasses and a Gun', 'fr', 2015, 90);
INSERT INTO people VALUES(200410, 'Joann', 'Sfar', NULL, NULL, 'M');
INSERT INTO credits VALUES(200224, 200410, 'D');
INSERT INTO people VALUES(200411, 'Freya', 'Mavor', NULL, NULL, 'F');
INSERT INTO credits VALUES(200224, 200411, 'A');
INSERT INTO movies VALUES(200225, 'Jurassic World', 'en', 2015, 90);
INSERT INTO people VALUES(200412, 'Colin', 'Trevorrow', NULL, NULL, 'M');
INSERT INTO credits VALUES(200225, 200412, 'D');
INSERT INTO people VALUES(200413, 'Chris', 'Pratt', NULL, NULL, 'M');
INSERT INTO credits VALUES(200225, 200413, 'A');
INSERT INTO movies VALUES(200226, 'Krampus', 'en', 2015, 90);
INSERT INTO people VALUES(200414, 'Michael', 'Dougherty', NULL, NULL, 'M');
INSERT INTO credits VALUES(200226, 200414, 'D');
INSERT INTO people VALUES(200415, 'Adam', 'Scott', NULL, NULL, 'M');
INSERT INTO credits VALUES(200226, 200415, 'A');
INSERT INTO movies VALUES(200227, 'Animal Kingdom: Let''s Go Ape', 'fr', 2015, 90);
INSERT INTO people VALUES(200416, 'Jamel', 'Debbouze', NULL, NULL, 'M');
INSERT INTO credits VALUES(200227, 200416, 'D');
INSERT INTO credits VALUES(200227, 200416, 'A');
INSERT INTO movies VALUES(200228, 'I Don''t Know the Men of this City', 'it', 2015, 90);
INSERT INTO people VALUES(200417, 'Franco', 'Maresco', NULL, NULL, 'M');
INSERT INTO credits VALUES(200228, 200417, 'D');
INSERT INTO people VALUES(200418, 'Franco', 'Scaldati', NULL, NULL, 'M');
INSERT INTO credits VALUES(200228, 200418, 'A');
INSERT INTO movies VALUES(200229, 'Beautiful & Twisted', 'en', 2015, 90);
INSERT INTO people VALUES(200419, 'Christopher', 'Zalla', NULL, NULL, 'M');
INSERT INTO credits VALUES(200229, 200419, 'D');
INSERT INTO people VALUES(200420, 'Rob', 'Lowe', NULL, NULL, 'M');
INSERT INTO credits VALUES(200229, 200420, 'A');
INSERT INTO movies VALUES(200230, 'The Hunger Games: Mockingjay - Part 2', 'en', 2015, 90);
INSERT INTO credits VALUES(200230, 200143, 'D');
INSERT INTO credits VALUES(200230, 200144, 'A');
INSERT INTO movies VALUES(200231, 'Call Me Francis', 'it', 2015, 90);
INSERT INTO people VALUES(200421, 'Daniele', 'Luchetti', NULL, NULL, 'M');
INSERT INTO credits VALUES(200231, 200421, 'D');
INSERT INTO people VALUES(200422, 'Rodrigo', 'de la Serna', NULL, NULL, 'M');
INSERT INTO credits VALUES(200231, 200422, 'A');
INSERT INTO movies VALUES(200232, 'Hooligans at War: North vs South', 'de', 2015, 90);
INSERT INTO people VALUES(200423, 'Chris', 'Bell', NULL, NULL, 'M');
INSERT INTO credits VALUES(200232, 200423, 'D');
INSERT INTO credits VALUES(200232, 200423, 'A');
INSERT INTO movies VALUES(200233, 'μ''s 5th Go→Go! LoveLive! 2015 ~Dream Sensation!~ Day2', 'ja', 2015, 90);
INSERT INTO people VALUES(200424, 'Emi', 'Nitta', NULL, NULL, 'F');
INSERT INTO credits VALUES(200233, 200424, 'A');
INSERT INTO movies VALUES(200234, 'Ted 2', 'en', 2015, 90);
INSERT INTO credits VALUES(200234, 200224, 'D');
INSERT INTO credits VALUES(200234, 200238, 'A');
INSERT INTO movies VALUES(200235, 'μ''s 5th Go→Go! LoveLive! 2015 ~Dream Sensation!~ Day1', 'ja', 2015, 90);
INSERT INTO credits VALUES(200235, 200424, 'A');
INSERT INTO movies VALUES(200236, 'That Gal...Who Was in That Thing: That Guy 2', 'en', 2015, 90);
INSERT INTO people VALUES(200425, 'Ian', 'Roumain', NULL, NULL, 'M');
INSERT INTO credits VALUES(200236, 200425, 'D');
INSERT INTO people VALUES(200426, 'Paget', 'Brewster', NULL, NULL, 'F');
INSERT INTO credits VALUES(200236, 200426, 'A');
INSERT INTO movies VALUES(200237, 'Barbie & Her Sisters in the Great Puppy Adventure', 'en', 2015, 90);
INSERT INTO people VALUES(200427, 'Andrew', 'Tan', NULL, NULL, 'M');
INSERT INTO credits VALUES(200237, 200427, 'D');
INSERT INTO people VALUES(200428, 'Kelly', 'Sheridan', NULL, NULL, 'F');
INSERT INTO credits VALUES(200237, 200428, 'A');
INSERT INTO movies VALUES(200238, 'The Revenant', 'en', 2015, 90);
INSERT INTO people VALUES(200429, 'Alejandro', 'González Iñárritu', NULL, NULL, 'M');
INSERT INTO credits VALUES(200238, 200429, 'D');
INSERT INTO credits VALUES(200238, 200003, 'A');
INSERT INTO movies VALUES(200239, 'Sneeuwwitje en de zeven kleine mensen: Een modern sprookje', 'nl', 2015, 90);
INSERT INTO people VALUES(200430, 'Will', 'Koopman', NULL, NULL, 'M');
INSERT INTO credits VALUES(200239, 200430, 'D');
INSERT INTO people VALUES(200431, 'Abbey', 'Hoes', NULL, NULL, 'F');
INSERT INTO credits VALUES(200239, 200431, 'A');
INSERT INTO movies VALUES(200240, 'The Complexity of Happiness', 'it', 2015, 90);
INSERT INTO people VALUES(200432, 'Gianni', 'Zanasi', NULL, NULL, 'M');
INSERT INTO credits VALUES(200240, 200432, 'D');
INSERT INTO people VALUES(200433, 'Valerio', 'Mastandrea', NULL, NULL, 'M');
INSERT INTO credits VALUES(200240, 200433, 'A');
INSERT INTO movies VALUES(200241, 'Phineas and Ferb: Last Day of Summer', 'en', 2015, 90);
INSERT INTO people VALUES(200434, 'Sue', 'Perrotto', NULL, NULL, 'M');
INSERT INTO credits VALUES(200241, 200434, 'D');
INSERT INTO people VALUES(200435, 'Vincent', 'Martella', NULL, NULL, 'M');
INSERT INTO credits VALUES(200241, 200435, 'A');
INSERT INTO movies VALUES(200242, 'Wenn du wüsstest, wie schön es hier ist', 'de', 2015, 90);
INSERT INTO people VALUES(200436, 'Andreas', 'Prochaska', NULL, NULL, 'M');
INSERT INTO credits VALUES(200242, 200436, 'D');
INSERT INTO people VALUES(200437, 'Gerhard', 'Liebmann', NULL, NULL, 'M');
INSERT INTO credits VALUES(200242, 200437, 'A');
INSERT INTO movies VALUES(200243, 'The Man from U.N.C.L.E.', 'en', 2015, 90);
INSERT INTO people VALUES(200438, 'Guy', 'Ritchie', NULL, NULL, 'M');
INSERT INTO credits VALUES(200243, 200438, 'D');
INSERT INTO credits VALUES(200243, 200039, 'A');
INSERT INTO movies VALUES(200244, 'Cinema Perverso', 'de', 2015, 90);
INSERT INTO people VALUES(200439, 'Oliver', 'Schwehm', NULL, NULL, 'M');
INSERT INTO credits VALUES(200244, 200439, 'D');
INSERT INTO people VALUES(200440, 'Jörg', 'Buttgereit', NULL, NULL, 'M');
INSERT INTO credits VALUES(200244, 200440, 'A');
INSERT INTO movies VALUES(200245, 'The Return of the Dead', 'es', 2015, 90);
INSERT INTO people VALUES(200441, 'Gustavo', 'Gamou', NULL, NULL, 'M');
INSERT INTO credits VALUES(200245, 200441, 'D');
INSERT INTO people VALUES(200442, 'Rosendo', 'Mendoza', NULL, NULL, 'M');
INSERT INTO credits VALUES(200245, 200442, 'A');
INSERT INTO movies VALUES(200246, 'Murder, She Baked: A Chocolate Chip Cookie Mystery', 'en', 2015, 90);
INSERT INTO people VALUES(200443, 'Mark', 'Jean', NULL, NULL, 'M');
INSERT INTO credits VALUES(200246, 200443, 'D');
INSERT INTO people VALUES(200444, 'Alison', 'Sweeney', NULL, NULL, 'F');
INSERT INTO credits VALUES(200246, 200444, 'A');
INSERT INTO movies VALUES(200247, 'Luz, Câmera, 50 Anos: Dona Flor e Seus 2 Maridos - O Filme', 'pt', 2015, 90);
INSERT INTO people VALUES(200445, 'Mauro', 'Mendonça Filho', NULL, NULL, 'M');
INSERT INTO credits VALUES(200247, 200445, 'D');
INSERT INTO people VALUES(200446, 'Giulia', 'Gam', NULL, NULL, 'F');
INSERT INTO credits VALUES(200247, 200446, 'A');
INSERT INTO movies VALUES(200248, 'Kingsman: The Secret Service', 'en', 2015, 90);
INSERT INTO people VALUES(200447, 'Matthew', 'Vaughn', NULL, NULL, 'M');
INSERT INTO credits VALUES(200248, 200447, 'D');
INSERT INTO people VALUES(200448, 'Taron', 'Egerton', NULL, NULL, 'M');
INSERT INTO credits VALUES(200248, 200448, 'A');
INSERT INTO movies VALUES(200249, 'SXSW Comedy Night Two with W. Kamau Bell', 'en', 2015, 90);
INSERT INTO people VALUES(200449, 'Steven', 'Feinartz', NULL, NULL, 'M');
INSERT INTO credits VALUES(200249, 200449, 'D');
INSERT INTO people VALUES(200450, 'W.', 'Kamau Bell', NULL, NULL, 'M');
INSERT INTO credits VALUES(200249, 200450, 'A');
INSERT INTO movies VALUES(200250, 'Buddy''s Mom', 'ko', 2015, 90);
INSERT INTO people VALUES(200451, 'Kong', 'Ja-kwan', NULL, NULL, 'M');
INSERT INTO credits VALUES(200250, 200451, 'D');
INSERT INTO people VALUES(200452, 'Kim', 'Young-sam', NULL, NULL, 'M');
INSERT INTO credits VALUES(200250, 200452, 'A');
INSERT INTO movies VALUES(200251, 'Vacanze ai Caraibi - Il film di Natale', 'it', 2015, 90);
INSERT INTO credits VALUES(200251, 200289, 'D');
INSERT INTO credits VALUES(200251, 200273, 'A');
INSERT INTO movies VALUES(200252, 'From Rocky to Creed: The Legacy Continues', 'en', 2015, 90);
INSERT INTO credits VALUES(200252, 200261, 'A');
INSERT INTO movies VALUES(200253, 'Royal Opera House: I Due Foscari', 'it', 2015, 90);
INSERT INTO people VALUES(200453, 'Thaddeus', 'Strassberger', NULL, NULL, 'M');
INSERT INTO credits VALUES(200253, 200453, 'D');
INSERT INTO people VALUES(200454, 'Plácido', 'Domingo', NULL, NULL, 'M');
INSERT INTO credits VALUES(200253, 200454, 'A');
INSERT INTO movies VALUES(200254, 'Insidious: Chapter 3', 'en', 2015, 90);
INSERT INTO people VALUES(200455, 'Leigh', 'Whannell', NULL, NULL, 'M');
INSERT INTO credits VALUES(200254, 200455, 'D');
INSERT INTO people VALUES(200456, 'Stefanie', 'Scott', NULL, NULL, 'F');
INSERT INTO credits VALUES(200254, 200456, 'A');
INSERT INTO movies VALUES(200255, 'My Daughter''s First Time', 'it', 2015, 90);
INSERT INTO people VALUES(200457, 'Riccardo', 'Rossi', NULL, NULL, 'M');
INSERT INTO credits VALUES(200255, 200457, 'D');
INSERT INTO credits VALUES(200255, 200457, 'A');
INSERT INTO movies VALUES(200256, 'When Calls The Heart: New Year''s Wish', 'en', 2015, 90);
INSERT INTO people VALUES(200458, 'Neill', 'Fearnley', NULL, NULL, 'M');
INSERT INTO credits VALUES(200256, 200458, 'D');
INSERT INTO people VALUES(200459, 'Erin', 'Krakow', NULL, NULL, 'F');
INSERT INTO credits VALUES(200256, 200459, 'A');
INSERT INTO movies VALUES(200257, 'Cavern of Anti-Matter - Liquid Gate', 'en', 2015, 90);
INSERT INTO people VALUES(200460, 'Peter', 'Strickland', NULL, NULL, 'M');
INSERT INTO credits VALUES(200257, 200460, 'D');
INSERT INTO movies VALUES(200258, 'What Our Fathers Did: A Nazi Legacy', 'en', 2015, 90);
INSERT INTO people VALUES(200461, 'David', 'Evans', NULL, NULL, 'M');
INSERT INTO credits VALUES(200258, 200461, 'D');
INSERT INTO people VALUES(200462, 'Niklas', 'Frank', NULL, NULL, 'M');
INSERT INTO credits VALUES(200258, 200462, 'A');
INSERT INTO movies VALUES(200259, 'Campus Code', 'en', 2015, 90);
INSERT INTO people VALUES(200463, 'Cathy', 'Scorsese', NULL, NULL, 'M');
INSERT INTO credits VALUES(200259, 200463, 'D');
INSERT INTO people VALUES(200464, 'Jack', 'Falahee', NULL, NULL, 'M');
INSERT INTO credits VALUES(200259, 200464, 'A');
INSERT INTO movies VALUES(200260, 'Terminator Genisys', 'en', 2015, 90);
INSERT INTO credits VALUES(200260, 200071, 'D');
INSERT INTO people VALUES(200465, 'Emilia', 'Clarke', NULL, NULL, 'F');
INSERT INTO credits VALUES(200260, 200465, 'A');
INSERT INTO movies VALUES(200261, 'The Robot Chicken Christmas Special: The X-Mas United', 'en', 2015, 90);
INSERT INTO people VALUES(200466, 'Tom', 'Sheppard', NULL, NULL, 'M');
INSERT INTO credits VALUES(200261, 200466, 'D');
INSERT INTO credits VALUES(200261, 200271, 'A');
INSERT INTO movies VALUES(200262, 'The von Trapp Family: A Life of Music', 'de', 2015, 90);
INSERT INTO people VALUES(200467, 'Ben', 'Verbong', NULL, NULL, 'M');
INSERT INTO credits VALUES(200262, 200467, 'D');
INSERT INTO people VALUES(200468, 'Matthew', 'Macfadyen', NULL, NULL, 'M');
INSERT INTO credits VALUES(200262, 200468, 'A');
INSERT INTO movies VALUES(200263, 'Star Wars: The Force Awakens', 'en', 2015, 90);
INSERT INTO people VALUES(200469, 'J.J.', 'Abrams', NULL, NULL, 'M');
INSERT INTO credits VALUES(200263, 200469, 'D');
INSERT INTO people VALUES(200470, 'Harrison', 'Ford', NULL, NULL, 'M');
INSERT INTO credits VALUES(200263, 200470, 'A');
INSERT INTO movies VALUES(200264, 'How to Vajaculate: If You Build It, She Will Come', 'en', 2015, 90);
INSERT INTO people VALUES(200471, 'Joey', 'Soloway', NULL, NULL, 'M');
INSERT INTO credits VALUES(200264, 200471, 'D');
INSERT INTO people VALUES(200472, 'Mel', 'Shimkovitz', NULL, NULL, 'F');
INSERT INTO credits VALUES(200264, 200472, 'A');
INSERT INTO movies VALUES(200265, '42nd Street Memories: The Rise and Fall of America''s Most Notorious Street', 'en', 2015, 90);
INSERT INTO credits VALUES(200265, 200054, 'D');
INSERT INTO people VALUES(200473, 'Matt', 'Cimber', NULL, NULL, 'M');
INSERT INTO credits VALUES(200265, 200473, 'A');
INSERT INTO movies VALUES(200266, 'La voce - Il talento può uccidere', 'it', 2015, 90);
INSERT INTO people VALUES(200474, 'Augusto', 'Zucchi', NULL, NULL, 'M');
INSERT INTO credits VALUES(200266, 200474, 'D');
INSERT INTO people VALUES(200475, 'Rocco', 'Papaleo', NULL, NULL, 'M');
INSERT INTO credits VALUES(200266, 200475, 'A');
INSERT INTO movies VALUES(200267, 'Sweet 20', 'vi', 2015, 90);
INSERT INTO people VALUES(200476, 'Phan', 'Gia Nhat Linh', NULL, NULL, 'M');
INSERT INTO credits VALUES(200267, 200476, 'D');
INSERT INTO people VALUES(200477, 'Miu', 'Lê', NULL, NULL, 'F');
INSERT INTO credits VALUES(200267, 200477, 'A');
INSERT INTO movies VALUES(200268, 'Biggest Band Break Ups and Make Ups', 'en', 2015, 90);
INSERT INTO people VALUES(200478, 'Guy', 'Evans', NULL, NULL, 'M');
INSERT INTO credits VALUES(200268, 200478, 'D');
INSERT INTO people VALUES(200479, 'Mark', 'Radcliffe', NULL, NULL, 'M');
INSERT INTO credits VALUES(200268, 200479, 'A');
INSERT INTO movies VALUES(200269, 'A Man Called Ove', 'sv', 2015, 90);
INSERT INTO people VALUES(200480, 'Hannes', 'Holm', NULL, NULL, 'M');
INSERT INTO credits VALUES(200269, 200480, 'D');
INSERT INTO people VALUES(200481, 'Rolf', 'Lassgård', NULL, NULL, 'M');
INSERT INTO credits VALUES(200269, 200481, 'A');
INSERT INTO movies VALUES(200270, 'The Mockingjay Lives: The Making of the Hunger Games: Mockingjay Part 1', 'en', 2015, 90);
INSERT INTO people VALUES(200482, 'Jon', 'Mefford', NULL, NULL, 'M');
INSERT INTO credits VALUES(200270, 200482, 'D');
INSERT INTO credits VALUES(200270, 200144, 'A');
INSERT INTO movies VALUES(200271, 'One Soldier''s Story: The Journey of American Sniper', 'en', 2015, 90);
INSERT INTO people VALUES(200483, 'Gary', 'Leva', NULL, NULL, 'M');
INSERT INTO credits VALUES(200271, 200483, 'D');
INSERT INTO people VALUES(200484, 'Philip', 'Terrence', NULL, NULL, 'M');
INSERT INTO credits VALUES(200271, 200484, 'A');
INSERT INTO movies VALUES(200272, 'The Screwball Comedy - When Hollywood Went Mad', 'fr', 2015, 90);
INSERT INTO people VALUES(200485, 'Clara', 'Kuperberg', NULL, NULL, 'M');
INSERT INTO credits VALUES(200272, 200485, 'D');
INSERT INTO movies VALUES(200273, 'Most Likely to Die', 'en', 2015, 90);
INSERT INTO people VALUES(200486, 'Anthony', 'DiBlasi', NULL, NULL, 'M');
INSERT INTO credits VALUES(200273, 200486, 'D');
INSERT INTO people VALUES(200487, 'Heather', 'Morris', NULL, NULL, 'F');
INSERT INTO credits VALUES(200273, 200487, 'A');
INSERT INTO movies VALUES(200274, 'The Elevator: Three Minutes Can Change Your Life', 'en', 2015, 90);
INSERT INTO people VALUES(200488, 'Massimo', 'Coglitore', NULL, NULL, 'M');
INSERT INTO credits VALUES(200274, 200488, 'D');
INSERT INTO people VALUES(200489, 'James', 'Parks', NULL, NULL, 'M');
INSERT INTO credits VALUES(200274, 200489, 'A');
INSERT INTO movies VALUES(200275, 'The Intern', 'en', 2015, 90);
INSERT INTO people VALUES(200490, 'Nancy', 'Meyers', NULL, NULL, 'M');
INSERT INTO credits VALUES(200275, 200490, 'D');
INSERT INTO people VALUES(200491, 'Robert', 'De Niro', NULL, NULL, 'M');
INSERT INTO credits VALUES(200275, 200491, 'A');
INSERT INTO movies VALUES(200276, 'Pixels', 'en', 2015, 90);
INSERT INTO people VALUES(200492, 'Chris', 'Columbus', NULL, NULL, 'M');
INSERT INTO credits VALUES(200276, 200492, 'D');
INSERT INTO credits VALUES(200276, 200045, 'A');
INSERT INTO movies VALUES(200277, 'Vacation', 'en', 2015, 90);
INSERT INTO people VALUES(200493, 'John', 'Francis Daley', NULL, NULL, 'M');
INSERT INTO credits VALUES(200277, 200493, 'D');
INSERT INTO people VALUES(200494, 'Ed', 'Helms', NULL, NULL, 'M');
INSERT INTO credits VALUES(200277, 200494, 'A');
INSERT INTO movies VALUES(200278, 'I''m All Yours', 'fr', 2015, 90);
INSERT INTO people VALUES(200495, 'Baya', 'Kasmi', NULL, NULL, 'M');
INSERT INTO credits VALUES(200278, 200495, 'D');
INSERT INTO people VALUES(200496, 'Vimala', 'Pons', NULL, NULL, 'F');
INSERT INTO credits VALUES(200278, 200496, 'A');
INSERT INTO movies VALUES(200279, 'Sicario', 'en', 2015, 90);
INSERT INTO credits VALUES(200279, 200073, 'D');
INSERT INTO people VALUES(200497, 'Emily', 'Blunt', NULL, NULL, 'F');
INSERT INTO credits VALUES(200279, 200497, 'A');
INSERT INTO movies VALUES(200280, 'Going Clear: Scientology and the Prison of Belief', 'en', 2015, 90);
INSERT INTO people VALUES(200498, 'Alex', 'Gibney', NULL, NULL, 'M');
INSERT INTO credits VALUES(200280, 200498, 'D');
INSERT INTO people VALUES(200499, 'Paul', 'Haggis', NULL, NULL, 'M');
INSERT INTO credits VALUES(200280, 200499, 'A');
INSERT INTO movies VALUES(200281, 'How to Beat a Bully', 'en', 2015, 90);
INSERT INTO people VALUES(200500, 'Doug', 'Bilitch', NULL, NULL, 'M');
INSERT INTO credits VALUES(200281, 200500, 'D');
INSERT INTO people VALUES(200501, 'Grant', 'McLellan', NULL, NULL, 'M');
INSERT INTO credits VALUES(200281, 200501, 'A');
INSERT INTO movies VALUES(200282, 'Bleak Street', 'es', 2015, 90);
INSERT INTO people VALUES(200502, 'Arturo', 'Ripstein', NULL, NULL, 'M');
INSERT INTO credits VALUES(200282, 200502, 'D');
INSERT INTO people VALUES(200503, 'Patricia', 'Reyes Spíndola', NULL, NULL, 'F');
INSERT INTO credits VALUES(200282, 200503, 'A');
INSERT INTO movies VALUES(200283, 'Lo que vale un peine', 'es', 2015, 90);
INSERT INTO people VALUES(200504, 'Rosa', 'Salido Serrano', NULL, NULL, 'M');
INSERT INTO credits VALUES(200283, 200504, 'D');
INSERT INTO people VALUES(200505, 'Alberto', 'Rodríguez', NULL, NULL, 'M');
INSERT INTO credits VALUES(200283, 200505, 'A');
INSERT INTO movies VALUES(200284, 'Professor Branestawm Returns', 'en', 2015, 90);
INSERT INTO people VALUES(200506, 'Sandy', 'Johnson', NULL, NULL, 'M');
INSERT INTO credits VALUES(200284, 200506, 'D');
INSERT INTO people VALUES(200507, 'Madeline', 'Holliday', NULL, NULL, 'F');
INSERT INTO credits VALUES(200284, 200507, 'A');
INSERT INTO movies VALUES(200285, 'LEGO DC Comics Super Heroes: Justice League - Attack of the Legion of Doom!', 'en', 2015, 90);
INSERT INTO people VALUES(200508, 'Rick', 'Morales', NULL, NULL, 'M');
INSERT INTO credits VALUES(200285, 200508, 'D');
INSERT INTO people VALUES(200509, 'Mark', 'Hamill', NULL, NULL, 'M');
INSERT INTO credits VALUES(200285, 200509, 'A');
INSERT INTO movies VALUES(200286, 'Girls'' Night Out', 'es', 2015, 90);
INSERT INTO people VALUES(200510, 'Manuela', 'Moreno', NULL, NULL, 'M');
INSERT INTO credits VALUES(200286, 200510, 'D');
INSERT INTO people VALUES(200511, 'Natalia', 'de Molina', NULL, NULL, 'F');
INSERT INTO credits VALUES(200286, 200511, 'A');
INSERT INTO movies VALUES(200287, 'Chappie', 'en', 2015, 90);
INSERT INTO people VALUES(200512, 'Neill', 'Blomkamp', NULL, NULL, 'M');
INSERT INTO credits VALUES(200287, 200512, 'D');
INSERT INTO people VALUES(200513, 'Sharlto', 'Copley', NULL, NULL, 'M');
INSERT INTO credits VALUES(200287, 200513, 'A');
INSERT INTO movies VALUES(200288, 'The Hateful Eight', 'en', 2015, 90);
INSERT INTO people VALUES(200514, 'Quentin', 'Tarantino', NULL, NULL, 'M');
INSERT INTO credits VALUES(200288, 200514, 'D');
INSERT INTO people VALUES(200515, 'Samuel', 'L. Jackson', NULL, NULL, 'M');
INSERT INTO credits VALUES(200288, 200515, 'A');
INSERT INTO movies VALUES(200289, 'Signed, Sealed, Delivered: From Paris with Love', 'en', 2015, 90);
INSERT INTO people VALUES(200516, 'Kevin', 'Fair', NULL, NULL, 'M');
INSERT INTO credits VALUES(200289, 200516, 'D');
INSERT INTO people VALUES(200517, 'Eric', 'Mabius', NULL, NULL, 'M');
INSERT INTO credits VALUES(200289, 200517, 'A');
INSERT INTO movies VALUES(200290, 'Female War: A Nasty Deal', 'ko', 2015, 90);
INSERT INTO people VALUES(200518, 'No', 'Zin-soo', NULL, NULL, 'M');
INSERT INTO credits VALUES(200290, 200518, 'D');
INSERT INTO people VALUES(200519, 'Kim', 'Sun-young', NULL, NULL, 'F');
INSERT INTO credits VALUES(200290, 200519, 'A');
INSERT INTO movies VALUES(200291, 'In the Grayscale', 'es', 2015, 90);
INSERT INTO people VALUES(200520, 'Claudio', 'Marcone', NULL, NULL, 'M');
INSERT INTO credits VALUES(200291, 200520, 'D');
INSERT INTO people VALUES(200521, 'Francisco', 'Celhay', NULL, NULL, 'M');
INSERT INTO credits VALUES(200291, 200521, 'A');
INSERT INTO movies VALUES(200292, 'The Man with the Iron Fists 2', 'en', 2015, 90);
INSERT INTO people VALUES(200522, 'Roel', 'Reiné', NULL, NULL, 'M');
INSERT INTO credits VALUES(200292, 200522, 'D');
INSERT INTO people VALUES(200523, 'RZA', '', NULL, NULL, 'M');
INSERT INTO credits VALUES(200292, 200523, 'A');
INSERT INTO movies VALUES(200293, 'Ant-Man', 'en', 2015, 90);
INSERT INTO people VALUES(200524, 'Peyton', 'Reed', NULL, NULL, 'M');
INSERT INTO credits VALUES(200293, 200524, 'D');
INSERT INTO people VALUES(200525, 'Paul', 'Rudd', NULL, NULL, 'M');
INSERT INTO credits VALUES(200293, 200525, 'A');
INSERT INTO movies VALUES(200294, 'Mission: Impossible - Rogue Nation', 'en', 2015, 90);
INSERT INTO people VALUES(200526, 'Christopher', 'McQuarrie', NULL, NULL, 'M');
INSERT INTO credits VALUES(200294, 200526, 'D');
INSERT INTO credits VALUES(200294, 200158, 'A');
INSERT INTO movies VALUES(200295, 'Scouts Guide to the Zombie Apocalypse', 'en', 2015, 90);
INSERT INTO people VALUES(200527, 'Christopher', 'Landon', NULL, NULL, 'M');
INSERT INTO credits VALUES(200295, 200527, 'D');
INSERT INTO people VALUES(200528, 'Tye', 'Sheridan', NULL, NULL, 'M');
INSERT INTO credits VALUES(200295, 200528, 'A');
INSERT INTO movies VALUES(200296, 'Öl - Die Wahrheit über den Untergang der DDR', 'de', 2015, 90);
INSERT INTO people VALUES(200529, 'Niki', 'Stein', NULL, NULL, 'M');
INSERT INTO credits VALUES(200296, 200529, 'D');
INSERT INTO people VALUES(200530, 'Katharina', 'Hackhausen', NULL, NULL, 'F');
INSERT INTO credits VALUES(200296, 200530, 'A');
INSERT INTO movies VALUES(200297, 'Creed', 'en', 2015, 90);
INSERT INTO people VALUES(200531, 'Ryan', 'Coogler', NULL, NULL, 'M');
INSERT INTO credits VALUES(200297, 200531, 'D');
INSERT INTO people VALUES(200532, 'Michael', 'B. Jordan', NULL, NULL, 'M');
INSERT INTO credits VALUES(200297, 200532, 'A');
INSERT INTO movies VALUES(200298, 'Twilight Storytellers: The Mary Alice Brandon File', 'en', 2015, 90);
INSERT INTO people VALUES(200533, 'Kailey', 'Spear', NULL, NULL, 'M');
INSERT INTO credits VALUES(200298, 200533, 'D');
INSERT INTO people VALUES(200534, 'Paloma', 'Kwiatkowski', NULL, NULL, 'F');
INSERT INTO credits VALUES(200298, 200534, 'A');
INSERT INTO movies VALUES(200299, 'Atomic: Living in Dread and Promise', 'en', 2015, 90);
INSERT INTO people VALUES(200535, 'Mark', 'Cousins', NULL, NULL, 'M');
INSERT INTO credits VALUES(200299, 200535, 'D');
INSERT INTO movies VALUES(200300, 'Zootopia', 'en', 2016, 90);
INSERT INTO people VALUES(200536, 'Byron', 'Howard', NULL, NULL, 'M');
INSERT INTO credits VALUES(200300, 200536, 'D');
INSERT INTO people VALUES(200537, 'Ginnifer', 'Goodwin', NULL, NULL, 'F');
INSERT INTO credits VALUES(200300, 200537, 'A');
INSERT INTO movies VALUES(200301, 'Your Name.', 'ja', 2016, 90);
INSERT INTO people VALUES(200538, 'Makoto', 'Shinkai', NULL, NULL, 'M');
INSERT INTO credits VALUES(200301, 200538, 'D');
INSERT INTO people VALUES(200539, 'Ryunosuke', 'Kamiki', NULL, NULL, 'M');
INSERT INTO credits VALUES(200301, 200539, 'A');
INSERT INTO movies VALUES(200302, 'Me Before You', 'en', 2016, 90);
INSERT INTO people VALUES(200540, 'Thea', 'Sharrock', NULL, NULL, 'M');
INSERT INTO credits VALUES(200302, 200540, 'D');
INSERT INTO credits VALUES(200302, 200465, 'A');
INSERT INTO movies VALUES(200303, 'The World''s Greatest Head Massage: An ASMR Journey', 'en', 2016, 90);
INSERT INTO people VALUES(200541, 'Mat', 'Hames', NULL, NULL, 'M');
INSERT INTO credits VALUES(200303, 200541, 'D');
INSERT INTO people VALUES(200542, 'Gavin', 'Free', NULL, NULL, 'M');
INSERT INTO credits VALUES(200303, 200542, 'A');
INSERT INTO movies VALUES(200304, 'Captain America: Civil War', 'en', 2016, 90);
INSERT INTO people VALUES(200543, 'Joe', 'Russo', NULL, NULL, 'M');
INSERT INTO credits VALUES(200304, 200543, 'D');
INSERT INTO credits VALUES(200304, 200088, 'A');
INSERT INTO movies VALUES(200305, 'Hacksaw Ridge', 'en', 2016, 90);
INSERT INTO people VALUES(200544, 'Mel', 'Gibson', NULL, NULL, 'M');
INSERT INTO credits VALUES(200305, 200544, 'D');
INSERT INTO credits VALUES(200305, 200226, 'A');
INSERT INTO movies VALUES(200306, 'Now You See Me 2', 'en', 2016, 90);
INSERT INTO people VALUES(200545, 'Jon', 'M. Chu', NULL, NULL, 'M');
INSERT INTO credits VALUES(200306, 200545, 'D');
INSERT INTO credits VALUES(200306, 200005, 'A');
INSERT INTO movies VALUES(200307, 'Train to Busan', 'ko', 2016, 90);
INSERT INTO people VALUES(200546, 'Yeon', 'Sang-ho', NULL, NULL, 'M');
INSERT INTO credits VALUES(200307, 200546, 'D');
INSERT INTO people VALUES(200547, 'Gong', 'Yoo', NULL, NULL, 'M');
INSERT INTO credits VALUES(200307, 200547, 'A');
INSERT INTO movies VALUES(200308, 'Deadpool', 'en', 2016, 90);
INSERT INTO people VALUES(200548, 'Tim', 'Miller', NULL, NULL, 'M');
INSERT INTO credits VALUES(200308, 200548, 'D');
INSERT INTO people VALUES(200549, 'Ryan', 'Reynolds', NULL, NULL, 'M');
INSERT INTO credits VALUES(200308, 200549, 'A');
INSERT INTO movies VALUES(200309, 'Science Fiction Volume One: The Osiris Child', 'en', 2016, 90);
INSERT INTO people VALUES(200550, 'Shane', 'Abbess', NULL, NULL, 'M');
INSERT INTO credits VALUES(200309, 200550, 'D');
INSERT INTO credits VALUES(200309, 200135, 'A');
INSERT INTO movies VALUES(200310, 'Pop in Q', 'ja', 2016, 90);
INSERT INTO people VALUES(200551, 'Naoki', 'Miyahara', NULL, NULL, 'M');
INSERT INTO credits VALUES(200310, 200551, 'D');
INSERT INTO people VALUES(200552, 'Asami', 'Seto', NULL, NULL, 'F');
INSERT INTO credits VALUES(200310, 200552, 'A');
INSERT INTO movies VALUES(200311, 'Batman v Superman: Dawn of Justice', 'en', 2016, 90);
INSERT INTO credits VALUES(200311, 200038, 'D');
INSERT INTO credits VALUES(200311, 200218, 'A');
INSERT INTO movies VALUES(200312, 'The Past Inside The Present', 'en', 2016, 90);
INSERT INTO people VALUES(200553, 'James', 'Siewert', NULL, NULL, 'M');
INSERT INTO credits VALUES(200312, 200553, 'D');
INSERT INTO people VALUES(200554, 'Schuyler', 'Helford', NULL, NULL, 'F');
INSERT INTO credits VALUES(200312, 200554, 'A');
INSERT INTO movies VALUES(200313, 'Versus: The Life and Films of Ken Loach', 'en', 2016, 90);
INSERT INTO people VALUES(200555, 'Louise', 'Osmond', NULL, NULL, 'M');
INSERT INTO credits VALUES(200313, 200555, 'D');
INSERT INTO people VALUES(200556, 'Ken', 'Loach', NULL, NULL, 'M');
INSERT INTO credits VALUES(200313, 200556, 'A');
INSERT INTO movies VALUES(200314, 'Metti, una sera a cena con Peppino', 'it', 2016, 90);
INSERT INTO people VALUES(200557, 'Antonio', 'Maria Castaldo', NULL, NULL, 'M');
INSERT INTO credits VALUES(200314, 200557, 'D');
INSERT INTO people VALUES(200558, 'Giuseppe', 'Patroni Griffi', NULL, NULL, 'M');
INSERT INTO credits VALUES(200314, 200558, 'A');
INSERT INTO movies VALUES(200315, 'Boyka: Undisputed IV', 'en', 2016, 90);
INSERT INTO people VALUES(200559, 'Todor', 'Chapkanov', NULL, NULL, 'M');
INSERT INTO credits VALUES(200315, 200559, 'D');
INSERT INTO people VALUES(200560, 'Scott', 'Adkins', NULL, NULL, 'M');
INSERT INTO credits VALUES(200315, 200560, 'A');
INSERT INTO movies VALUES(200316, 'Grand Hotel', 'no', 2016, 90);
INSERT INTO people VALUES(200561, 'Arild', 'Fröhlich', NULL, NULL, 'M');
INSERT INTO credits VALUES(200316, 200561, 'D');
INSERT INTO people VALUES(200562, 'Atle', 'Antonsen', NULL, NULL, 'M');
INSERT INTO credits VALUES(200316, 200562, 'A');
INSERT INTO movies VALUES(200317, 'Du vent dans les branches de sassafras', 'fr', 2016, 90);
INSERT INTO people VALUES(200563, 'Emmanuel', 'Murat', NULL, NULL, 'M');
INSERT INTO credits VALUES(200317, 200563, 'D');
INSERT INTO people VALUES(200564, 'François', 'Berléand', NULL, NULL, 'M');
INSERT INTO credits VALUES(200317, 200564, 'A');
INSERT INTO movies VALUES(200318, 'The Handmaiden', 'ko', 2016, 90);
INSERT INTO people VALUES(200565, 'Park', 'Chan-wook', NULL, NULL, 'M');
INSERT INTO credits VALUES(200318, 200565, 'D');
INSERT INTO people VALUES(200566, 'Kim', 'Min-hee', NULL, NULL, 'F');
INSERT INTO credits VALUES(200318, 200566, 'A');
INSERT INTO movies VALUES(200319, 'Between Cuba and Mexico, Everything is Bonito & Sabroso', 'en', 2016, 90);
INSERT INTO people VALUES(200567, 'Idalmis', 'Del Risco', NULL, NULL, 'M');
INSERT INTO credits VALUES(200319, 200567, 'D');
INSERT INTO people VALUES(200568, 'Rosita', 'Fornés', NULL, NULL, 'F');
INSERT INTO credits VALUES(200319, 200568, 'A');
INSERT INTO movies VALUES(200320, 'De Puerto Rico para el mundo', 'es', 2016, 90);
INSERT INTO people VALUES(200569, 'Carlitos', 'Ruiz Ruiz', NULL, NULL, 'M');
INSERT INTO credits VALUES(200320, 200569, 'D');
INSERT INTO people VALUES(200570, 'Ismael', 'Miranda', NULL, NULL, 'M');
INSERT INTO credits VALUES(200320, 200570, 'A');
INSERT INTO movies VALUES(200321, 'How to Lose Weight in 4 Easy Steps!', 'en', 2016, 90);
INSERT INTO people VALUES(200571, 'Ben', 'Berman', NULL, NULL, 'M');
INSERT INTO credits VALUES(200321, 200571, 'D');
INSERT INTO people VALUES(200572, 'Beck', 'Bennett', NULL, NULL, 'M');
INSERT INTO credits VALUES(200321, 200572, 'A');
INSERT INTO movies VALUES(200322, 'Close Encounters with Vilmos Zsigmond', 'en', 2016, 90);
INSERT INTO people VALUES(200573, 'Pierre', 'Filmon', NULL, NULL, 'M');
INSERT INTO credits VALUES(200322, 200573, 'D');
INSERT INTO people VALUES(200574, 'Vilmos', 'Zsigmond', NULL, NULL, 'M');
INSERT INTO credits VALUES(200322, 200574, 'A');
INSERT INTO movies VALUES(200323, 'Ninjago: Masters of Spinjitzu - Day of the Departed', 'en', 2016, 90);
INSERT INTO people VALUES(200575, 'Peter', 'Hausner', NULL, NULL, 'M');
INSERT INTO credits VALUES(200323, 200575, 'D');
INSERT INTO people VALUES(200576, 'Kirby', 'Morrow', NULL, NULL, 'M');
INSERT INTO credits VALUES(200323, 200576, 'A');
INSERT INTO movies VALUES(200324, 'The Best Democracy Money Can Buy', 'en', 2016, 90);
INSERT INTO people VALUES(200577, 'David', 'Ambrose', NULL, NULL, 'M');
INSERT INTO credits VALUES(200324, 200577, 'D');
INSERT INTO people VALUES(200578, 'Rosario', 'Dawson', NULL, NULL, 'F');
INSERT INTO credits VALUES(200324, 200578, 'A');
INSERT INTO movies VALUES(200325, 'Abandoned', 'en', 2016, 90);
INSERT INTO people VALUES(200579, 'John', 'Laing', NULL, NULL, 'M');
INSERT INTO credits VALUES(200325, 200579, 'D');
INSERT INTO people VALUES(200580, 'Dominic', 'Purcell', NULL, NULL, 'M');
INSERT INTO credits VALUES(200325, 200580, 'A');
INSERT INTO movies VALUES(200326, 'La La Land', 'en', 2016, 90);
INSERT INTO credits VALUES(200326, 200207, 'D');
INSERT INTO people VALUES(200581, 'Ryan', 'Gosling', NULL, NULL, 'M');
INSERT INTO credits VALUES(200326, 200581, 'A');
INSERT INTO movies VALUES(200327, 'Surviving Compton: Dre, Suge and Michel''le', 'en', 2016, 90);
INSERT INTO people VALUES(200582, 'Janice', 'Cooke', NULL, NULL, 'M');
INSERT INTO credits VALUES(200327, 200582, 'D');
INSERT INTO people VALUES(200583, 'Michel''le', '', NULL, NULL, 'F');
INSERT INTO credits VALUES(200327, 200583, 'A');
INSERT INTO movies VALUES(200328, 'Waffles and Bullet Holes: A Return to Sioux Falls', 'en', 2016, 90);
INSERT INTO people VALUES(200584, 'Keith', 'Gordon', NULL, NULL, 'M');
INSERT INTO credits VALUES(200328, 200584, 'D');
INSERT INTO credits VALUES(200328, 200098, 'A');
INSERT INTO movies VALUES(200329, 'Rustom', 'hi', 2016, 90);
INSERT INTO people VALUES(200585, 'Tinu', 'Suresh Desai', NULL, NULL, 'M');
INSERT INTO credits VALUES(200329, 200585, 'D');
INSERT INTO people VALUES(200586, 'Akshay', 'Kumar', NULL, NULL, 'M');
INSERT INTO credits VALUES(200329, 200586, 'A');
INSERT INTO movies VALUES(200330, 'LEGO DC Comics Super Heroes: Justice League - Gotham City Breakout', 'en', 2016, 90);
INSERT INTO people VALUES(200587, 'Matt', 'Peters', NULL, NULL, 'M');
INSERT INTO credits VALUES(200330, 200587, 'D');
INSERT INTO people VALUES(200588, 'Troy', 'Baker', NULL, NULL, 'M');
INSERT INTO credits VALUES(200330, 200588, 'A');
INSERT INTO movies VALUES(200331, 'Eat That Question: Frank Zappa in His Own Words', 'en', 2016, 90);
INSERT INTO people VALUES(200589, 'Thorsten', 'Schütte', NULL, NULL, 'M');
INSERT INTO credits VALUES(200331, 200589, 'D');
INSERT INTO people VALUES(200590, 'Frank', 'Zappa', NULL, NULL, 'M');
INSERT INTO credits VALUES(200331, 200590, 'A');
INSERT INTO movies VALUES(200332, 'Rasberries', 'en', 2016, 90);
INSERT INTO people VALUES(200591, 'Ahamed', 'Weinberg', NULL, NULL, 'M');
INSERT INTO credits VALUES(200332, 200591, 'D');
INSERT INTO people VALUES(200592, 'Joe', 'Marrese', NULL, NULL, 'M');
INSERT INTO credits VALUES(200332, 200592, 'A');
INSERT INTO movies VALUES(200333, 'Let''s Do It: A Tribute to Victoria Wood', 'en', 2016, 90);
INSERT INTO people VALUES(200593, 'Andrew', 'Nicholson', NULL, NULL, 'M');
INSERT INTO credits VALUES(200333, 200593, 'D');
INSERT INTO people VALUES(200594, 'Victoria', 'Wood', NULL, NULL, 'F');
INSERT INTO credits VALUES(200333, 200594, 'A');
INSERT INTO movies VALUES(200334, 'Ainda Não Acabámos: Como Se Fosse Uma Carta', 'pt', 2016, 90);
INSERT INTO people VALUES(200595, 'Jorge', 'Silva Melo', NULL, NULL, 'M');
INSERT INTO credits VALUES(200334, 200595, 'D');
INSERT INTO credits VALUES(200334, 200595, 'A');
INSERT INTO movies VALUES(200335, 'Struggle for Life', 'fr', 2016, 90);
INSERT INTO people VALUES(200596, 'Antonin', 'Peretjatko', NULL, NULL, 'M');
INSERT INTO credits VALUES(200335, 200596, 'D');
INSERT INTO people VALUES(200597, 'Vincent', 'Macaigne', NULL, NULL, 'M');
INSERT INTO credits VALUES(200335, 200597, 'A');
INSERT INTO movies VALUES(200336, 'Emma nach Mitternacht - Der Wolf und die sieben Geiseln', 'de', 2016, 90);
INSERT INTO people VALUES(200598, 'Torsten', 'C. Fischer', NULL, NULL, 'M');
INSERT INTO credits VALUES(200336, 200598, 'D');
INSERT INTO people VALUES(200599, 'Katja', 'Riemann', NULL, NULL, 'F');
INSERT INTO credits VALUES(200336, 200599, 'A');
INSERT INTO movies VALUES(200337, 'Must See TV: An All Star Tribute to James Burrows', 'en', 2016, 90);
INSERT INTO people VALUES(200600, 'Ryan', 'Polito', NULL, NULL, 'M');
INSERT INTO credits VALUES(200337, 200600, 'D');
INSERT INTO people VALUES(200601, 'Jennifer', 'Aniston', NULL, NULL, 'F');
INSERT INTO credits VALUES(200337, 200601, 'A');
INSERT INTO movies VALUES(200338, 'Donald Trump''s The Art of the Deal: The Movie', 'en', 2016, 90);
INSERT INTO people VALUES(200602, 'Jeremy', 'Konner', NULL, NULL, 'M');
INSERT INTO credits VALUES(200338, 200602, 'D');
INSERT INTO people VALUES(200603, 'Johnny', 'Depp', NULL, NULL, 'M');
INSERT INTO credits VALUES(200338, 200603, 'A');
INSERT INTO movies VALUES(200339, 'Il était une fois... « Le procès de Viviane Amsalem »', 'fr', 2016, 90);
INSERT INTO people VALUES(200604, 'Yossi', 'Aviram', NULL, NULL, 'M');
INSERT INTO credits VALUES(200339, 200604, 'D');
INSERT INTO people VALUES(200605, 'Ronit', 'Elkabetz', NULL, NULL, 'F');
INSERT INTO credits VALUES(200339, 200605, 'A');
INSERT INTO movies VALUES(200340, 'Disney''s Broadway Hits at London''s Royal Albert Hall', 'en', 2016, 90);
INSERT INTO people VALUES(200606, 'Jay', 'Hatcher', NULL, NULL, 'M');
INSERT INTO credits VALUES(200340, 200606, 'D');
INSERT INTO people VALUES(200607, 'John', 'Barrowman', NULL, NULL, 'M');
INSERT INTO credits VALUES(200340, 200607, 'A');
INSERT INTO movies VALUES(200341, 'The Beatles: Eight Days a Week - The Touring Years', 'en', 2016, 90);
INSERT INTO credits VALUES(200341, 200136, 'D');
INSERT INTO people VALUES(200608, 'Paul', 'McCartney', NULL, NULL, 'M');
INSERT INTO credits VALUES(200341, 200608, 'A');
INSERT INTO movies VALUES(200342, 'Arrival', 'en', 2016, 90);
INSERT INTO credits VALUES(200342, 200073, 'D');
INSERT INTO people VALUES(200609, 'Amy', 'Adams', NULL, NULL, 'F');
INSERT INTO credits VALUES(200342, 200609, 'A');
INSERT INTO movies VALUES(200343, 'Zombi Apocalipsis Sensuale 2: Zombis Nazis en la Yungla', 'es', 2016, 90);
INSERT INTO people VALUES(200610, 'Germán', 'Magariños', NULL, NULL, 'M');
INSERT INTO credits VALUES(200343, 200610, 'D');
INSERT INTO people VALUES(200611, 'Vic', 'Cicuta', NULL, NULL, 'M');
INSERT INTO credits VALUES(200343, 200611, 'A');
INSERT INTO movies VALUES(200344, 'Ken Jacobs / diNMachine @ The Nervous Magic Lantern Festival', 'xx', 2016, 90);
INSERT INTO people VALUES(200612, 'Ken', 'Jacobs', NULL, NULL, 'M');
INSERT INTO credits VALUES(200344, 200612, 'D');
INSERT INTO movies VALUES(200345, 'Art-house Martial Arts — Tony Rayns on A Touch of Zen', 'en', 2016, 90);
INSERT INTO people VALUES(200613, 'Angie', 'Bucknell', NULL, NULL, 'M');
INSERT INTO credits VALUES(200345, 200613, 'D');
INSERT INTO people VALUES(200614, 'Tony', 'Rayns', NULL, NULL, 'M');
INSERT INTO credits VALUES(200345, 200614, 'A');
INSERT INTO movies VALUES(200346, 'All Roads Lead to Rome', 'en', 2016, 90);
INSERT INTO people VALUES(200615, 'Ella', 'Lemhagen', NULL, NULL, 'M');
INSERT INTO credits VALUES(200346, 200615, 'D');
INSERT INTO people VALUES(200616, 'Sarah', 'Jessica Parker', NULL, NULL, 'F');
INSERT INTO credits VALUES(200346, 200616, 'A');
INSERT INTO movies VALUES(200347, 'Fantastic Beasts and Where to Find Them', 'en', 2016, 90);
INSERT INTO people VALUES(200617, 'David', 'Yates', NULL, NULL, 'M');
INSERT INTO credits VALUES(200347, 200617, 'D');
INSERT INTO people VALUES(200618, 'Eddie', 'Redmayne', NULL, NULL, 'M');
INSERT INTO credits VALUES(200347, 200618, 'A');
INSERT INTO movies VALUES(200348, 'Seattle Road', 'en', 2016, 90);
INSERT INTO people VALUES(200619, 'Ryan', 'David', NULL, NULL, 'M');
INSERT INTO credits VALUES(200348, 200619, 'D');
INSERT INTO people VALUES(200620, 'Julia', 'Voth', NULL, NULL, 'F');
INSERT INTO credits VALUES(200348, 200620, 'A');
INSERT INTO movies VALUES(200349, 'The Cat In The Hat Knows A Lot About Halloween!', 'en', 2016, 90);
INSERT INTO people VALUES(200621, 'Martin', 'Short', NULL, NULL, 'M');
INSERT INTO credits VALUES(200349, 200621, 'A');
INSERT INTO movies VALUES(200350, 'Hillary''s America: The Secret History of the Democratic Party', 'en', 2016, 90);
INSERT INTO people VALUES(200622, 'Dinesh', 'D''Souza', NULL, NULL, 'M');
INSERT INTO credits VALUES(200350, 200622, 'D');
INSERT INTO credits VALUES(200350, 200622, 'A');
INSERT INTO movies VALUES(200351, 'Independence Day: Resurgence', 'en', 2016, 90);
INSERT INTO people VALUES(200623, 'Roland', 'Emmerich', NULL, NULL, 'M');
INSERT INTO credits VALUES(200351, 200623, 'D');
INSERT INTO people VALUES(200624, 'Liam', 'Hemsworth', NULL, NULL, 'M');
INSERT INTO credits VALUES(200351, 200624, 'A');
INSERT INTO movies VALUES(200352, 'God''s Not Dead 2', 'en', 2016, 90);
INSERT INTO people VALUES(200625, 'Harold', 'Cronk', NULL, NULL, 'M');
INSERT INTO credits VALUES(200352, 200625, 'D');
INSERT INTO people VALUES(200626, 'Jesse', 'Metcalfe', NULL, NULL, 'M');
INSERT INTO credits VALUES(200352, 200626, 'A');
INSERT INTO movies VALUES(200353, 'Norman: The Moderate Rise and Tragic Fall of a New York Fixer', 'en', 2016, 90);
INSERT INTO people VALUES(200627, 'Joseph', 'Cedar', NULL, NULL, 'M');
INSERT INTO credits VALUES(200353, 200627, 'D');
INSERT INTO people VALUES(200628, 'Richard', 'Gere', NULL, NULL, 'M');
INSERT INTO credits VALUES(200353, 200628, 'A');
INSERT INTO movies VALUES(200354, 'Doctor Strange', 'en', 2016, 90);
INSERT INTO people VALUES(200629, 'Scott', 'Derrickson', NULL, NULL, 'M');
INSERT INTO credits VALUES(200354, 200629, 'D');
INSERT INTO credits VALUES(200354, 200223, 'A');
INSERT INTO movies VALUES(200355, 'The Conjuring 2', 'en', 2016, 90);
INSERT INTO credits VALUES(200355, 200006, 'D');
INSERT INTO credits VALUES(200355, 200007, 'A');
INSERT INTO movies VALUES(200356, 'Les Enfoirés 2016 - Au rendez-vous des Enfoirés', 'fr', 2016, 90);
INSERT INTO people VALUES(200630, 'Pascal', 'Duchêne', NULL, NULL, 'M');
INSERT INTO credits VALUES(200356, 200630, 'D');
INSERT INTO people VALUES(200631, 'Jean-Louis', 'Aubert', NULL, NULL, 'M');
INSERT INTO credits VALUES(200356, 200631, 'A');
INSERT INTO movies VALUES(200357, 'Livers of Darkness: Making "Dude Bro Party Massacre III"', 'en', 2016, 90);
INSERT INTO people VALUES(200632, 'Mike', 'James', NULL, NULL, 'M');
INSERT INTO credits VALUES(200357, 200632, 'D');
INSERT INTO people VALUES(200633, 'Michael', 'E. Peter', NULL, NULL, 'M');
INSERT INTO credits VALUES(200357, 200633, 'A');
INSERT INTO movies VALUES(200358, 'Pelé: Birth of a Legend', 'en', 2016, 90);
INSERT INTO people VALUES(200634, 'Jeff', 'Zimbalist', NULL, NULL, 'M');
INSERT INTO credits VALUES(200358, 200634, 'D');
INSERT INTO people VALUES(200635, 'Kevin', 'de Paula', NULL, NULL, 'M');
INSERT INTO credits VALUES(200358, 200635, 'A');
INSERT INTO movies VALUES(200359, 'It Takes a Village: The Making of Village of the Damned', 'en', 2016, 90);
INSERT INTO people VALUES(200636, 'Sean', 'Clark', NULL, NULL, 'M');
INSERT INTO credits VALUES(200359, 200636, 'D');
INSERT INTO people VALUES(200637, 'John', 'Carpenter', NULL, NULL, 'M');
INSERT INTO credits VALUES(200359, 200637, 'A');
INSERT INTO movies VALUES(200360, 'RE:BORN', 'ja', 2016, 90);
INSERT INTO people VALUES(200638, 'Yuji', 'Shimomura', NULL, NULL, 'M');
INSERT INTO credits VALUES(200360, 200638, 'D');
INSERT INTO people VALUES(200639, 'Tak', 'Sakaguchi', NULL, NULL, 'M');
INSERT INTO credits VALUES(200360, 200639, 'A');
INSERT INTO movies VALUES(200361, 'De Prinses Op De Erwt: Een Modern Sprookje', 'nl', 2016, 90);
INSERT INTO people VALUES(200640, 'Loes', 'Luca', NULL, NULL, 'F');
INSERT INTO credits VALUES(200361, 200640, 'A');
INSERT INTO movies VALUES(200362, 'Milli Vanilli: From Fame to Shame', 'en', 2016, 90);
INSERT INTO credits VALUES(200362, 200439, 'D');
INSERT INTO people VALUES(200641, 'Fab', 'Morvan', NULL, NULL, 'M');
INSERT INTO credits VALUES(200362, 200641, 'A');
INSERT INTO movies VALUES(200363, 'Bulan Terbelah di Langit Amerika 2', 'id', 2016, 90);
INSERT INTO people VALUES(200642, 'Rizal', 'Mantovani', NULL, NULL, 'M');
INSERT INTO credits VALUES(200363, 200642, 'D');
INSERT INTO credits VALUES(200363, 200279, 'A');
INSERT INTO movies VALUES(200364, 'The Jungle Book', 'en', 2016, 90);
INSERT INTO people VALUES(200643, 'Jon', 'Favreau', NULL, NULL, 'M');
INSERT INTO credits VALUES(200364, 200643, 'D');
INSERT INTO people VALUES(200644, 'Neel', 'Sethi', NULL, NULL, 'M');
INSERT INTO credits VALUES(200364, 200644, 'A');
INSERT INTO movies VALUES(200365, 'Mom''s Friend 2', 'ko', 2016, 90);
INSERT INTO people VALUES(200645, 'Lim', 'Hyun-tae', NULL, NULL, 'M');
INSERT INTO credits VALUES(200365, 200645, 'D');
INSERT INTO people VALUES(200646, 'Park', 'Joo-bin', NULL, NULL, 'F');
INSERT INTO credits VALUES(200365, 200646, 'A');
INSERT INTO movies VALUES(200366, 'Tales of an Immoral Couple', 'es', 2016, 90);
INSERT INTO credits VALUES(200366, 200077, 'D');
INSERT INTO people VALUES(200647, 'Cecilia', 'Suárez', NULL, NULL, 'F');
INSERT INTO credits VALUES(200366, 200647, 'A');
INSERT INTO movies VALUES(200367, 'Almuth und Rita - Zwei wie Pech und Schwefel', 'de', 2016, 90);
INSERT INTO people VALUES(200648, 'Nikolai', 'Müllerschön', NULL, NULL, 'M');
INSERT INTO credits VALUES(200367, 200648, 'D');
INSERT INTO people VALUES(200649, 'Senta', 'Berger', NULL, NULL, 'F');
INSERT INTO credits VALUES(200367, 200649, 'A');
INSERT INTO movies VALUES(200368, 'New Girls in Town: A Resurgence of Women''s Wrestling', 'en', 2016, 90);
INSERT INTO people VALUES(200650, 'Gezus', 'Zaire', NULL, NULL, 'M');
INSERT INTO credits VALUES(200368, 200650, 'D');
INSERT INTO people VALUES(200651, 'Stephanie', 'Hym Lee', NULL, NULL, 'F');
INSERT INTO credits VALUES(200368, 200651, 'A');
INSERT INTO movies VALUES(200369, 'On Air: Storia di Un Successo', 'it', 2016, 90);
INSERT INTO people VALUES(200652, 'Davide', 'Simon Mazzoli', NULL, NULL, 'M');
INSERT INTO credits VALUES(200369, 200652, 'D');
INSERT INTO people VALUES(200653, 'Marco', 'Mazzoli', NULL, NULL, 'M');
INSERT INTO credits VALUES(200369, 200653, 'A');
INSERT INTO movies VALUES(200370, 'Hidden Figures', 'en', 2016, 90);
INSERT INTO people VALUES(200654, 'Theodore', 'Melfi', NULL, NULL, 'M');
INSERT INTO credits VALUES(200370, 200654, 'D');
INSERT INTO people VALUES(200655, 'Taraji', 'P. Henson', NULL, NULL, 'F');
INSERT INTO credits VALUES(200370, 200655, 'A');
INSERT INTO movies VALUES(200371, 'No Letting Go', 'en', 2016, 90);
INSERT INTO people VALUES(200656, 'Jonathan', 'D. Bucari', NULL, NULL, 'M');
INSERT INTO credits VALUES(200371, 200656, 'D');
INSERT INTO people VALUES(200657, 'Cheryl', 'Allison', NULL, NULL, 'F');
INSERT INTO credits VALUES(200371, 200657, 'A');
INSERT INTO movies VALUES(200372, 'The Rocky Horror Picture Show: Let''s Do the Time Warp Again', 'en', 2016, 90);
INSERT INTO people VALUES(200658, 'Kenny', 'Ortega', NULL, NULL, 'M');
INSERT INTO credits VALUES(200372, 200658, 'D');
INSERT INTO people VALUES(200659, 'Laverne', 'Cox', NULL, NULL, 'F');
INSERT INTO credits VALUES(200372, 200659, 'A');
INSERT INTO movies VALUES(200373, 'Sing', 'en', 2016, 90);
INSERT INTO people VALUES(200660, 'Garth', 'Jennings', NULL, NULL, 'M');
INSERT INTO credits VALUES(200373, 200660, 'D');
INSERT INTO credits VALUES(200373, 200189, 'A');
INSERT INTO movies VALUES(200374, 'Jak básníci čekají na zázrak', 'cs', 2016, 90);
INSERT INTO people VALUES(200661, 'Dušan', 'Klein', NULL, NULL, 'M');
INSERT INTO credits VALUES(200374, 200661, 'D');
INSERT INTO people VALUES(200662, 'Pavel', 'Kříž', NULL, NULL, 'M');
INSERT INTO credits VALUES(200374, 200662, 'A');
INSERT INTO movies VALUES(200375, 'Party Time: The Music of Return of the Living Dead', 'en', 2016, 90);
INSERT INTO people VALUES(200663, 'David', 'Gregory', NULL, NULL, 'M');
INSERT INTO credits VALUES(200375, 200663, 'D');
INSERT INTO people VALUES(200664, 'Dinah', 'Cancer', NULL, NULL, 'F');
INSERT INTO credits VALUES(200375, 200664, 'A');
INSERT INTO movies VALUES(200376, 'Winnetou - A New World', 'de', 2016, 90);
INSERT INTO people VALUES(200665, 'Philipp', 'Stölzl', NULL, NULL, 'M');
INSERT INTO credits VALUES(200376, 200665, 'D');
INSERT INTO credits VALUES(200376, 200168, 'A');
INSERT INTO movies VALUES(200377, 'Signed, Sealed, Delivered: One in a Million', 'en', 2016, 90);
INSERT INTO credits VALUES(200377, 200516, 'D');
INSERT INTO credits VALUES(200377, 200517, 'A');
INSERT INTO movies VALUES(200378, 'Enlighten Us: The Rise and Fall of James Arthur Ray', 'en', 2016, 90);
INSERT INTO people VALUES(200666, 'Jenny', 'Carchman', NULL, NULL, 'M');
INSERT INTO credits VALUES(200378, 200666, 'D');
INSERT INTO people VALUES(200667, 'James', 'Arthur Ray', NULL, NULL, 'M');
INSERT INTO credits VALUES(200378, 200667, 'A');
INSERT INTO movies VALUES(200379, 'Ka Ka Ka Po', 'ta', 2016, 90);
INSERT INTO people VALUES(200668, 'P.', 'S. Vijay', NULL, NULL, 'M');
INSERT INTO credits VALUES(200379, 200668, 'D');
INSERT INTO people VALUES(200669, 'Sakshi', 'Agarwal', NULL, NULL, 'F');
INSERT INTO credits VALUES(200379, 200669, 'A');
INSERT INTO movies VALUES(200380, 'Gods of Egypt', 'en', 2016, 90);
INSERT INTO people VALUES(200670, 'Alex', 'Proyas', NULL, NULL, 'M');
INSERT INTO credits VALUES(200380, 200670, 'D');
INSERT INTO people VALUES(200671, 'Nikolaj', 'Coster-Waldau', NULL, NULL, 'M');
INSERT INTO credits VALUES(200380, 200671, 'A');
INSERT INTO movies VALUES(200381, 'The Cold Front Brought by the Rain', 'pt', 2016, 90);
INSERT INTO people VALUES(200672, 'Neville', 'D''Almeida', NULL, NULL, 'M');
INSERT INTO credits VALUES(200381, 200672, 'D');
INSERT INTO people VALUES(200673, 'Bruna', 'Linzmeyer', NULL, NULL, 'F');
INSERT INTO credits VALUES(200381, 200673, 'A');
INSERT INTO movies VALUES(200382, 'A Silent Voice: The Movie', 'ja', 2016, 90);
INSERT INTO people VALUES(200674, 'Naoko', 'Yamada', NULL, NULL, 'M');
INSERT INTO credits VALUES(200382, 200674, 'D');
INSERT INTO people VALUES(200675, 'Miyu', 'Irino', NULL, NULL, 'M');
INSERT INTO credits VALUES(200382, 200675, 'A');
INSERT INTO movies VALUES(200383, 'BET Presents Love & Happiness: An Obama Celebration', 'en', 2016, 90);
INSERT INTO people VALUES(200676, 'Chris', 'Robinson', NULL, NULL, 'M');
INSERT INTO credits VALUES(200383, 200676, 'D');
INSERT INTO people VALUES(200677, 'Regina', 'Hall', NULL, NULL, 'F');
INSERT INTO credits VALUES(200383, 200677, 'A');
INSERT INTO movies VALUES(200384, 'Hard Target 2', 'en', 2016, 90);
INSERT INTO credits VALUES(200384, 200522, 'D');
INSERT INTO credits VALUES(200384, 200560, 'A');
INSERT INTO movies VALUES(200385, 'Kill Command', 'en', 2016, 90);
INSERT INTO people VALUES(200678, 'Steven', 'Gomez', NULL, NULL, 'M');
INSERT INTO credits VALUES(200385, 200678, 'D');
INSERT INTO people VALUES(200679, 'Vanessa', 'Kirby', NULL, NULL, 'F');
INSERT INTO credits VALUES(200385, 200679, 'A');
INSERT INTO movies VALUES(200386, 'Secrets of the Force Awakens: A Cinematic Journey', 'en', 2016, 90);
INSERT INTO credits VALUES(200386, 200124, 'D');
INSERT INTO people VALUES(200680, 'Daisy', 'Ridley', NULL, NULL, 'F');
INSERT INTO credits VALUES(200386, 200680, 'A');
INSERT INTO movies VALUES(200387, 'Meet the Donors: Does Money Talk?', 'en', 2016, 90);
INSERT INTO people VALUES(200681, 'Alexandra', 'Pelosi', NULL, NULL, 'M');
INSERT INTO credits VALUES(200387, 200681, 'D');
INSERT INTO credits VALUES(200387, 200681, 'A');
INSERT INTO movies VALUES(200388, 'He Does Not Want Peace', 'en', 2016, 90);
INSERT INTO people VALUES(200682, 'Stephen', 'Bozzo', NULL, NULL, 'M');
INSERT INTO credits VALUES(200388, 200682, 'D');
INSERT INTO people VALUES(200683, 'David', 'Strathairn', NULL, NULL, 'M');
INSERT INTO credits VALUES(200388, 200683, 'A');
INSERT INTO movies VALUES(200389, 'Le romane - Storie di donne e di quartieri', 'it', 2016, 90);
INSERT INTO people VALUES(200684, 'Giovanna', 'Gagliardo', NULL, NULL, 'M');
INSERT INTO credits VALUES(200389, 200684, 'D');
INSERT INTO people VALUES(200685, 'Lina', 'Sastri', NULL, NULL, 'F');
INSERT INTO credits VALUES(200389, 200685, 'A');
INSERT INTO movies VALUES(200390, 'Yellow Fever: The Rise and Fall of the Giallo', 'en', 2016, 90);
INSERT INTO credits VALUES(200390, 200054, 'D');
INSERT INTO people VALUES(200686, 'Dario', 'Argento', NULL, NULL, 'M');
INSERT INTO credits VALUES(200390, 200686, 'A');
INSERT INTO movies VALUES(200391, 'Trolls', 'en', 2016, 90);
INSERT INTO people VALUES(200687, 'Mike', 'Mitchell', NULL, NULL, 'M');
INSERT INTO credits VALUES(200391, 200687, 'D');
INSERT INTO people VALUES(200688, 'Anna', 'Kendrick', NULL, NULL, 'F');
INSERT INTO credits VALUES(200391, 200688, 'A');
INSERT INTO movies VALUES(200392, 'Now More than Ever: The History of Chicago', 'en', 2016, 90);
INSERT INTO people VALUES(200689, 'Peter', 'Curtis Pardini', NULL, NULL, 'M');
INSERT INTO credits VALUES(200392, 200689, 'D');
INSERT INTO people VALUES(200690, 'Lee', 'Loughnane', NULL, NULL, 'M');
INSERT INTO credits VALUES(200392, 200690, 'A');
INSERT INTO movies VALUES(200393, 'Ice Age: Collision Course', 'en', 2016, 90);
INSERT INTO people VALUES(200691, 'Mike', 'Thurmeier', NULL, NULL, 'M');
INSERT INTO credits VALUES(200393, 200691, 'D');
INSERT INTO people VALUES(200692, 'Ray', 'Romano', NULL, NULL, 'M');
INSERT INTO credits VALUES(200393, 200692, 'A');
INSERT INTO movies VALUES(200394, 'When Calls The Heart: Christmas', 'en', 2016, 90);
INSERT INTO credits VALUES(200394, 200458, 'D');
INSERT INTO credits VALUES(200394, 200459, 'A');
INSERT INTO movies VALUES(200395, 'Despite the Falling Snow', 'en', 2016, 90);
INSERT INTO people VALUES(200693, 'Shamim', 'Sarif', NULL, NULL, 'M');
INSERT INTO credits VALUES(200395, 200693, 'D');
INSERT INTO people VALUES(200694, 'Rebecca', 'Ferguson', NULL, NULL, 'F');
INSERT INTO credits VALUES(200395, 200694, 'A');
INSERT INTO movies VALUES(200396, 'The Haunted House on Kirby Road', 'en', 2016, 90);
INSERT INTO people VALUES(200695, 'Stuart', 'Stone', NULL, NULL, 'M');
INSERT INTO credits VALUES(200396, 200695, 'D');
INSERT INTO people VALUES(200696, 'Nina', 'Kiri', NULL, NULL, 'F');
INSERT INTO credits VALUES(200396, 200696, 'A');
INSERT INTO movies VALUES(200397, 'Hailey Dean Mysteries: Murder, With Love', 'en', 2016, 90);
INSERT INTO people VALUES(200697, 'Terry', 'Ingram', NULL, NULL, 'M');
INSERT INTO credits VALUES(200397, 200697, 'D');
INSERT INTO people VALUES(200698, 'Kellie', 'Martin', NULL, NULL, 'F');
INSERT INTO credits VALUES(200397, 200698, 'A');
INSERT INTO movies VALUES(200398, 'Dragon Girls!', 'fr', 2016, 90);
INSERT INTO people VALUES(200699, 'Yves', 'Montmayeur', NULL, NULL, 'M');
INSERT INTO credits VALUES(200398, 200699, 'D');
INSERT INTO people VALUES(200700, 'Fan', 'Bingbing', NULL, NULL, 'F');
INSERT INTO credits VALUES(200398, 200700, 'A');
INSERT INTO movies VALUES(200399, 'VHS Massacre: Cult Films and the Decline of Physical Media', 'en', 2016, 90);
INSERT INTO people VALUES(200701, 'Thomas', 'Edward Seymour', NULL, NULL, 'M');
INSERT INTO credits VALUES(200399, 200701, 'D');
INSERT INTO credits VALUES(200399, 200154, 'A');
INSERT INTO movies VALUES(200400, 'It', 'en', 2017, 90);
INSERT INTO credits VALUES(200400, 200067, 'D');
INSERT INTO people VALUES(200702, 'Bill', 'Skarsgård', NULL, NULL, 'M');
INSERT INTO credits VALUES(200400, 200702, 'A');
INSERT INTO movies VALUES(200401, 'Japanese Mom', 'ko', 2017, 90);
INSERT INTO people VALUES(200703, 'Kim', 'Moo-won', NULL, NULL, 'M');
INSERT INTO credits VALUES(200401, 200703, 'D');
INSERT INTO people VALUES(200704, 'Jeon', 'Ji-hak', NULL, NULL, 'M');
INSERT INTO credits VALUES(200401, 200704, 'A');
INSERT INTO movies VALUES(200402, 'Coco', 'en', 2017, 90);
INSERT INTO people VALUES(200705, 'Lee', 'Unkrich', NULL, NULL, 'M');
INSERT INTO credits VALUES(200402, 200705, 'D');
INSERT INTO people VALUES(200706, 'Anthony', 'Gonzalez', NULL, NULL, 'M');
INSERT INTO credits VALUES(200402, 200706, 'A');
INSERT INTO movies VALUES(200403, 'The Power of the Present', 'en', 2017, 90);
INSERT INTO people VALUES(200707, 'Cliff', 'Stephenson', NULL, NULL, 'M');
INSERT INTO credits VALUES(200403, 200707, 'D');
INSERT INTO people VALUES(200708, 'Dacre', 'Montgomery', NULL, NULL, 'M');
INSERT INTO credits VALUES(200403, 200708, 'A');
INSERT INTO movies VALUES(200404, 'Operation Carwash: A Worldwide Corruption Scandal Made in Brazil', 'pt', 2017, 90);
INSERT INTO people VALUES(200709, 'Marcelo', 'Antunez', NULL, NULL, 'M');
INSERT INTO credits VALUES(200404, 200709, 'D');
INSERT INTO people VALUES(200710, 'Antonio', 'Calloni', NULL, NULL, 'M');
INSERT INTO credits VALUES(200404, 200710, 'A');
INSERT INTO movies VALUES(200405, 'Spider-Man: Homecoming', 'en', 2017, 90);
INSERT INTO people VALUES(200711, 'Jon', 'Watts', NULL, NULL, 'M');
INSERT INTO credits VALUES(200405, 200711, 'D');
INSERT INTO people VALUES(200712, 'Tom', 'Holland', NULL, NULL, 'M');
INSERT INTO credits VALUES(200405, 200712, 'A');
INSERT INTO movies VALUES(200406, 'John Wick: Chapter 2', 'en', 2017, 90);
INSERT INTO credits VALUES(200406, 200312, 'D');
INSERT INTO credits VALUES(200406, 200313, 'A');
INSERT INTO movies VALUES(200407, 'Blade Runner 2049', 'en', 2017, 90);
INSERT INTO credits VALUES(200407, 200073, 'D');
INSERT INTO credits VALUES(200407, 200581, 'A');
INSERT INTO movies VALUES(200408, 'Wonder Woman', 'en', 2017, 90);
INSERT INTO people VALUES(200713, 'Patty', 'Jenkins', NULL, NULL, 'M');
INSERT INTO credits VALUES(200408, 200713, 'D');
INSERT INTO people VALUES(200714, 'Gal', 'Gadot', NULL, NULL, 'F');
INSERT INTO credits VALUES(200408, 200714, 'A');
INSERT INTO movies VALUES(200409, 'La Story du rap français : 30 Ans de succès', 'fr', 2017, 90);
INSERT INTO people VALUES(200715, 'Wilfrid', 'Garcette', NULL, NULL, 'M');
INSERT INTO credits VALUES(200409, 200715, 'D');
INSERT INTO people VALUES(200716, 'Olivier', 'Cachin', NULL, NULL, 'M');
INSERT INTO credits VALUES(200409, 200716, 'A');
INSERT INTO movies VALUES(200410, 'Beauty and the Beast', 'en', 2017, 90);
INSERT INTO people VALUES(200717, 'Bill', 'Condon', NULL, NULL, 'M');
INSERT INTO credits VALUES(200410, 200717, 'D');
INSERT INTO people VALUES(200718, 'Emma', 'Watson', NULL, NULL, 'F');
INSERT INTO credits VALUES(200410, 200718, 'A');
INSERT INTO movies VALUES(200411, 'Brawl in Cell Block 99', 'en', 2017, 90);
INSERT INTO people VALUES(200719, 'S.', 'Craig Zahler', NULL, NULL, 'M');
INSERT INTO credits VALUES(200411, 200719, 'D');
INSERT INTO people VALUES(200720, 'Vince', 'Vaughn', NULL, NULL, 'M');
INSERT INTO credits VALUES(200411, 200720, 'A');
INSERT INTO movies VALUES(200412, 'Guardians of the Galaxy Vol. 2', 'en', 2017, 90);
INSERT INTO people VALUES(200721, 'James', 'Gunn', NULL, NULL, 'M');
INSERT INTO credits VALUES(200412, 200721, 'D');
INSERT INTO credits VALUES(200412, 200413, 'A');
INSERT INTO movies VALUES(200413, 'The Babysitter', 'en', 2017, 90);
INSERT INTO people VALUES(200722, 'McG', '', NULL, NULL, 'M');
INSERT INTO credits VALUES(200413, 200722, 'D');
INSERT INTO people VALUES(200723, 'Judah', 'Lewis', NULL, NULL, 'M');
INSERT INTO credits VALUES(200413, 200723, 'A');
INSERT INTO movies VALUES(200414, 'Logan', 'en', 2017, 90);
INSERT INTO people VALUES(200724, 'James', 'Mangold', NULL, NULL, 'M');
INSERT INTO credits VALUES(200414, 200724, 'D');
INSERT INTO credits VALUES(200414, 200074, 'A');
INSERT INTO movies VALUES(200415, 'Water and Sugar – Carlo Di Palma: The Colours of Life', 'it', 2017, 90);
INSERT INTO people VALUES(200725, 'Fariborz', 'Kamkari', NULL, NULL, 'M');
INSERT INTO credits VALUES(200415, 200725, 'D');
INSERT INTO people VALUES(200726, 'Barbara', 'Alberti', NULL, NULL, 'F');
INSERT INTO credits VALUES(200415, 200726, 'A');
INSERT INTO movies VALUES(200416, 'The Heaven None Missed 2', 'id', 2017, 90);
INSERT INTO people VALUES(200727, 'Hanung', 'Bramantyo', NULL, NULL, 'M');
INSERT INTO credits VALUES(200416, 200727, 'D');
INSERT INTO people VALUES(200728, 'Laudya', 'Cynthia Bella', NULL, NULL, 'F');
INSERT INTO credits VALUES(200416, 200728, 'A');
INSERT INTO movies VALUES(200417, 'Valerian and the City of a Thousand Planets', 'en', 2017, 90);
INSERT INTO credits VALUES(200417, 200325, 'D');
INSERT INTO people VALUES(200729, 'Dane', 'DeHaan', NULL, NULL, 'M');
INSERT INTO credits VALUES(200417, 200729, 'A');
INSERT INTO movies VALUES(200418, 'Power of Grayskull: The Definitive History of He-Man and the Masters of the Universe', 'en', 2017, 90);
INSERT INTO people VALUES(200730, 'Robert', 'McCallum', NULL, NULL, 'M');
INSERT INTO credits VALUES(200418, 200730, 'D');
INSERT INTO people VALUES(200731, 'Dolph', 'Lundgren', NULL, NULL, 'M');
INSERT INTO credits VALUES(200418, 200731, 'A');
INSERT INTO movies VALUES(200419, 'How to Talk to Girls at Parties', 'en', 2017, 90);
INSERT INTO people VALUES(200732, 'John', 'Cameron Mitchell', NULL, NULL, 'M');
INSERT INTO credits VALUES(200419, 200732, 'D');
INSERT INTO people VALUES(200733, 'Elle', 'Fanning', NULL, NULL, 'F');
INSERT INTO credits VALUES(200419, 200733, 'A');
INSERT INTO movies VALUES(200420, 'LEGO Marvel Super Heroes: Guardians of the Galaxy - The Thanos Threat', 'en', 2017, 90);
INSERT INTO people VALUES(200734, 'Michael', 'D. Black', NULL, NULL, 'M');
INSERT INTO credits VALUES(200420, 200734, 'D');
INSERT INTO people VALUES(200735, 'Trevor', 'Devall', NULL, NULL, 'M');
INSERT INTO credits VALUES(200420, 200735, 'A');
INSERT INTO movies VALUES(200421, 'Power of Grayskull: The Definitive History of He-Man and the Masters of the Universe', 'en', 2017, 90);
INSERT INTO credits VALUES(200421, 200730, 'D');
INSERT INTO credits VALUES(200421, 200731, 'A');
INSERT INTO movies VALUES(200422, 'The Death and Life of Otto Bloom', 'en', 2017, 90);
INSERT INTO people VALUES(200736, 'Cris', 'Jones', NULL, NULL, 'M');
INSERT INTO credits VALUES(200422, 200736, 'D');
INSERT INTO people VALUES(200737, 'Xavier', 'Samuel', NULL, NULL, 'M');
INSERT INTO credits VALUES(200422, 200737, 'A');
INSERT INTO movies VALUES(200423, 'Garage Sale Mystery: Murder Most Medieval', 'en', 2017, 90);
INSERT INTO credits VALUES(200423, 200458, 'D');
INSERT INTO people VALUES(200738, 'Lori', 'Loughlin', NULL, NULL, 'F');
INSERT INTO credits VALUES(200423, 200738, 'A');
INSERT INTO movies VALUES(200424, 'Jedermann liebt Karli Spiehs – Einer Legende auf der Spur', 'de', 2017, 90);
INSERT INTO people VALUES(200739, 'Otto', 'Retzer', NULL, NULL, 'M');
INSERT INTO credits VALUES(200424, 200739, 'D');
INSERT INTO people VALUES(200740, 'Karl', 'Spiehs', NULL, NULL, 'M');
INSERT INTO credits VALUES(200424, 200740, 'A');
INSERT INTO movies VALUES(200425, 'Get Out', 'en', 2017, 90);
INSERT INTO people VALUES(200741, 'Jordan', 'Peele', NULL, NULL, 'M');
INSERT INTO credits VALUES(200425, 200741, 'D');
INSERT INTO people VALUES(200742, 'Daniel', 'Kaluuya', NULL, NULL, 'M');
INSERT INTO credits VALUES(200425, 200742, 'A');
INSERT INTO movies VALUES(200426, 'How to Talk to Girls at Parties', 'en', 2017, 90);
INSERT INTO credits VALUES(200426, 200732, 'D');
INSERT INTO credits VALUES(200426, 200733, 'A');
INSERT INTO movies VALUES(200427, 'Mariah Carey''s All I Want for Christmas Is You', 'en', 2017, 90);
INSERT INTO people VALUES(200743, 'Guy', 'Vasilovich', NULL, NULL, 'M');
INSERT INTO credits VALUES(200427, 200743, 'D');
INSERT INTO people VALUES(200744, 'Mariah', 'Carey', NULL, NULL, 'F');
INSERT INTO credits VALUES(200427, 200744, 'A');
INSERT INTO movies VALUES(200428, 'Cars 3', 'en', 2017, 90);
INSERT INTO people VALUES(200745, 'Brian', 'Fee', NULL, NULL, 'M');
INSERT INTO credits VALUES(200428, 200745, 'D');
INSERT INTO people VALUES(200746, 'Owen', 'Wilson', NULL, NULL, 'M');
INSERT INTO credits VALUES(200428, 200746, 'A');
INSERT INTO movies VALUES(200429, 'It Was Fifty Years Ago Today! The Beatles: Sgt. Pepper & Beyond', 'en', 2017, 90);
INSERT INTO people VALUES(200747, 'Alan', 'G. Parker', NULL, NULL, 'M');
INSERT INTO credits VALUES(200429, 200747, 'D');
INSERT INTO people VALUES(200748, 'John', 'Lennon', NULL, NULL, 'M');
INSERT INTO credits VALUES(200429, 200748, 'A');
INSERT INTO movies VALUES(200430, 'Girls Trip', 'en', 2017, 90);
INSERT INTO people VALUES(200749, 'Malcolm', 'D. Lee', NULL, NULL, 'M');
INSERT INTO credits VALUES(200430, 200749, 'D');
INSERT INTO credits VALUES(200430, 200677, 'A');
INSERT INTO movies VALUES(200431, 'What Happened to Monday', 'en', 2017, 90);
INSERT INTO people VALUES(200750, 'Tommy', 'Wirkola', NULL, NULL, 'M');
INSERT INTO credits VALUES(200431, 200750, 'D');
INSERT INTO people VALUES(200751, 'Noomi', 'Rapace', NULL, NULL, 'F');
INSERT INTO credits VALUES(200431, 200751, 'A');
INSERT INTO movies VALUES(200432, 'Thor: Ragnarok', 'en', 2017, 90);
INSERT INTO people VALUES(200752, 'Taika', 'Waititi', NULL, NULL, 'M');
INSERT INTO credits VALUES(200432, 200752, 'D');
INSERT INTO credits VALUES(200432, 200072, 'A');
INSERT INTO movies VALUES(200433, 'Malasartes e o Duelo com a Morte', 'pt', 2017, 90);
INSERT INTO people VALUES(200753, 'Paulo', 'Morelli', NULL, NULL, 'M');
INSERT INTO credits VALUES(200433, 200753, 'D');
INSERT INTO people VALUES(200754, 'Jesuíta', 'Barbosa', NULL, NULL, 'M');
INSERT INTO credits VALUES(200433, 200754, 'A');
INSERT INTO movies VALUES(200434, 'Let''s See How Fast This Baby Will Go', 'en', 2017, 90);
INSERT INTO people VALUES(200755, 'Julietta', 'Boscolo', NULL, NULL, 'M');
INSERT INTO credits VALUES(200434, 200755, 'D');
INSERT INTO people VALUES(200756, 'Liv', 'Hewson', NULL, NULL, 'M');
INSERT INTO credits VALUES(200434, 200756, 'A');
INSERT INTO movies VALUES(200435, 'One Percent More Humid', 'en', 2017, 90);
INSERT INTO people VALUES(200757, 'Liz', 'W. Garcia', NULL, NULL, 'M');
INSERT INTO credits VALUES(200435, 200757, 'D');
INSERT INTO people VALUES(200758, 'Juno', 'Temple', NULL, NULL, 'F');
INSERT INTO credits VALUES(200435, 200758, 'A');
INSERT INTO movies VALUES(200436, 'xXx: Return of Xander Cage', 'en', 2017, 90);
INSERT INTO people VALUES(200759, 'D.J.', 'Caruso', NULL, NULL, 'M');
INSERT INTO credits VALUES(200436, 200759, 'D');
INSERT INTO credits VALUES(200436, 200372, 'A');
INSERT INTO movies VALUES(200437, 'Call Me by Your Name', 'en', 2017, 90);
INSERT INTO people VALUES(200760, 'Luca', 'Guadagnino', NULL, NULL, 'M');
INSERT INTO credits VALUES(200437, 200760, 'D');
INSERT INTO people VALUES(200761, 'Armie', 'Hammer', NULL, NULL, 'M');
INSERT INTO credits VALUES(200437, 200761, 'A');
INSERT INTO movies VALUES(200438, 'The Carlos Benede Story', 'de', 2017, 90);
INSERT INTO people VALUES(200762, 'Johannes', 'Fabrick', NULL, NULL, 'M');
INSERT INTO credits VALUES(200438, 200762, 'D');
INSERT INTO people VALUES(200763, 'Matthias', 'Koeberlin', NULL, NULL, 'M');
INSERT INTO credits VALUES(200438, 200763, 'A');
INSERT INTO movies VALUES(200439, 'Cloudy with a Chance of Meatballs: Swallow-een Falls Spooktacular!', 'en', 2017, 90);
INSERT INTO people VALUES(200764, 'Johnny', 'Darrell', NULL, NULL, 'M');
INSERT INTO credits VALUES(200439, 200764, 'D');
INSERT INTO people VALUES(200765, 'Mark', 'Edwards', NULL, NULL, 'M');
INSERT INTO credits VALUES(200439, 200765, 'A');
INSERT INTO movies VALUES(200440, 'It', 'en', 2017, 90);
INSERT INTO people VALUES(200766, 'Anouk', 'de Clercq', NULL, NULL, 'M');
INSERT INTO credits VALUES(200440, 200766, 'D');
INSERT INTO movies VALUES(200441, 'Mother''s Job', 'ko', 2017, 90);
INSERT INTO people VALUES(200767, 'Do', 'Bong-san', NULL, NULL, 'M');
INSERT INTO credits VALUES(200441, 200767, 'D');
INSERT INTO people VALUES(200768, 'Lee', 'Chae-dam', NULL, NULL, 'F');
INSERT INTO credits VALUES(200441, 200768, 'A');
INSERT INTO movies VALUES(200442, 'Allmen and the Pink Diamond', 'de', 2017, 90);
INSERT INTO people VALUES(200769, 'Thomas', 'Berger', NULL, NULL, 'M');
INSERT INTO credits VALUES(200442, 200769, 'D');
INSERT INTO people VALUES(200770, 'Heino', 'Ferch', NULL, NULL, 'M');
INSERT INTO credits VALUES(200442, 200770, 'A');
INSERT INTO movies VALUES(200443, 'Pitch Perfect 3', 'en', 2017, 90);
INSERT INTO people VALUES(200771, 'Trish', 'Sie', NULL, NULL, 'M');
INSERT INTO credits VALUES(200443, 200771, 'D');
INSERT INTO credits VALUES(200443, 200688, 'A');
INSERT INTO movies VALUES(200444, 'Sree Hari Hara Sudhan Swami Ayyappan', 'ta', 2017, 90);
INSERT INTO movies VALUES(200445, 'Pirates of the Caribbean: Dead Men Tell No Tales', 'en', 2017, 90);
INSERT INTO people VALUES(200772, 'Espen', 'Sandberg', NULL, NULL, 'M');
INSERT INTO credits VALUES(200445, 200772, 'D');
INSERT INTO credits VALUES(200445, 200603, 'A');
INSERT INTO movies VALUES(200446, 'The Greatest Showman', 'en', 2017, 90);
INSERT INTO people VALUES(200773, 'Michael', 'Gracey', NULL, NULL, 'M');
INSERT INTO credits VALUES(200446, 200773, 'D');
INSERT INTO credits VALUES(200446, 200074, 'A');
INSERT INTO movies VALUES(200447, 'If You Saw His Heart', 'fr', 2017, 90);
INSERT INTO people VALUES(200774, 'Joan', 'Chemla', NULL, NULL, 'M');
INSERT INTO credits VALUES(200447, 200774, 'D');
INSERT INTO people VALUES(200775, 'Gael', 'García Bernal', NULL, NULL, 'M');
INSERT INTO credits VALUES(200447, 200775, 'A');
INSERT INTO movies VALUES(200448, '14,74 oder Das Streben nach Mittelmäßigkeit', 'de', 2017, 90);
INSERT INTO people VALUES(200776, 'Antoine', 'Dengler', NULL, NULL, 'M');
INSERT INTO credits VALUES(200448, 200776, 'D');
INSERT INTO people VALUES(200777, 'Mateo', 'Wansing-Lorrio', NULL, NULL, 'M');
INSERT INTO credits VALUES(200448, 200777, 'A');
INSERT INTO movies VALUES(200449, 'Real: The Plan Behind History', 'pt', 2017, 90);
INSERT INTO people VALUES(200778, 'Rodrigo', 'Bittencourt', NULL, NULL, 'M');
INSERT INTO credits VALUES(200449, 200778, 'D');
INSERT INTO people VALUES(200779, 'Emílio', 'Orciollo Netto', NULL, NULL, 'M');
INSERT INTO credits VALUES(200449, 200779, 'A');
INSERT INTO movies VALUES(200450, 'The Stories: The Making of ''Rogue One: A Star Wars Story''', 'en', 2017, 90);
INSERT INTO people VALUES(200780, 'Glen', 'Milner', NULL, NULL, 'M');
INSERT INTO credits VALUES(200450, 200780, 'D');
INSERT INTO people VALUES(200781, 'Gareth', 'Edwards', NULL, NULL, 'M');
INSERT INTO credits VALUES(200450, 200781, 'A');
INSERT INTO movies VALUES(200451, 'Rosamunde Pilcher: Wie von einem anderen Stern', 'de', 2017, 90);
INSERT INTO people VALUES(200782, 'Marco', 'Serafini', NULL, NULL, 'M');
INSERT INTO credits VALUES(200451, 200782, 'D');
INSERT INTO people VALUES(200783, 'Daniel', 'Aichinger', NULL, NULL, 'M');
INSERT INTO credits VALUES(200451, 200783, 'A');
INSERT INTO movies VALUES(200452, 'Film Stars Don''t Die in Liverpool', 'en', 2017, 90);
INSERT INTO people VALUES(200784, 'Paul', 'McGuigan', NULL, NULL, 'M');
INSERT INTO credits VALUES(200452, 200784, 'D');
INSERT INTO people VALUES(200785, 'Annette', 'Bening', NULL, NULL, 'F');
INSERT INTO credits VALUES(200452, 200785, 'A');
INSERT INTO movies VALUES(200453, 'Think and Grow Rich: The Legacy', 'en', 2017, 90);
INSERT INTO people VALUES(200786, 'Scott', 'Cervine', NULL, NULL, 'M');
INSERT INTO credits VALUES(200453, 200786, 'D');
INSERT INTO people VALUES(200787, 'Rob', 'Dyrdek', NULL, NULL, 'M');
INSERT INTO credits VALUES(200453, 200787, 'A');
INSERT INTO movies VALUES(200454, 'Chedeng & Apple', 'tl', 2017, 90);
INSERT INTO people VALUES(200788, 'Rae', 'Red', NULL, NULL, 'M');
INSERT INTO credits VALUES(200454, 200788, 'D');
INSERT INTO people VALUES(200789, 'Gloria', 'Diaz', NULL, NULL, 'F');
INSERT INTO credits VALUES(200454, 200789, 'A');
INSERT INTO movies VALUES(200455, 'A Thousand Things I Would Do for You', 'es', 2017, 90);
INSERT INTO people VALUES(200790, 'Dídac', 'Cervera', NULL, NULL, 'M');
INSERT INTO credits VALUES(200455, 200790, 'D');
INSERT INTO people VALUES(200791, 'Peter', 'Vives', NULL, NULL, 'M');
INSERT INTO credits VALUES(200455, 200791, 'A');
INSERT INTO movies VALUES(200456, 'Stayin'' Alive: A Grammy Salute to the Music of the Bee Gees', 'en', 2017, 90);
INSERT INTO people VALUES(200792, 'Leon', 'Knoles', NULL, NULL, 'M');
INSERT INTO credits VALUES(200456, 200792, 'D');
INSERT INTO people VALUES(200793, 'Barry', 'Gibb', NULL, NULL, 'M');
INSERT INTO credits VALUES(200456, 200793, 'A');
INSERT INTO movies VALUES(200457, 'Baby Driver', 'en', 2017, 90);
INSERT INTO people VALUES(200794, 'Edgar', 'Wright', NULL, NULL, 'M');
INSERT INTO credits VALUES(200457, 200794, 'D');
INSERT INTO people VALUES(200795, 'Ansel', 'Elgort', NULL, NULL, 'M');
INSERT INTO credits VALUES(200457, 200795, 'A');
INSERT INTO movies VALUES(200458, 'Auf der anderen Seite ist das Gras viel Grüner', 'de', 2017, 90);
INSERT INTO people VALUES(200796, 'Pepe', 'Danquart', NULL, NULL, 'M');
INSERT INTO credits VALUES(200458, 200796, 'D');
INSERT INTO people VALUES(200797, 'Jessica', 'Schwarz', NULL, NULL, 'F');
INSERT INTO credits VALUES(200458, 200797, 'A');
INSERT INTO movies VALUES(200459, 'Drugs, Skate & Violence: Filmmaker Harmony Korine', 'en', 2017, 90);
INSERT INTO people VALUES(200798, 'Patrick', 'O''Dell', NULL, NULL, 'M');
INSERT INTO credits VALUES(200459, 200798, 'D');
INSERT INTO credits VALUES(200459, 200798, 'A');
INSERT INTO movies VALUES(200460, 'The Newspaperman: The Life and Times of Ben Bradlee', 'en', 2017, 90);
INSERT INTO people VALUES(200799, 'John', 'Maggio', NULL, NULL, 'M');
INSERT INTO credits VALUES(200460, 200799, 'D');
INSERT INTO people VALUES(200800, 'Carl', 'Bernstein', NULL, NULL, 'M');
INSERT INTO credits VALUES(200460, 200800, 'A');
INSERT INTO movies VALUES(200461, 'Raymond Roussel: The Day of Glory', 'fr', 2017, 90);
INSERT INTO people VALUES(200801, 'Joan', 'Bofill', NULL, NULL, 'M');
INSERT INTO credits VALUES(200461, 200801, 'D');
INSERT INTO people VALUES(200802, 'Jordi', 'Mollà', NULL, NULL, 'M');
INSERT INTO credits VALUES(200461, 200802, 'A');
INSERT INTO movies VALUES(200462, 'Shark E. Shark in "Which Way To The Ocean?', 'en', 2017, 90);
INSERT INTO people VALUES(200803, 'Doug', 'Nicholas', NULL, NULL, 'M');
INSERT INTO credits VALUES(200462, 200803, 'D');
INSERT INTO movies VALUES(200463, 'Night of Too Many Stars: America Unites for Autism Programs', 'en', 2017, 90);
INSERT INTO people VALUES(200804, 'Jon', 'Stewart', NULL, NULL, 'M');
INSERT INTO credits VALUES(200463, 200804, 'A');
INSERT INTO movies VALUES(200464, 'Cloudy with a Chance of Meatballs: Lobster Claus Is Coming to Town', 'en', 2017, 90);
INSERT INTO people VALUES(200805, 'Andrew', 'Duncan', NULL, NULL, 'M');
INSERT INTO credits VALUES(200464, 200805, 'D');
INSERT INTO credits VALUES(200464, 200765, 'A');
INSERT INTO movies VALUES(200465, 'Dark Glamour: The Blood and Guts of Hammer Productions', 'fr', 2017, 90);
INSERT INTO people VALUES(200806, 'Jérôme', 'Korkikian', NULL, NULL, 'M');
INSERT INTO credits VALUES(200465, 200806, 'D');
INSERT INTO people VALUES(200807, 'Marcus', 'Hearn', NULL, NULL, 'M');
INSERT INTO credits VALUES(200465, 200807, 'A');
INSERT INTO movies VALUES(200466, 'Garage Sale Mystery: The Art of Murder', 'en', 2017, 90);
INSERT INTO people VALUES(200808, 'Kristoffer', 'Tabori', NULL, NULL, 'M');
INSERT INTO credits VALUES(200466, 200808, 'D');
INSERT INTO credits VALUES(200466, 200738, 'A');
INSERT INTO movies VALUES(200467, 'Too Funny to Fail: The Life & Death of The Dana Carvey Show', 'en', 2017, 90);
INSERT INTO people VALUES(200809, 'Josh', 'Greenbaum', NULL, NULL, 'M');
INSERT INTO credits VALUES(200467, 200809, 'D');
INSERT INTO people VALUES(200810, 'Dana', 'Carvey', NULL, NULL, 'M');
INSERT INTO credits VALUES(200467, 200810, 'A');
INSERT INTO movies VALUES(200468, 'Von Erholung war nie die Rede', 'de', 2017, 90);
INSERT INTO credits VALUES(200468, 200323, 'D');
INSERT INTO people VALUES(200811, 'Andrea', 'Sawatzki', NULL, NULL, 'F');
INSERT INTO credits VALUES(200468, 200811, 'A');
INSERT INTO movies VALUES(200469, 'Alan Partridge: Why, When, Where, How And Whom?', 'en', 2017, 90);
INSERT INTO people VALUES(200812, 'Joe', 'Fraser', NULL, NULL, 'M');
INSERT INTO credits VALUES(200469, 200812, 'D');
INSERT INTO people VALUES(200813, 'Steve', 'Coogan', NULL, NULL, 'M');
INSERT INTO credits VALUES(200469, 200813, 'A');
INSERT INTO movies VALUES(200470, 'Covet: Island of Desire', 'ko', 2017, 90);
INSERT INTO people VALUES(200814, 'Kim', 'Jin-sung', NULL, NULL, 'M');
INSERT INTO credits VALUES(200470, 200814, 'D');
INSERT INTO people VALUES(200815, 'Han', 'Jae Bum', NULL, NULL, 'M');
INSERT INTO credits VALUES(200470, 200815, 'A');
INSERT INTO movies VALUES(200471, 'NY Prison Break: The Seduction of Joyce Mitchell', 'en', 2017, 90);
INSERT INTO people VALUES(200816, 'Stephen', 'Tolkin', NULL, NULL, 'M');
INSERT INTO credits VALUES(200471, 200816, 'D');
INSERT INTO people VALUES(200817, 'Penelope', 'Ann Miller', NULL, NULL, 'F');
INSERT INTO credits VALUES(200471, 200817, 'A');
INSERT INTO movies VALUES(200472, 'Return to... Return to Nuke ''Em High aka Vol. 2', 'en', 2017, 90);
INSERT INTO credits VALUES(200472, 200154, 'D');
INSERT INTO people VALUES(200818, 'Asta', 'Paredes', NULL, NULL, 'F');
INSERT INTO credits VALUES(200472, 200818, 'A');
INSERT INTO movies VALUES(200473, 'The Truth About Love Is...', 'it', 2017, 90);
INSERT INTO people VALUES(200819, 'Max', 'Croci', NULL, NULL, 'M');
INSERT INTO credits VALUES(200473, 200819, 'D');
INSERT INTO people VALUES(200820, 'Ambra', 'Angiolini', NULL, NULL, 'F');
INSERT INTO credits VALUES(200473, 200820, 'A');
INSERT INTO movies VALUES(200474, 'Justice League', 'en', 2017, 90);
INSERT INTO credits VALUES(200474, 200038, 'D');
INSERT INTO credits VALUES(200474, 200218, 'A');
INSERT INTO movies VALUES(200475, 'Zembla - The Dubious Friends of Donald Trump Part 1: The Russians', 'en', 2017, 90);
INSERT INTO people VALUES(200821, 'Sander', 'Rietveld', NULL, NULL, 'M');
INSERT INTO credits VALUES(200475, 200821, 'D');
INSERT INTO people VALUES(200822, 'Frederick', 'Oberlander', NULL, NULL, 'M');
INSERT INTO credits VALUES(200475, 200822, 'A');
INSERT INTO movies VALUES(200476, 'Garage Sale Mystery: A Case Of Murder', 'en', 2017, 90);
INSERT INTO credits VALUES(200476, 200458, 'D');
INSERT INTO credits VALUES(200476, 200738, 'A');
INSERT INTO movies VALUES(200477, 'The Place', 'it', 2017, 90);
INSERT INTO people VALUES(200823, 'Paolo', 'Genovese', NULL, NULL, 'M');
INSERT INTO credits VALUES(200477, 200823, 'D');
INSERT INTO credits VALUES(200477, 200433, 'A');
INSERT INTO movies VALUES(200478, 'Turn It Around: The Story of East Bay Punk', 'en', 2017, 90);
INSERT INTO people VALUES(200824, 'Corbett', 'Redford', NULL, NULL, 'M');
INSERT INTO credits VALUES(200478, 200824, 'D');
INSERT INTO people VALUES(200825, 'Iggy', 'Pop', NULL, NULL, 'M');
INSERT INTO credits VALUES(200478, 200825, 'A');
INSERT INTO movies VALUES(200479, 'First They Killed My Father', 'en', 2017, 90);
INSERT INTO credits VALUES(200479, 200263, 'D');
INSERT INTO people VALUES(200826, 'Sareum', 'Srey Moch', NULL, NULL, 'F');
INSERT INTO credits VALUES(200479, 200826, 'A');
INSERT INTO movies VALUES(200480, 'Not for the Young', 'it', 2017, 90);
INSERT INTO people VALUES(200827, 'Giovanni', 'Veronesi', NULL, NULL, 'M');
INSERT INTO credits VALUES(200480, 200827, 'D');
INSERT INTO people VALUES(200828, 'Filippo', 'Scicchitano', NULL, NULL, 'M');
INSERT INTO credits VALUES(200480, 200828, 'A');
INSERT INTO movies VALUES(200481, 'Martin Scorsese''s Journey Into Silence', 'en', 2017, 90);
INSERT INTO people VALUES(200829, 'Barbara', 'Toennies', NULL, NULL, 'M');
INSERT INTO credits VALUES(200481, 200829, 'D');
INSERT INTO credits VALUES(200481, 200002, 'A');
INSERT INTO movies VALUES(200482, 'The Further Adventures of Anse and Bhule in No-Man''s Land', 'en', 2017, 90);
INSERT INTO people VALUES(200830, 'Barry', 'Hunt', NULL, NULL, 'M');
INSERT INTO credits VALUES(200482, 200830, 'D');
INSERT INTO people VALUES(200831, 'Daniel', 'Hill', NULL, NULL, 'M');
INSERT INTO credits VALUES(200482, 200831, 'A');
INSERT INTO movies VALUES(200483, 'Joan Didion: The Center Will Not Hold', 'en', 2017, 90);
INSERT INTO people VALUES(200832, 'Griffin', 'Dunne', NULL, NULL, 'M');
INSERT INTO credits VALUES(200483, 200832, 'D');
INSERT INTO people VALUES(200833, 'Joan', 'Didion', NULL, NULL, 'F');
INSERT INTO credits VALUES(200483, 200833, 'A');
INSERT INTO movies VALUES(200484, 'Garage Sale Mystery: The Beach Murder', 'en', 2017, 90);
INSERT INTO credits VALUES(200484, 200458, 'D');
INSERT INTO credits VALUES(200484, 200738, 'A');
INSERT INTO movies VALUES(200485, 'Better Watch Out', 'en', 2017, 90);
INSERT INTO people VALUES(200834, 'Chris', 'Peckover', NULL, NULL, 'M');
INSERT INTO credits VALUES(200485, 200834, 'D');
INSERT INTO people VALUES(200835, 'Olivia', 'DeJonge', NULL, NULL, 'F');
INSERT INTO credits VALUES(200485, 200835, 'A');
INSERT INTO movies VALUES(200486, 'Two Sevens Clash: Dread Meets Punk Rockers', 'en', 2017, 90);
INSERT INTO people VALUES(200836, 'Don', 'Letts', NULL, NULL, 'M');
INSERT INTO credits VALUES(200486, 200836, 'D');
INSERT INTO people VALUES(200837, 'Viv', 'Albertine', NULL, NULL, 'F');
INSERT INTO credits VALUES(200486, 200837, 'A');
INSERT INTO movies VALUES(200487, 'War for the Planet of the Apes', 'en', 2017, 90);
INSERT INTO credits VALUES(200487, 200245, 'D');
INSERT INTO credits VALUES(200487, 200246, 'A');
INSERT INTO movies VALUES(200488, 'Ophülsesque: The Look of Letter from an Unknown Woman', 'en', 2017, 90);
INSERT INTO people VALUES(200838, 'Gillian', 'Wallace Horvat', NULL, NULL, 'M');
INSERT INTO credits VALUES(200488, 200838, 'D');
INSERT INTO people VALUES(200839, 'Sean', 'Price Williams', NULL, NULL, 'M');
INSERT INTO credits VALUES(200488, 200839, 'A');
INSERT INTO movies VALUES(200489, 'Mia', 'es', 2017, 90);
INSERT INTO people VALUES(200840, 'Oriol', 'Colomar', NULL, NULL, 'M');
INSERT INTO credits VALUES(200489, 200840, 'D');
INSERT INTO people VALUES(200841, 'Aya', 'Wolf', NULL, NULL, 'F');
INSERT INTO credits VALUES(200489, 200841, 'A');
INSERT INTO movies VALUES(200490, 'Stories of Love That Cannot Belong to This World', 'it', 2017, 90);
INSERT INTO people VALUES(200842, 'Francesca', 'Comencini', NULL, NULL, 'M');
INSERT INTO credits VALUES(200490, 200842, 'D');
INSERT INTO people VALUES(200843, 'Lucia', 'Mascino', NULL, NULL, 'F');
INSERT INTO credits VALUES(200490, 200843, 'A');
INSERT INTO movies VALUES(200491, 'Like a Cat on a Highway', 'it', 2017, 90);
INSERT INTO people VALUES(200844, 'Riccardo', 'Milani', NULL, NULL, 'M');
INSERT INTO credits VALUES(200491, 200844, 'D');
INSERT INTO people VALUES(200845, 'Paola', 'Cortellesi', NULL, NULL, 'F');
INSERT INTO credits VALUES(200491, 200845, 'A');
INSERT INTO movies VALUES(200492, 'Harold and Lillian: A Hollywood Love Story', 'en', 2017, 90);
INSERT INTO people VALUES(200846, 'Daniel', 'Raim', NULL, NULL, 'M');
INSERT INTO credits VALUES(200492, 200846, 'D');
INSERT INTO people VALUES(200847, 'Lillian', 'Michelson', NULL, NULL, 'M');
INSERT INTO credits VALUES(200492, 200847, 'A');
INSERT INTO movies VALUES(200493, 'Daddy''s Home 2', 'en', 2017, 90);
INSERT INTO people VALUES(200848, 'Sean', 'Anders', NULL, NULL, 'M');
INSERT INTO credits VALUES(200493, 200848, 'D');
INSERT INTO people VALUES(200849, 'Will', 'Ferrell', NULL, NULL, 'M');
INSERT INTO credits VALUES(200493, 200849, 'A');
INSERT INTO movies VALUES(200494, 'The Peppercorns and the Curse of the Black King', 'de', 2017, 90);
INSERT INTO people VALUES(200850, 'Christian', 'Theede', NULL, NULL, 'M');
INSERT INTO credits VALUES(200494, 200850, 'D');
INSERT INTO people VALUES(200851, 'Leo', 'Gapp', NULL, NULL, 'M');
INSERT INTO credits VALUES(200494, 200851, 'A');
INSERT INTO movies VALUES(200495, 'Transformers: The Last Knight', 'en', 2017, 90);
INSERT INTO credits VALUES(200495, 200237, 'D');
INSERT INTO credits VALUES(200495, 200238, 'A');
INSERT INTO movies VALUES(200496, 'All of My Heart: Inn Love', 'en', 2017, 90);
INSERT INTO credits VALUES(200496, 200697, 'D');
INSERT INTO people VALUES(200852, 'Lacey', 'Chabert', NULL, NULL, 'F');
INSERT INTO credits VALUES(200496, 200852, 'A');
INSERT INTO movies VALUES(200497, 'Valerian and the City of a Thousand Planets', 'en', 2017, 90);
INSERT INTO credits VALUES(200497, 200325, 'D');
INSERT INTO credits VALUES(200497, 200729, 'A');
INSERT INTO movies VALUES(200498, 'Voyage of Time: Life''s Journey', 'en', 2017, 90);
INSERT INTO people VALUES(200853, 'Terrence', 'Malick', NULL, NULL, 'M');
INSERT INTO credits VALUES(200498, 200853, 'D');
INSERT INTO people VALUES(200854, 'Cate', 'Blanchett', NULL, NULL, 'F');
INSERT INTO credits VALUES(200498, 200854, 'A');
INSERT INTO movies VALUES(200499, 'A New Dimension in Noir: Filming Inferno in 3D', 'en', 2017, 90);
INSERT INTO people VALUES(200855, 'Steven', 'C. Smith', NULL, NULL, 'M');
INSERT INTO credits VALUES(200499, 200855, 'D');
INSERT INTO people VALUES(200856, 'Kim', 'Morgan', NULL, NULL, 'F');
INSERT INTO credits VALUES(200499, 200856, 'A');
INSERT INTO movies VALUES(200500, 'The Grinch', 'en', 2018, 90);
INSERT INTO people VALUES(200857, 'Yarrow', 'Cheney', NULL, NULL, 'M');
INSERT INTO credits VALUES(200500, 200857, 'D');
INSERT INTO credits VALUES(200500, 200223, 'A');
INSERT INTO movies VALUES(200501, 'Avengers: Infinity War', 'en', 2018, 90);
INSERT INTO credits VALUES(200501, 200543, 'D');
INSERT INTO credits VALUES(200501, 200013, 'A');
INSERT INTO movies VALUES(200502, 'Fatal Pulse', 'en', 2018, 90);
INSERT INTO people VALUES(200858, 'Damon', 'Packard', NULL, NULL, 'M');
INSERT INTO credits VALUES(200502, 200858, 'D');
INSERT INTO people VALUES(200859, 'Juliette', 'Amoroso', NULL, NULL, 'M');
INSERT INTO credits VALUES(200502, 200859, 'A');
INSERT INTO movies VALUES(200503, 'To All the Boys I''ve Loved Before', 'en', 2018, 90);
INSERT INTO people VALUES(200860, 'Susan', 'Johnson', NULL, NULL, 'M');
INSERT INTO credits VALUES(200503, 200860, 'D');
INSERT INTO people VALUES(200861, 'Lana', 'Condor', NULL, NULL, 'F');
INSERT INTO credits VALUES(200503, 200861, 'A');
INSERT INTO movies VALUES(200504, 'Rocco Chinnici: May Your Kiss Lie Lightly On My Head', 'it', 2018, 90);
INSERT INTO credits VALUES(200504, 200174, 'D');
INSERT INTO people VALUES(200862, 'Sergio', 'Castellitto', NULL, NULL, 'M');
INSERT INTO credits VALUES(200504, 200862, 'A');
INSERT INTO movies VALUES(200505, 'The Predator', 'en', 2018, 90);
INSERT INTO credits VALUES(200505, 200012, 'D');
INSERT INTO people VALUES(200863, 'Boyd', 'Holbrook', NULL, NULL, 'M');
INSERT INTO credits VALUES(200505, 200863, 'A');
INSERT INTO movies VALUES(200506, 'Spider-Man: Into the Spider-Verse', 'en', 2018, 90);
INSERT INTO people VALUES(200864, 'Bob', 'Persichetti', NULL, NULL, 'M');
INSERT INTO credits VALUES(200506, 200864, 'D');
INSERT INTO people VALUES(200865, 'Shameik', 'Moore', NULL, NULL, 'M');
INSERT INTO credits VALUES(200506, 200865, 'A');
INSERT INTO movies VALUES(200507, 'A Twelve-Year Night', 'es', 2018, 90);
INSERT INTO people VALUES(200866, 'Álvaro', 'Brechner', NULL, NULL, 'M');
INSERT INTO credits VALUES(200507, 200866, 'D');
INSERT INTO people VALUES(200867, 'Antonio', 'de la Torre', NULL, NULL, 'M');
INSERT INTO credits VALUES(200507, 200867, 'A');
INSERT INTO movies VALUES(200508, 'Carneval - Der Clown bringt den Tod', 'de', 2018, 90);
INSERT INTO people VALUES(200868, 'Nicolai', 'Rohde', NULL, NULL, 'M');
INSERT INTO credits VALUES(200508, 200868, 'D');
INSERT INTO people VALUES(200869, 'Peter', 'Lohmeyer', NULL, NULL, 'M');
INSERT INTO credits VALUES(200508, 200869, 'A');
INSERT INTO movies VALUES(200509, 'Ready Player One', 'en', 2018, 90);
INSERT INTO credits VALUES(200509, 200125, 'D');
INSERT INTO credits VALUES(200509, 200528, 'A');
INSERT INTO movies VALUES(200510, 'Venom', 'en', 2018, 90);
INSERT INTO people VALUES(200870, 'Ruben', 'Fleischer', NULL, NULL, 'M');
INSERT INTO credits VALUES(200510, 200870, 'D');
INSERT INTO credits VALUES(200510, 200386, 'A');
INSERT INTO movies VALUES(200511, 'Money. Murder. Zurich.: Borchert and the last hope', 'de', 2018, 90);
INSERT INTO people VALUES(200871, 'Roland', 'Suso Richter', NULL, NULL, 'M');
INSERT INTO credits VALUES(200511, 200871, 'D');
INSERT INTO people VALUES(200872, 'Christian', 'Kohlund', NULL, NULL, 'M');
INSERT INTO credits VALUES(200511, 200872, 'A');
INSERT INTO movies VALUES(200512, 'Dark Arts: Inside ''To the Devil a Daughter''', 'en', 2018, 90);
INSERT INTO credits VALUES(200512, 200807, 'D');
INSERT INTO people VALUES(200873, 'Kevin', 'Lyons', NULL, NULL, 'M');
INSERT INTO credits VALUES(200512, 200873, 'A');
INSERT INTO movies VALUES(200513, 'The Christmas Chronicles', 'en', 2018, 90);
INSERT INTO people VALUES(200874, 'Clay', 'Kaytis', NULL, NULL, 'M');
INSERT INTO credits VALUES(200513, 200874, 'D');
INSERT INTO people VALUES(200875, 'Darby', 'Camp', NULL, NULL, 'F');
INSERT INTO credits VALUES(200513, 200875, 'A');
INSERT INTO movies VALUES(200514, 'PyeongChang 2018 Olympic Closing Ceremony: The Next Wave', 'ko', 2018, 90);
INSERT INTO people VALUES(200876, 'Song', 'Seung-hwan', NULL, NULL, 'M');
INSERT INTO credits VALUES(200514, 200876, 'D');
INSERT INTO people VALUES(200877, 'Moon', 'Jae-in', NULL, NULL, 'M');
INSERT INTO credits VALUES(200514, 200877, 'A');
INSERT INTO movies VALUES(200515, 'The Nutcracker and the Four Realms', 'en', 2018, 90);
INSERT INTO people VALUES(200878, 'Lasse', 'Hallström', NULL, NULL, 'M');
INSERT INTO credits VALUES(200515, 200878, 'D');
INSERT INTO people VALUES(200879, 'Mackenzie', 'Foy', NULL, NULL, 'F');
INSERT INTO credits VALUES(200515, 200879, 'A');
INSERT INTO movies VALUES(200516, 'A Final Cut for Orson: 40 Years in the Making', 'en', 2018, 90);
INSERT INTO people VALUES(200880, 'Ryan', 'Suffern', NULL, NULL, 'M');
INSERT INTO credits VALUES(200516, 200880, 'D');
INSERT INTO people VALUES(200881, 'Frank', 'Marshall', NULL, NULL, 'M');
INSERT INTO credits VALUES(200516, 200881, 'A');
INSERT INTO movies VALUES(200517, 'Hailey Dean Mysteries: A Marriage Made for Murder', 'en', 2018, 90);
INSERT INTO people VALUES(200882, 'Michael', 'Robison', NULL, NULL, 'M');
INSERT INTO credits VALUES(200517, 200882, 'D');
INSERT INTO credits VALUES(200517, 200698, 'A');
INSERT INTO movies VALUES(200518, 'All Is True', 'en', 2018, 90);
INSERT INTO credits VALUES(200518, 200389, 'D');
INSERT INTO credits VALUES(200518, 200389, 'A');
INSERT INTO movies VALUES(200519, 'Amsterdam Undercover: Risen from the dead', 'de', 2018, 90);
INSERT INTO people VALUES(200883, 'Peter', 'Ladkani', NULL, NULL, 'M');
INSERT INTO credits VALUES(200519, 200883, 'D');
INSERT INTO people VALUES(200884, 'Hannes', 'Jaenicke', NULL, NULL, 'M');
INSERT INTO credits VALUES(200519, 200884, 'A');
INSERT INTO movies VALUES(200520, 'Pauvres mais beaux, les débuts de la comédie à l''italienne', 'it', 2018, 90);
INSERT INTO people VALUES(200885, 'Lorenzo', 'Codelli', NULL, NULL, 'M');
INSERT INTO credits VALUES(200520, 200885, 'D');
INSERT INTO people VALUES(200886, 'Marco', 'Risi', NULL, NULL, 'M');
INSERT INTO credits VALUES(200520, 200886, 'A');
INSERT INTO movies VALUES(200521, 'John Leguizamo''s Latin History for Morons', 'en', 2018, 90);
INSERT INTO people VALUES(200887, 'Tony', 'Taccone', NULL, NULL, 'M');
INSERT INTO credits VALUES(200521, 200887, 'D');
INSERT INTO people VALUES(200888, 'John', 'Leguizamo', NULL, NULL, 'M');
INSERT INTO credits VALUES(200521, 200888, 'A');
INSERT INTO movies VALUES(200522, 'Fifty Shades Freed', 'en', 2018, 90);
INSERT INTO people VALUES(200889, 'James', 'Foley', NULL, NULL, 'M');
INSERT INTO credits VALUES(200522, 200889, 'D');
INSERT INTO credits VALUES(200522, 200371, 'A');
INSERT INTO movies VALUES(200523, 'The Simone Biles Story: Courage to Soar', 'en', 2018, 90);
INSERT INTO people VALUES(200890, 'Vanessa', 'Parise', NULL, NULL, 'M');
INSERT INTO credits VALUES(200523, 200890, 'D');
INSERT INTO people VALUES(200891, 'Jeanté', 'Godlock', NULL, NULL, 'F');
INSERT INTO credits VALUES(200523, 200891, 'A');
INSERT INTO movies VALUES(200524, 'Through the Banks of the Red Cedar', 'en', 2018, 90);
INSERT INTO people VALUES(200892, 'Maya', 'Washington', NULL, NULL, 'M');
INSERT INTO credits VALUES(200524, 200892, 'D');
INSERT INTO people VALUES(200893, 'Gene', 'Washington', NULL, NULL, 'M');
INSERT INTO credits VALUES(200524, 200893, 'A');
INSERT INTO movies VALUES(200525, 'Most Likely to Murder', 'en', 2018, 90);
INSERT INTO people VALUES(200894, 'Dan', 'Gregor', NULL, NULL, 'M');
INSERT INTO credits VALUES(200525, 200894, 'D');
INSERT INTO credits VALUES(200525, 200384, 'A');
INSERT INTO movies VALUES(200526, 'Better than Sex! or: How to Make a Wishman Film', 'en', 2018, 90);
INSERT INTO people VALUES(200895, 'Adelgunde', 'Korzycki', NULL, NULL, 'M');
INSERT INTO credits VALUES(200526, 200895, 'D');
INSERT INTO people VALUES(200896, 'Doris', 'Wishman', NULL, NULL, 'F');
INSERT INTO credits VALUES(200526, 200896, 'A');
INSERT INTO movies VALUES(200527, 'Return to Christmas Creek', 'en', 2018, 90);
INSERT INTO people VALUES(200897, 'Don', 'McBrearty', NULL, NULL, 'M');
INSERT INTO credits VALUES(200527, 200897, 'D');
INSERT INTO people VALUES(200898, 'Tori', 'Anderson', NULL, NULL, 'F');
INSERT INTO credits VALUES(200527, 200898, 'A');
INSERT INTO movies VALUES(200528, 'Der Streit um den Hirntod – Organspende auf dem Prüfstand', 'de', 2018, 90);
INSERT INTO people VALUES(200899, 'Ingo', 'Thöne', NULL, NULL, 'M');
INSERT INTO credits VALUES(200528, 200899, 'D');
INSERT INTO people VALUES(200900, 'Erik', 'Schäffler', NULL, NULL, 'M');
INSERT INTO credits VALUES(200528, 200900, 'A');
INSERT INTO movies VALUES(200529, 'Otzi and the Mystery of Time', 'en', 2018, 90);
INSERT INTO people VALUES(200901, 'Gabriele', 'Pignotta', NULL, NULL, 'M');
INSERT INTO credits VALUES(200529, 200901, 'D');
INSERT INTO people VALUES(200902, 'Diego', 'Delpiano', NULL, NULL, 'M');
INSERT INTO credits VALUES(200529, 200902, 'A');
INSERT INTO movies VALUES(200530, 'Bobby Robson: More Than a Manager', 'en', 2018, 90);
INSERT INTO people VALUES(200903, 'Torquil', 'Jones', NULL, NULL, 'M');
INSERT INTO credits VALUES(200530, 200903, 'D');
INSERT INTO people VALUES(200904, 'Bobby', 'Robson', NULL, NULL, 'M');
INSERT INTO credits VALUES(200530, 200904, 'A');
INSERT INTO movies VALUES(200531, 'Black Panther', 'en', 2018, 90);
INSERT INTO credits VALUES(200531, 200531, 'D');
INSERT INTO people VALUES(200905, 'Chadwick', 'Boseman', NULL, NULL, 'M');
INSERT INTO credits VALUES(200531, 200905, 'A');
INSERT INTO movies VALUES(200532, 'Aquaman', 'en', 2018, 90);
INSERT INTO credits VALUES(200532, 200006, 'D');
INSERT INTO people VALUES(200906, 'Jason', 'Momoa', NULL, NULL, 'M');
INSERT INTO credits VALUES(200532, 200906, 'A');
INSERT INTO movies VALUES(200533, 'Don''t Worry, He Won''t Get Far on Foot', 'en', 2018, 90);
INSERT INTO people VALUES(200907, 'Gus', 'Van Sant', NULL, NULL, 'M');
INSERT INTO credits VALUES(200533, 200907, 'D');
INSERT INTO credits VALUES(200533, 200009, 'A');
INSERT INTO movies VALUES(200534, 'Closing Gambit: 1978 Korchnoi versus Karpov and the Kremlin', 'en', 2018, 90);
INSERT INTO people VALUES(200908, 'Alan', 'Byron', NULL, NULL, 'M');
INSERT INTO credits VALUES(200534, 200908, 'D');
INSERT INTO people VALUES(200909, 'Anatoli', 'Karpov', NULL, NULL, 'M');
INSERT INTO credits VALUES(200534, 200909, 'A');
INSERT INTO movies VALUES(200535, 'Bohemian Rhapsody', 'en', 2018, 90);
INSERT INTO credits VALUES(200535, 200257, 'D');
INSERT INTO people VALUES(200910, 'Rami', 'Malek', NULL, NULL, 'M');
INSERT INTO credits VALUES(200535, 200910, 'A');
INSERT INTO movies VALUES(200536, 'A Bread Factory, Part One: For the Sake of Gold', 'en', 2018, 90);
INSERT INTO people VALUES(200911, 'Patrick', 'Wang', NULL, NULL, 'M');
INSERT INTO credits VALUES(200536, 200911, 'D');
INSERT INTO people VALUES(200912, 'Tyne', 'Daly', NULL, NULL, 'F');
INSERT INTO credits VALUES(200536, 200912, 'A');
INSERT INTO movies VALUES(200537, 'Gosnell: The Trial of America''s Biggest Serial Killer', 'en', 2018, 90);
INSERT INTO people VALUES(200913, 'Nick', 'Searcy', NULL, NULL, 'M');
INSERT INTO credits VALUES(200537, 200913, 'D');
INSERT INTO people VALUES(200914, 'Dean', 'Cain', NULL, NULL, 'M');
INSERT INTO credits VALUES(200537, 200914, 'A');
INSERT INTO movies VALUES(200538, 'God''s Not Dead: A Light in Darkness', 'en', 2018, 90);
INSERT INTO people VALUES(200915, 'Michael', 'Mason', NULL, NULL, 'M');
INSERT INTO credits VALUES(200538, 200915, 'D');
INSERT INTO people VALUES(200916, 'David', 'A.R. White', NULL, NULL, 'M');
INSERT INTO credits VALUES(200538, 200916, 'A');
INSERT INTO movies VALUES(200539, 'Incredibles 2', 'en', 2018, 90);
INSERT INTO people VALUES(200917, 'Brad', 'Bird', NULL, NULL, 'M');
INSERT INTO credits VALUES(200539, 200917, 'D');
INSERT INTO people VALUES(200918, 'Craig', 'T. Nelson', NULL, NULL, 'M');
INSERT INTO credits VALUES(200539, 200918, 'A');
INSERT INTO movies VALUES(200540, 'Johnny English Strikes Again', 'en', 2018, 90);
INSERT INTO people VALUES(200919, 'David', 'Kerr', NULL, NULL, 'M');
INSERT INTO credits VALUES(200540, 200919, 'D');
INSERT INTO people VALUES(200920, 'Rowan', 'Atkinson', NULL, NULL, 'M');
INSERT INTO credits VALUES(200540, 200920, 'A');
INSERT INTO movies VALUES(200541, 'LEGO Marvel Super Heroes: Black Panther - Trouble in Wakanda', 'en', 2018, 90);
INSERT INTO credits VALUES(200541, 200734, 'D');
INSERT INTO people VALUES(200921, 'James', 'C. Mathis III', NULL, NULL, 'M');
INSERT INTO credits VALUES(200541, 200921, 'A');
INSERT INTO movies VALUES(200542, 'Inspektor Jury - Der Tod des Harlekins', 'de', 2018, 90);
INSERT INTO people VALUES(200922, 'Marcus', 'Ulbricht', NULL, NULL, 'M');
INSERT INTO credits VALUES(200542, 200922, 'D');
INSERT INTO people VALUES(200923, 'Fritz', 'Karl', NULL, NULL, 'M');
INSERT INTO credits VALUES(200542, 200923, 'A');
INSERT INTO movies VALUES(200543, 'The Man Who Killed Don Quixote', 'en', 2018, 90);
INSERT INTO people VALUES(200924, 'Terry', 'Gilliam', NULL, NULL, 'M');
INSERT INTO credits VALUES(200543, 200924, 'D');
INSERT INTO people VALUES(200925, 'Adam', 'Driver', NULL, NULL, 'M');
INSERT INTO credits VALUES(200543, 200925, 'A');
INSERT INTO movies VALUES(200544, 'Hocus Pocus 25th Anniversary Halloween Bash', 'en', 2018, 90);
INSERT INTO people VALUES(200926, 'Joe', 'DeMaio', NULL, NULL, 'M');
INSERT INTO credits VALUES(200544, 200926, 'D');
INSERT INTO people VALUES(200927, 'Bette', 'Midler', NULL, NULL, 'F');
INSERT INTO credits VALUES(200544, 200927, 'A');
INSERT INTO movies VALUES(200545, 'Swiped: Hooking Up in the Digital Age', 'en', 2018, 90);
INSERT INTO people VALUES(200928, 'Nancy', 'Jo Sales', NULL, NULL, 'M');
INSERT INTO credits VALUES(200545, 200928, 'D');
INSERT INTO movies VALUES(200546, 'Peter Rabbit', 'en', 2018, 90);
INSERT INTO people VALUES(200929, 'Will', 'Gluck', NULL, NULL, 'M');
INSERT INTO credits VALUES(200546, 200929, 'D');
INSERT INTO people VALUES(200930, 'James', 'Corden', NULL, NULL, 'M');
INSERT INTO credits VALUES(200546, 200930, 'A');
INSERT INTO movies VALUES(200547, 'Jurassic World: Fallen Kingdom', 'en', 2018, 90);
INSERT INTO people VALUES(200931, 'J.A.', 'Bayona', NULL, NULL, 'M');
INSERT INTO credits VALUES(200547, 200931, 'D');
INSERT INTO credits VALUES(200547, 200413, 'A');
INSERT INTO movies VALUES(200548, 'Money. Murder. Zurich.: Borchert and the power of habit', 'de', 2018, 90);
INSERT INTO credits VALUES(200548, 200871, 'D');
INSERT INTO credits VALUES(200548, 200872, 'A');
INSERT INTO movies VALUES(200549, 'Mission: Impossible - Fallout', 'en', 2018, 90);
INSERT INTO credits VALUES(200549, 200526, 'D');
INSERT INTO credits VALUES(200549, 200158, 'A');
INSERT INTO movies VALUES(200550, 'ReMastered: Who Shot the Sheriff', 'en', 2018, 90);
INSERT INTO people VALUES(200932, 'Kief', 'Davidson', NULL, NULL, 'M');
INSERT INTO credits VALUES(200550, 200932, 'D');
INSERT INTO people VALUES(200933, 'Jimmy', 'Cliff', NULL, NULL, 'M');
INSERT INTO credits VALUES(200550, 200933, 'A');
INSERT INTO movies VALUES(200551, 'Hurricane Bianca: From Russia with Hate', 'en', 2018, 90);
INSERT INTO people VALUES(200934, 'Matt', 'Kugelman', NULL, NULL, 'M');
INSERT INTO credits VALUES(200551, 200934, 'D');
INSERT INTO people VALUES(200935, 'Bianca', 'Del Rio', NULL, NULL, 'M');
INSERT INTO credits VALUES(200551, 200935, 'A');
INSERT INTO movies VALUES(200552, 'Green Book', 'en', 2018, 90);
INSERT INTO people VALUES(200936, 'Peter', 'Farrelly', NULL, NULL, 'M');
INSERT INTO credits VALUES(200552, 200936, 'D');
INSERT INTO people VALUES(200937, 'Viggo', 'Mortensen', NULL, NULL, 'M');
INSERT INTO credits VALUES(200552, 200937, 'A');
INSERT INTO movies VALUES(200553, 'Scotty and the Secret History of Hollywood', 'en', 2018, 90);
INSERT INTO people VALUES(200938, 'Matt', 'Tyrnauer', NULL, NULL, 'M');
INSERT INTO credits VALUES(200553, 200938, 'D');
INSERT INTO people VALUES(200939, 'Scotty', 'Bowers', NULL, NULL, 'M');
INSERT INTO credits VALUES(200553, 200939, 'A');
INSERT INTO movies VALUES(200554, 'Skeletons in the Closet', 'en', 2018, 90);
INSERT INTO people VALUES(200940, 'Tony', 'Wash', NULL, NULL, 'M');
INSERT INTO credits VALUES(200554, 200940, 'D');
INSERT INTO people VALUES(200941, 'Ellie', 'Church', NULL, NULL, 'F');
INSERT INTO credits VALUES(200554, 200941, 'A');
INSERT INTO movies VALUES(200555, 'Worlds of Ursula K. Le Guin', 'en', 2018, 90);
INSERT INTO people VALUES(200942, 'Arwen', 'Curry', NULL, NULL, 'M');
INSERT INTO credits VALUES(200555, 200942, 'D');
INSERT INTO people VALUES(200943, 'Ursula', 'K. Le Guin', NULL, NULL, 'F');
INSERT INTO credits VALUES(200555, 200943, 'A');
INSERT INTO movies VALUES(200556, 'Shaquille O''Neal Presents: All Star Comedy Jam: I''m Still Laughing', 'en', 2018, 90);
INSERT INTO people VALUES(200944, 'Leslie', 'Small', NULL, NULL, 'M');
INSERT INTO credits VALUES(200556, 200944, 'D');
INSERT INTO people VALUES(200945, 'Bill', 'Bellamy', NULL, NULL, 'M');
INSERT INTO credits VALUES(200556, 200945, 'A');
INSERT INTO movies VALUES(200557, 'LEGO DC Comics Super Heroes: The Flash', 'en', 2018, 90);
INSERT INTO people VALUES(200946, 'Ethan', 'Spaulding', NULL, NULL, 'M');
INSERT INTO credits VALUES(200557, 200946, 'D');
INSERT INTO people VALUES(200947, 'James', 'Arnold Taylor', NULL, NULL, 'M');
INSERT INTO credits VALUES(200557, 200947, 'A');
INSERT INTO movies VALUES(200558, 'The Importance of Being Earnest', 'en', 2018, 90);
INSERT INTO people VALUES(200948, 'Michael', 'Fentiman', NULL, NULL, 'M');
INSERT INTO credits VALUES(200558, 200948, 'D');
INSERT INTO people VALUES(200949, 'Sophie', 'Thompson', NULL, NULL, 'F');
INSERT INTO credits VALUES(200558, 200949, 'A');
INSERT INTO movies VALUES(200559, 'The Nun', 'en', 2018, 90);
INSERT INTO people VALUES(200950, 'Corin', 'Hardy', NULL, NULL, 'M');
INSERT INTO credits VALUES(200559, 200950, 'D');
INSERT INTO people VALUES(200951, 'Taissa', 'Farmiga', NULL, NULL, 'F');
INSERT INTO credits VALUES(200559, 200951, 'A');
INSERT INTO movies VALUES(200560, 'The Equalizer 2', 'en', 2018, 90);
INSERT INTO credits VALUES(200560, 200197, 'D');
INSERT INTO credits VALUES(200560, 200198, 'A');
INSERT INTO movies VALUES(200561, 'A Shoe Addict''s Christmas', 'en', 2018, 90);
INSERT INTO credits VALUES(200561, 200882, 'D');
INSERT INTO people VALUES(200952, 'Candace', 'Cameron Bure', NULL, NULL, 'F');
INSERT INTO credits VALUES(200561, 200952, 'A');
INSERT INTO movies VALUES(200562, 'Agatha and the Truth of Murder', 'en', 2018, 90);
INSERT INTO people VALUES(200953, 'Terry', 'Loane', NULL, NULL, 'M');
INSERT INTO credits VALUES(200562, 200953, 'D');
INSERT INTO people VALUES(200954, 'Ruth', 'Bradley', NULL, NULL, 'F');
INSERT INTO credits VALUES(200562, 200954, 'A');
INSERT INTO movies VALUES(200563, 'Treno di parole - Viaggio nella poesia di Raffaello Baldini', 'it', 2018, 90);
INSERT INTO people VALUES(200955, 'Silvio', 'Soldini', NULL, NULL, 'M');
INSERT INTO credits VALUES(200563, 200955, 'D');
INSERT INTO people VALUES(200956, 'Ivano', 'Marescotti', NULL, NULL, 'M');
INSERT INTO credits VALUES(200563, 200956, 'A');
INSERT INTO movies VALUES(200564, 'Conrad & Michelle: If Words Could Kill', 'en', 2018, 90);
INSERT INTO credits VALUES(200564, 200816, 'D');
INSERT INTO people VALUES(200957, 'Bella', 'Thorne', NULL, NULL, 'F');
INSERT INTO credits VALUES(200564, 200957, 'A');
INSERT INTO movies VALUES(200565, 'Der Lissabon-Krimi: Der Tote in der Brandung', 'de', 2018, 90);
INSERT INTO people VALUES(200958, 'Sibylle', 'Tafel', NULL, NULL, 'M');
INSERT INTO credits VALUES(200565, 200958, 'D');
INSERT INTO people VALUES(200959, 'Jürgen', 'Tarrach', NULL, NULL, 'M');
INSERT INTO credits VALUES(200565, 200959, 'A');
INSERT INTO movies VALUES(200566, 'I Think I Have a Crush on You', 'sv', 2018, 90);
INSERT INTO people VALUES(200960, 'Maria', 'Eriksson-Hecht', NULL, NULL, 'M');
INSERT INTO credits VALUES(200566, 200960, 'D');
INSERT INTO people VALUES(200961, 'Inez', 'Dahl Torhaug', NULL, NULL, 'F');
INSERT INTO credits VALUES(200566, 200961, 'A');
INSERT INTO movies VALUES(200567, 'Minding the Gap', 'en', 2018, 90);
INSERT INTO people VALUES(200962, 'Bing', 'Liu', NULL, NULL, 'M');
INSERT INTO credits VALUES(200567, 200962, 'D');
INSERT INTO people VALUES(200963, 'Keire', 'Johnson', NULL, NULL, 'M');
INSERT INTO credits VALUES(200567, 200963, 'A');
INSERT INTO movies VALUES(200568, 'Backstage Raw', 'en', 2018, 90);
INSERT INTO people VALUES(200964, 'Cybil', 'Richards', NULL, NULL, 'M');
INSERT INTO credits VALUES(200568, 200964, 'D');
INSERT INTO people VALUES(200965, 'Zoe', 'Paul', NULL, NULL, 'F');
INSERT INTO credits VALUES(200568, 200965, 'A');
INSERT INTO movies VALUES(200569, 'Ocean''s Eight', 'en', 2018, 90);
INSERT INTO people VALUES(200966, 'Gary', 'Ross', NULL, NULL, 'M');
INSERT INTO credits VALUES(200569, 200966, 'D');
INSERT INTO people VALUES(200967, 'Sandra', 'Bullock', NULL, NULL, 'F');
INSERT INTO credits VALUES(200569, 200967, 'A');
INSERT INTO movies VALUES(200570, 'Deadpool 2', 'en', 2018, 90);
INSERT INTO people VALUES(200968, 'David', 'Leitch', NULL, NULL, 'M');
INSERT INTO credits VALUES(200570, 200968, 'D');
INSERT INTO credits VALUES(200570, 200549, 'A');
INSERT INTO movies VALUES(200571, 'Garage Sale Mysteries: Murder In D Minor', 'en', 2018, 90);
INSERT INTO credits VALUES(200571, 200458, 'D');
INSERT INTO credits VALUES(200571, 200738, 'A');
INSERT INTO movies VALUES(200572, 'Penguin Highway', 'ja', 2018, 90);
INSERT INTO people VALUES(200969, 'Hiroyasu', 'Ishida', NULL, NULL, 'M');
INSERT INTO credits VALUES(200572, 200969, 'D');
INSERT INTO people VALUES(200970, 'Kana', 'Kita', NULL, NULL, 'F');
INSERT INTO credits VALUES(200572, 200970, 'A');
INSERT INTO movies VALUES(200573, 'PyeongChang 2018 Olympic Opening Ceremony: Peace in Motion', 'en', 2018, 90);
INSERT INTO credits VALUES(200573, 200876, 'D');
INSERT INTO credits VALUES(200573, 200877, 'A');
INSERT INTO movies VALUES(200574, 'Apple Music Presents: Little Mix - Live from London', 'en', 2018, 90);
INSERT INTO credits VALUES(200574, 200338, 'D');
INSERT INTO people VALUES(200971, 'Perrie', 'Edwards', NULL, NULL, 'F');
INSERT INTO credits VALUES(200574, 200971, 'A');
INSERT INTO movies VALUES(200575, 'A Girl Named C', 'en', 2018, 90);
INSERT INTO people VALUES(200972, 'Emily', 'Kassie', NULL, NULL, 'M');
INSERT INTO credits VALUES(200575, 200972, 'D');
INSERT INTO movies VALUES(200576, 'A Very Wicked Halloween: Celebrating 15 Years on Broadway', 'en', 2018, 90);
INSERT INTO credits VALUES(200576, 200137, 'D');
INSERT INTO people VALUES(200973, 'Kristin', 'Chenoweth', NULL, NULL, 'F');
INSERT INTO credits VALUES(200576, 200973, 'A');
INSERT INTO movies VALUES(200577, 'Steve Martin and Martin Short: An Evening You Will Forget for the Rest of Your Life', 'en', 2018, 90);
INSERT INTO people VALUES(200974, 'Marcus', 'Raboy', NULL, NULL, 'M');
INSERT INTO credits VALUES(200577, 200974, 'D');
INSERT INTO people VALUES(200975, 'Steve', 'Martin', NULL, NULL, 'M');
INSERT INTO credits VALUES(200577, 200975, 'A');
INSERT INTO movies VALUES(200578, 'The Trigonal: Fight for Justice', 'en', 2018, 90);
INSERT INTO people VALUES(200976, 'Vincent', 'Soberano', NULL, NULL, 'M');
INSERT INTO credits VALUES(200578, 200976, 'D');
INSERT INTO people VALUES(200977, 'Ian', 'Ignacio', NULL, NULL, 'M');
INSERT INTO credits VALUES(200578, 200977, 'A');
INSERT INTO movies VALUES(200579, 'Si saben cómo me pongo ¿Pa'' qué me invitan?', 'es', 2018, 90);
INSERT INTO people VALUES(200978, 'Fernando', 'Ayllón', NULL, NULL, 'M');
INSERT INTO credits VALUES(200579, 200978, 'D');
INSERT INTO people VALUES(200979, 'Ricardo', 'Quevedo', NULL, NULL, 'M');
INSERT INTO credits VALUES(200579, 200979, 'A');
INSERT INTO movies VALUES(200580, 'A Tale of Two Coreys', 'en', 2018, 90);
INSERT INTO people VALUES(200980, 'Steven', 'Huffaker', NULL, NULL, 'M');
INSERT INTO credits VALUES(200580, 200980, 'D');
INSERT INTO people VALUES(200981, 'Elijah', 'Marcano', NULL, NULL, 'M');
INSERT INTO credits VALUES(200580, 200981, 'A');
INSERT INTO movies VALUES(200581, '3 Years in Pakistan: The Erik Aude Story', 'en', 2018, 90);
INSERT INTO people VALUES(200982, 'Jamielyn', 'Lippman', NULL, NULL, 'M');
INSERT INTO credits VALUES(200581, 200982, 'D');
INSERT INTO people VALUES(200983, 'Quinton', 'Aaron', NULL, NULL, 'M');
INSERT INTO credits VALUES(200581, 200983, 'A');
INSERT INTO movies VALUES(200582, 'The Best Summer of My Life', 'es', 2018, 90);
INSERT INTO people VALUES(200984, 'Dani', 'de la Orden', NULL, NULL, 'M');
INSERT INTO credits VALUES(200582, 200984, 'D');
INSERT INTO people VALUES(200985, 'Leo', 'Harlem', NULL, NULL, 'M');
INSERT INTO credits VALUES(200582, 200985, 'A');
INSERT INTO movies VALUES(200583, 'Over Drive', 'ja', 2018, 90);
INSERT INTO people VALUES(200986, 'Eiichiro', 'Hasumi', NULL, NULL, 'M');
INSERT INTO credits VALUES(200583, 200986, 'D');
INSERT INTO people VALUES(200987, 'Mackenyu', '', NULL, NULL, 'M');
INSERT INTO credits VALUES(200583, 200987, 'A');
INSERT INTO movies VALUES(200584, 'The Queen of Hollywood Blvd', 'en', 2018, 90);
INSERT INTO people VALUES(200988, 'Orson', 'Oblowitz', NULL, NULL, 'M');
INSERT INTO credits VALUES(200584, 200988, 'D');
INSERT INTO people VALUES(200989, 'Rosemary', 'Hochschild', NULL, NULL, 'F');
INSERT INTO credits VALUES(200584, 200989, 'A');
INSERT INTO movies VALUES(200585, 'How It Ends', 'en', 2018, 90);
INSERT INTO people VALUES(200990, 'David', 'M. Rosenthal', NULL, NULL, 'M');
INSERT INTO credits VALUES(200585, 200990, 'D');
INSERT INTO people VALUES(200991, 'Theo', 'James', NULL, NULL, 'M');
INSERT INTO credits VALUES(200585, 200991, 'A');
INSERT INTO movies VALUES(200586, 'Darrow & Darrow: Body of Evidence', 'en', 2018, 90);
INSERT INTO people VALUES(200992, 'Mel', 'Damski', NULL, NULL, 'M');
INSERT INTO credits VALUES(200586, 200992, 'D');
INSERT INTO people VALUES(200993, 'Kimberly', 'Williams-Paisley', NULL, NULL, 'F');
INSERT INTO credits VALUES(200586, 200993, 'A');
INSERT INTO movies VALUES(200587, 'Hereditary', 'en', 2018, 90);
INSERT INTO people VALUES(200994, 'Ari', 'Aster', NULL, NULL, 'M');
INSERT INTO credits VALUES(200587, 200994, 'D');
INSERT INTO people VALUES(200995, 'Toni', 'Collette', NULL, NULL, 'F');
INSERT INTO credits VALUES(200587, 200995, 'A');
INSERT INTO movies VALUES(200588, 'Hitler Versus Picasso', 'it', 2018, 90);
INSERT INTO people VALUES(200996, 'Claudio', 'Poli', NULL, NULL, 'M');
INSERT INTO credits VALUES(200588, 200996, 'D');
INSERT INTO people VALUES(200997, 'Toni', 'Servillo', NULL, NULL, 'M');
INSERT INTO credits VALUES(200588, 200997, 'A');
INSERT INTO movies VALUES(200589, 'Careful How You Go', 'en', 2018, 90);
INSERT INTO people VALUES(200998, 'Emerald', 'Fennell', NULL, NULL, 'M');
INSERT INTO credits VALUES(200589, 200998, 'D');
INSERT INTO people VALUES(200999, 'Phoebe', 'Waller-Bridge', NULL, NULL, 'F');
INSERT INTO credits VALUES(200589, 200999, 'A');
INSERT INTO movies VALUES(200590, 'The Road to Stardom: The Making of A Star Is Born', 'en', 2018, 90);
INSERT INTO credits VALUES(200590, 200177, 'A');
INSERT INTO movies VALUES(200591, 'A Quiet Place', 'en', 2018, 90);
INSERT INTO people VALUES(201000, 'John', 'Krasinski', NULL, NULL, 'M');
INSERT INTO credits VALUES(200591, 201000, 'D');
INSERT INTO credits VALUES(200591, 200497, 'A');
INSERT INTO movies VALUES(200592, 'Boom for Real: The Late Teenage Years of Jean-Michel Basquiat', 'en', 2018, 90);
INSERT INTO people VALUES(201001, 'Sara', 'Driver', NULL, NULL, 'M');
INSERT INTO credits VALUES(200592, 201001, 'D');
INSERT INTO people VALUES(201002, 'Jean-Michel', 'Basquiat', NULL, NULL, 'M');
INSERT INTO credits VALUES(200592, 201002, 'A');
INSERT INTO movies VALUES(200593, 'Opeth: Garden Of The Titans - Opeth Live At Red Rocks Amphitheatre', 'en', 2018, 90);
INSERT INTO people VALUES(201003, 'Julien', 'Deka', NULL, NULL, 'M');
INSERT INTO credits VALUES(200593, 201003, 'D');
INSERT INTO people VALUES(201004, 'Mikael', 'Åkerfeldt', NULL, NULL, 'M');
INSERT INTO credits VALUES(200593, 201004, 'A');
INSERT INTO movies VALUES(200594, 'The Bad Seed', 'en', 2018, 90);
INSERT INTO credits VALUES(200594, 200420, 'D');
INSERT INTO people VALUES(201005, 'Mckenna', 'Grace', NULL, NULL, 'F');
INSERT INTO credits VALUES(200594, 201005, 'A');
INSERT INTO movies VALUES(200595, 'The Meg', 'en', 2018, 90);
INSERT INTO people VALUES(201006, 'Jon', 'Turteltaub', NULL, NULL, 'M');
INSERT INTO credits VALUES(200595, 201006, 'D');
INSERT INTO credits VALUES(200595, 200114, 'A');
INSERT INTO movies VALUES(200596, 'The 15:17 to Paris', 'en', 2018, 90);
INSERT INTO people VALUES(201007, 'Clint', 'Eastwood', NULL, NULL, 'M');
INSERT INTO credits VALUES(200596, 201007, 'D');
INSERT INTO people VALUES(201008, 'Ray', 'Corasani', NULL, NULL, 'M');
INSERT INTO credits VALUES(200596, 201008, 'A');
INSERT INTO movies VALUES(200597, 'Pope Francis: A Man of His Word', 'en', 2018, 90);
INSERT INTO people VALUES(201009, 'Wim', 'Wenders', NULL, NULL, 'M');
INSERT INTO credits VALUES(200597, 201009, 'D');
INSERT INTO people VALUES(201010, 'Pope', 'Francis', NULL, NULL, 'M');
INSERT INTO credits VALUES(200597, 201010, 'A');
INSERT INTO movies VALUES(200598, 'Paris Pigalle', 'fr', 2018, 90);
INSERT INTO people VALUES(201011, 'Cédric', 'Anger', NULL, NULL, 'M');
INSERT INTO credits VALUES(200598, 201011, 'D');
INSERT INTO people VALUES(201012, 'Guillaume', 'Canet', NULL, NULL, 'M');
INSERT INTO credits VALUES(200598, 201012, 'A');
INSERT INTO movies VALUES(200599, 'Maze Runner: The Death Cure', 'en', 2018, 90);
INSERT INTO credits VALUES(200599, 200193, 'D');
INSERT INTO credits VALUES(200599, 200194, 'A');
INSERT INTO movies VALUES(200600, 'It Chapter Two', 'en', 2019, 90);
INSERT INTO credits VALUES(200600, 200067, 'D');
INSERT INTO credits VALUES(200600, 200702, 'A');
INSERT INTO movies VALUES(200601, 'Lockdown', 'en', 2019, 90);
INSERT INTO people VALUES(201013, 'Logan', 'George', NULL, NULL, 'M');
INSERT INTO credits VALUES(200601, 201013, 'D');
INSERT INTO people VALUES(201014, 'Allegra', 'Leguizamo', NULL, NULL, 'F');
INSERT INTO credits VALUES(200601, 201014, 'A');
INSERT INTO movies VALUES(200602, 'Parasite', 'ko', 2019, 90);
INSERT INTO credits VALUES(200602, 200087, 'D');
INSERT INTO people VALUES(201015, 'Song', 'Kang-ho', NULL, NULL, 'M');
INSERT INTO credits VALUES(200602, 201015, 'A');
INSERT INTO movies VALUES(200603, 'Article 15', 'hi', 2019, 90);
INSERT INTO people VALUES(201016, 'Anubhav', 'Sinha', NULL, NULL, 'M');
INSERT INTO credits VALUES(200603, 201016, 'D');
INSERT INTO people VALUES(201017, 'Ayushmann', 'Khurrana', NULL, NULL, 'M');
INSERT INTO credits VALUES(200603, 201017, 'A');
INSERT INTO movies VALUES(200604, 'Ne Zha', 'zh', 2019, 90);
INSERT INTO people VALUES(201018, 'Jiao', 'Zi', NULL, NULL, 'M');
INSERT INTO credits VALUES(200604, 201018, 'D');
INSERT INTO people VALUES(201019, 'Lu', 'Yanting', NULL, NULL, 'F');
INSERT INTO credits VALUES(200604, 201019, 'A');
INSERT INTO movies VALUES(200605, 'Knives Out', 'en', 2019, 90);
INSERT INTO people VALUES(201020, 'Rian', 'Johnson', NULL, NULL, 'M');
INSERT INTO credits VALUES(200605, 201020, 'D');
INSERT INTO people VALUES(201021, 'Daniel', 'Craig', NULL, NULL, 'M');
INSERT INTO credits VALUES(200605, 201021, 'A');
INSERT INTO movies VALUES(200606, 'Avengers: Endgame', 'en', 2019, 90);
INSERT INTO people VALUES(201022, 'Anthony', 'Russo', NULL, NULL, 'M');
INSERT INTO credits VALUES(200606, 201022, 'D');
INSERT INTO credits VALUES(200606, 200013, 'A');
INSERT INTO movies VALUES(200607, 'Spider-Man: Far From Home', 'en', 2019, 90);
INSERT INTO credits VALUES(200607, 200711, 'D');
INSERT INTO credits VALUES(200607, 200712, 'A');
INSERT INTO movies VALUES(200608, 'Joker', 'en', 2019, 90);
INSERT INTO credits VALUES(200608, 200176, 'D');
INSERT INTO credits VALUES(200608, 200009, 'A');
INSERT INTO movies VALUES(200609, 'Diario de el loro y  el cisne', 'en', 2019, 90);
INSERT INTO people VALUES(201023, 'Alejo', 'Moguillansky', NULL, NULL, 'M');
INSERT INTO credits VALUES(200609, 201023, 'D');
INSERT INTO people VALUES(201024, 'Luciana', 'Acuña', NULL, NULL, 'M');
INSERT INTO credits VALUES(200609, 201024, 'A');
INSERT INTO movies VALUES(200610, 'Live in Front of a Studio Audience: "All in the Family" and "Good Times"', 'en', 2019, 90);
INSERT INTO people VALUES(201025, 'Andy', 'Fisher', NULL, NULL, 'M');
INSERT INTO credits VALUES(200610, 201025, 'D');
INSERT INTO people VALUES(201026, 'Norman', 'Lear', NULL, NULL, 'M');
INSERT INTO credits VALUES(200610, 201026, 'A');
INSERT INTO movies VALUES(200611, 'The American Dream: Europeans in the New World', 'de', 2019, 90);
INSERT INTO people VALUES(201027, 'Peter', 'Bardehle', NULL, NULL, 'M');
INSERT INTO credits VALUES(200611, 201027, 'D');
INSERT INTO credits VALUES(200611, 200900, 'A');
INSERT INTO movies VALUES(200612, 'My Brother’s Name Is Robert and He Is an Idiot', 'de', 2019, 90);
INSERT INTO people VALUES(201028, 'Philip', 'Gröning', NULL, NULL, 'M');
INSERT INTO credits VALUES(200612, 201028, 'D');
INSERT INTO people VALUES(201029, 'Julia', 'Zange', NULL, NULL, 'F');
INSERT INTO credits VALUES(200612, 201029, 'A');
INSERT INTO movies VALUES(200613, 'Togo', 'en', 2019, 90);
INSERT INTO people VALUES(201030, 'Ericson', 'Core', NULL, NULL, 'M');
INSERT INTO credits VALUES(200613, 201030, 'D');
INSERT INTO people VALUES(201031, 'Willem', 'Dafoe', NULL, NULL, 'M');
INSERT INTO credits VALUES(200613, 201031, 'A');
INSERT INTO movies VALUES(200614, 'Live in Front of a Studio Audience: Norman Lear''s "All in the Family" and "The Jeffersons"', 'en', 2019, 90);
INSERT INTO credits VALUES(200614, 201025, 'D');
INSERT INTO people VALUES(201032, 'Woody', 'Harrelson', NULL, NULL, 'M');
INSERT INTO credits VALUES(200614, 201032, 'A');
INSERT INTO movies VALUES(200615, 'When Calls the Heart: The Queen of Hearts', 'en', 2019, 90);
INSERT INTO credits VALUES(200615, 200458, 'D');
INSERT INTO credits VALUES(200615, 200459, 'A');
INSERT INTO movies VALUES(200616, 'The Secret Life of Pets 2', 'en', 2019, 90);
INSERT INTO credits VALUES(200616, 200063, 'D');
INSERT INTO people VALUES(201033, 'Patton', 'Oswalt', NULL, NULL, 'M');
INSERT INTO credits VALUES(200616, 201033, 'A');
INSERT INTO movies VALUES(200617, 'You Only Live Once: Die Toten Hosen on Tour', 'de', 2019, 90);
INSERT INTO credits VALUES(200617, 200338, 'D');
INSERT INTO credits VALUES(200617, 200339, 'A');
INSERT INTO movies VALUES(200618, 'How I Became a Gangster', 'pl', 2019, 90);
INSERT INTO people VALUES(201034, 'Maciej', 'Kawulski', NULL, NULL, 'M');
INSERT INTO credits VALUES(200618, 201034, 'D');
INSERT INTO people VALUES(201035, 'Marcin', 'Kowalczyk', NULL, NULL, 'M');
INSERT INTO credits VALUES(200618, 201035, 'A');
INSERT INTO movies VALUES(200619, 'The Hitler–Stalin Pact', 'fr', 2019, 90);
INSERT INTO people VALUES(201036, 'Cédric', 'Tourbe', NULL, NULL, 'M');
INSERT INTO credits VALUES(200619, 201036, 'D');
INSERT INTO people VALUES(201037, 'Hervé', 'Pierre', NULL, NULL, 'M');
INSERT INTO credits VALUES(200619, 201037, 'A');
INSERT INTO movies VALUES(200620, 'Don''t Let Go', 'en', 2019, 90);
INSERT INTO people VALUES(201038, 'Jacob', 'Aaron Estes', NULL, NULL, 'M');
INSERT INTO credits VALUES(200620, 201038, 'D');
INSERT INTO people VALUES(201039, 'David', 'Oyelowo', NULL, NULL, 'M');
INSERT INTO credits VALUES(200620, 201039, 'A');
INSERT INTO movies VALUES(200621, 'After', 'en', 2019, 90);
INSERT INTO people VALUES(201040, 'Jenny', 'Gage', NULL, NULL, 'M');
INSERT INTO credits VALUES(200621, 201040, 'D');
INSERT INTO people VALUES(201041, 'Josephine', 'Langford', NULL, NULL, 'F');
INSERT INTO credits VALUES(200621, 201041, 'A');
INSERT INTO movies VALUES(200622, '522. A Cat, a Chinese Guy and My Father', 'es', 2019, 90);
INSERT INTO people VALUES(201042, 'Paco', 'R. Baños', NULL, NULL, 'M');
INSERT INTO credits VALUES(200622, 201042, 'D');
INSERT INTO credits VALUES(200622, 200511, 'A');
INSERT INTO movies VALUES(200623, 'Fate/stay night: Heaven''s Feel II. Lost Butterfly', 'ja', 2019, 90);
INSERT INTO people VALUES(201043, 'Tomonori', 'Sudo', NULL, NULL, 'M');
INSERT INTO credits VALUES(200623, 201043, 'D');
INSERT INTO people VALUES(201044, 'Noriaki', 'Sugiyama', NULL, NULL, 'M');
INSERT INTO credits VALUES(200623, 201044, 'A');
INSERT INTO movies VALUES(200624, 'Once Upon a Time... in Hollywood', 'en', 2019, 90);
INSERT INTO credits VALUES(200624, 200514, 'D');
INSERT INTO credits VALUES(200624, 200003, 'A');
INSERT INTO movies VALUES(200625, 'Frozen II', 'en', 2019, 90);
INSERT INTO people VALUES(201045, 'Jennifer', 'Lee', NULL, NULL, 'M');
INSERT INTO credits VALUES(200625, 201045, 'D');
INSERT INTO credits VALUES(200625, 200001, 'A');
INSERT INTO movies VALUES(200626, 'Making Waves: The Art of Cinematic Sound', 'en', 2019, 90);
INSERT INTO people VALUES(201046, 'Midge', 'Costin', NULL, NULL, 'M');
INSERT INTO credits VALUES(200626, 201046, 'D');
INSERT INTO people VALUES(201047, 'Walter', 'Murch', NULL, NULL, 'M');
INSERT INTO credits VALUES(200626, 201047, 'A');
INSERT INTO movies VALUES(200627, 'Verdi: Simon Boccanegra (Salzburg Festival)', 'en', 2019, 90);
INSERT INTO people VALUES(201048, 'Luca', 'Salsi', NULL, NULL, 'M');
INSERT INTO credits VALUES(200627, 201048, 'A');
INSERT INTO movies VALUES(200628, 'La troupe à Palmade s''amuse avec Isabelle Nanty', 'fr', 2019, 90);
INSERT INTO people VALUES(201049, 'Ybao', 'Benedetti', NULL, NULL, 'M');
INSERT INTO credits VALUES(200628, 201049, 'D');
INSERT INTO people VALUES(201050, 'Isabelle', 'Nanty', NULL, NULL, 'F');
INSERT INTO credits VALUES(200628, 201050, 'A');
INSERT INTO movies VALUES(200629, 'An Indian in War - Life and Work of António-Pedro Vasconcelos', 'pt', 2019, 90);
INSERT INTO people VALUES(201051, 'Leandro', 'Ferreira', NULL, NULL, 'M');
INSERT INTO credits VALUES(200629, 201051, 'D');
INSERT INTO people VALUES(201052, 'António-Pedro', 'Vasconcelos', NULL, NULL, 'M');
INSERT INTO credits VALUES(200629, 201052, 'A');
INSERT INTO movies VALUES(200630, 'Psycho-Pass: Sinners of the System - Case.2 First Guardian', 'ja', 2019, 90);
INSERT INTO people VALUES(201053, 'Naoyoshi', 'Shiotani', NULL, NULL, 'M');
INSERT INTO credits VALUES(200630, 201053, 'D');
INSERT INTO people VALUES(201054, 'Kenji', 'Nojima', NULL, NULL, 'M');
INSERT INTO credits VALUES(200630, 201054, 'A');
INSERT INTO movies VALUES(200631, 'Hailey Dean Mysteries: A Prescription for Murder', 'en', 2019, 90);
INSERT INTO people VALUES(201055, 'Allan', 'Harmon', NULL, NULL, 'M');
INSERT INTO credits VALUES(200631, 201055, 'D');
INSERT INTO credits VALUES(200631, 200698, 'A');
INSERT INTO movies VALUES(200632, 'Would I Lie to You: The Beginning', 'fr', 2019, 90);
INSERT INTO people VALUES(201056, 'Michel', 'Munz', NULL, NULL, 'M');
INSERT INTO credits VALUES(200632, 201056, 'D');
INSERT INTO people VALUES(201057, 'Mickaël', 'Lumière', NULL, NULL, 'M');
INSERT INTO credits VALUES(200632, 201057, 'A');
INSERT INTO movies VALUES(200633, 'Angels Among Us: The Tabernacle Choir at Temple Square featuring Kristin Chenoweth', 'en', 2019, 90);
INSERT INTO people VALUES(201058, 'Robert', 'O Morton', NULL, NULL, 'M');
INSERT INTO credits VALUES(200633, 201058, 'D');
INSERT INTO credits VALUES(200633, 200973, 'A');
INSERT INTO movies VALUES(200634, 'Carlo Vanzina - Il cinema è una cosa meravigliosa', 'it', 2019, 90);
INSERT INTO people VALUES(201059, 'Mario', 'Sesti', NULL, NULL, 'M');
INSERT INTO credits VALUES(200634, 201059, 'D');
INSERT INTO people VALUES(201060, 'Carlo', 'Vanzina', NULL, NULL, 'M');
INSERT INTO credits VALUES(200634, 201060, 'A');
INSERT INTO movies VALUES(200635, 'Queen of Hearts', 'da', 2019, 90);
INSERT INTO people VALUES(201061, 'May', 'el-Toukhy', NULL, NULL, 'M');
INSERT INTO credits VALUES(200635, 201061, 'D');
INSERT INTO people VALUES(201062, 'Trine', 'Dyrholm', NULL, NULL, 'F');
INSERT INTO credits VALUES(200635, 201062, 'A');
INSERT INTO movies VALUES(200636, 'The Man Who Killed Hitler and Then the Bigfoot', 'en', 2019, 90);
INSERT INTO people VALUES(201063, 'Robert', 'D. Krzykowski', NULL, NULL, 'M');
INSERT INTO credits VALUES(200636, 201063, 'D');
INSERT INTO people VALUES(201064, 'Sam', 'Elliott', NULL, NULL, 'M');
INSERT INTO credits VALUES(200636, 201064, 'A');
INSERT INTO movies VALUES(200637, 'The Best Years of a Life', 'fr', 2019, 90);
INSERT INTO people VALUES(201065, 'Claude', 'Lelouch', NULL, NULL, 'M');
INSERT INTO credits VALUES(200637, 201065, 'D');
INSERT INTO people VALUES(201066, 'Anouk', 'Aimée', NULL, NULL, 'F');
INSERT INTO credits VALUES(200637, 201066, 'A');
INSERT INTO movies VALUES(200638, 'Latte and the Magic Waterstone', 'de', 2019, 90);
INSERT INTO people VALUES(201067, 'Andrea', 'Deppert', NULL, NULL, 'M');
INSERT INTO credits VALUES(200638, 201067, 'D');
INSERT INTO people VALUES(201068, 'Luisa', 'Wietzorek', NULL, NULL, 'F');
INSERT INTO credits VALUES(200638, 201068, 'A');
INSERT INTO movies VALUES(200639, 'Marco Polo - Un anno tra i banchi di scuola', 'it', 2019, 90);
INSERT INTO people VALUES(201069, 'Duccio', 'Chiarini', NULL, NULL, 'M');
INSERT INTO credits VALUES(200639, 201069, 'D');
INSERT INTO movies VALUES(200640, 'Whatever Happened to My Revolution', 'fr', 2019, 90);
INSERT INTO people VALUES(201070, 'Judith', 'Davis', NULL, NULL, 'M');
INSERT INTO credits VALUES(200640, 201070, 'D');
INSERT INTO credits VALUES(200640, 201070, 'A');
INSERT INTO movies VALUES(200641, 'The House of Flowers Presents: The Funeral', 'es', 2019, 90);
INSERT INTO credits VALUES(200641, 200077, 'D');
INSERT INTO credits VALUES(200641, 200647, 'A');
INSERT INTO movies VALUES(200642, 'The Lion King', 'en', 2019, 90);
INSERT INTO credits VALUES(200642, 200643, 'D');
INSERT INTO credits VALUES(200642, 200121, 'A');
INSERT INTO movies VALUES(200643, 'Most Likely to Murder', 'en', 2019, 90);
INSERT INTO people VALUES(201071, 'Kaila', 'York', NULL, NULL, 'M');
INSERT INTO credits VALUES(200643, 201071, 'D');
INSERT INTO people VALUES(201072, 'Madison', 'McLaughlin', NULL, NULL, 'F');
INSERT INTO credits VALUES(200643, 201072, 'A');
INSERT INTO movies VALUES(200644, 'El Camino: A Breaking Bad Movie', 'en', 2019, 90);
INSERT INTO people VALUES(201073, 'Vince', 'Gilligan', NULL, NULL, 'M');
INSERT INTO credits VALUES(200644, 201073, 'D');
INSERT INTO people VALUES(201074, 'Aaron', 'Paul', NULL, NULL, 'M');
INSERT INTO credits VALUES(200644, 201074, 'A');
INSERT INTO movies VALUES(200645, 'Klaus', 'en', 2019, 90);
INSERT INTO people VALUES(201075, 'Sergio', 'Pablos', NULL, NULL, 'M');
INSERT INTO credits VALUES(200645, 201075, 'D');
INSERT INTO people VALUES(201076, 'Jason', 'Schwartzman', NULL, NULL, 'M');
INSERT INTO credits VALUES(200645, 201076, 'A');
INSERT INTO movies VALUES(200646, 'The Art of Racing in the Rain', 'en', 2019, 90);
INSERT INTO people VALUES(201077, 'Simon', 'Curtis', NULL, NULL, 'M');
INSERT INTO credits VALUES(200646, 201077, 'D');
INSERT INTO people VALUES(201078, 'Kevin', 'Costner', NULL, NULL, 'M');
INSERT INTO credits VALUES(200646, 201078, 'A');
INSERT INTO movies VALUES(200647, 'Demokratie unter Druck – Europa vor der Wahl', 'de', 2019, 90);
INSERT INTO people VALUES(201079, 'Manuel', 'Gogos', NULL, NULL, 'M');
INSERT INTO credits VALUES(200647, 201079, 'D');
INSERT INTO people VALUES(201080, 'Nina', 'Petri', NULL, NULL, 'F');
INSERT INTO credits VALUES(200647, 201080, 'A');
INSERT INTO movies VALUES(200648, 'John Wick: Chapter 3 - Parabellum', 'en', 2019, 90);
INSERT INTO credits VALUES(200648, 200312, 'D');
INSERT INTO credits VALUES(200648, 200313, 'A');
INSERT INTO movies VALUES(200649, 'Forky Asks a Question: What Is a Friend?', 'en', 2019, 90);
INSERT INTO people VALUES(201081, 'Bob', 'Peterson', NULL, NULL, 'M');
INSERT INTO credits VALUES(200649, 201081, 'D');
INSERT INTO people VALUES(201082, 'Tony', 'Hale', NULL, NULL, 'M');
INSERT INTO credits VALUES(200649, 201082, 'A');
INSERT INTO movies VALUES(200650, 'The Beauty of the Land: Anthony Slide on Andre De Toth and the Indian Fighter', 'en', 2019, 90);
INSERT INTO people VALUES(201083, 'Robert', 'Fischer', NULL, NULL, 'M');
INSERT INTO credits VALUES(200650, 201083, 'D');
INSERT INTO people VALUES(201084, 'Anthony', 'Slide', NULL, NULL, 'M');
INSERT INTO credits VALUES(200650, 201084, 'A');
INSERT INTO movies VALUES(200651, 'Aladdin', 'en', 2019, 90);
INSERT INTO credits VALUES(200651, 200438, 'D');
INSERT INTO people VALUES(201085, 'Will', 'Smith', NULL, NULL, 'M');
INSERT INTO credits VALUES(200651, 201085, 'A');
INSERT INTO movies VALUES(200652, 'The Lunnis and the Great Fairy Tale Adventures', 'es', 2019, 90);
INSERT INTO people VALUES(201086, 'Juan', 'Pablo Buscarini', NULL, NULL, 'M');
INSERT INTO credits VALUES(200652, 201086, 'D');
INSERT INTO people VALUES(201087, 'Carla', 'Chiorazzo', NULL, NULL, 'F');
INSERT INTO credits VALUES(200652, 201087, 'A');
INSERT INTO movies VALUES(200653, 'Zerschunden - Ein Fall für Dr. Abel', 'de', 2019, 90);
INSERT INTO people VALUES(201088, 'Hansjörg', 'Thurn', NULL, NULL, 'M');
INSERT INTO credits VALUES(200653, 201088, 'D');
INSERT INTO people VALUES(201089, 'Tim', 'Bergmann', NULL, NULL, 'M');
INSERT INTO credits VALUES(200653, 201089, 'A');
INSERT INTO movies VALUES(200654, 'La notte è piccola per noi', 'it', 2019, 90);
INSERT INTO people VALUES(201090, 'Gianfrancesco', 'Lazotti', NULL, NULL, 'M');
INSERT INTO credits VALUES(200654, 201090, 'D');
INSERT INTO people VALUES(201091, 'Cristiana', 'Capotondi', NULL, NULL, 'F');
INSERT INTO credits VALUES(200654, 201091, 'A');
INSERT INTO movies VALUES(200655, 'Fast & Furious Presents: Hobbs & Shaw', 'en', 2019, 90);
INSERT INTO credits VALUES(200655, 200968, 'D');
INSERT INTO people VALUES(201092, 'Dwayne', 'Johnson', NULL, NULL, 'M');
INSERT INTO credits VALUES(200655, 201092, 'A');
INSERT INTO movies VALUES(200656, 'Father There Is Only One', 'es', 2019, 90);
INSERT INTO people VALUES(201093, 'Santiago', 'Segura', NULL, NULL, 'M');
INSERT INTO credits VALUES(200656, 201093, 'D');
INSERT INTO credits VALUES(200656, 201093, 'A');
INSERT INTO movies VALUES(200657, 'Linda Ronstadt: The Sound of My Voice', 'en', 2019, 90);
INSERT INTO people VALUES(201094, 'Rob', 'Epstein', NULL, NULL, 'M');
INSERT INTO credits VALUES(200657, 201094, 'D');
INSERT INTO people VALUES(201095, 'Linda', 'Ronstadt', NULL, NULL, 'F');
INSERT INTO credits VALUES(200657, 201095, 'A');
INSERT INTO movies VALUES(200658, 'Anna', 'en', 2019, 90);
INSERT INTO credits VALUES(200658, 200325, 'D');
INSERT INTO people VALUES(201096, 'Sasha', 'Luss', NULL, NULL, 'F');
INSERT INTO credits VALUES(200658, 201096, 'A');
INSERT INTO movies VALUES(200659, 'The Summers of It – Chapter One: You''ll Float Too', 'en', 2019, 90);
INSERT INTO people VALUES(201097, 'Constantine', 'Nasr', NULL, NULL, 'M');
INSERT INTO credits VALUES(200659, 201097, 'D');
INSERT INTO credits VALUES(200659, 200067, 'A');
INSERT INTO movies VALUES(200660, 'Ready or Not', 'en', 2019, 90);
INSERT INTO people VALUES(201098, 'Matt', 'Bettinelli-Olpin', NULL, NULL, 'M');
INSERT INTO credits VALUES(200660, 201098, 'D');
INSERT INTO people VALUES(201099, 'Samara', 'Weaving', NULL, NULL, 'F');
INSERT INTO credits VALUES(200660, 201099, 'A');
INSERT INTO movies VALUES(200661, 'Danger Close: The Battle of Long Tan', 'en', 2019, 90);
INSERT INTO people VALUES(201100, 'Kriv', 'Stenders', NULL, NULL, 'M');
INSERT INTO credits VALUES(200661, 201100, 'D');
INSERT INTO people VALUES(201101, 'Travis', 'Fimmel', NULL, NULL, 'M');
INSERT INTO credits VALUES(200661, 201101, 'A');
INSERT INTO movies VALUES(200662, 'Brave Blue World: Racing to Solve Our Water Crisis', 'en', 2019, 90);
INSERT INTO people VALUES(201102, 'Tim', 'Neeves', NULL, NULL, 'M');
INSERT INTO credits VALUES(200662, 201102, 'D');
INSERT INTO credits VALUES(200662, 200380, 'A');
INSERT INTO movies VALUES(200663, 'Leftist Extremism: Activism or Terror?', 'de', 2019, 90);
INSERT INTO people VALUES(201103, 'Rainer', 'Fromm', NULL, NULL, 'M');
INSERT INTO credits VALUES(200663, 201103, 'D');
INSERT INTO people VALUES(201104, 'Heiko', 'Graul', NULL, NULL, 'M');
INSERT INTO credits VALUES(200663, 201104, 'A');
INSERT INTO movies VALUES(200664, 'Forky Asks a Question: What Is Love?', 'en', 2019, 90);
INSERT INTO credits VALUES(200664, 201081, 'D');
INSERT INTO credits VALUES(200664, 201082, 'A');
INSERT INTO movies VALUES(200665, 'How to Train Your Dragon: The Hidden World', 'en', 2019, 90);
INSERT INTO credits VALUES(200665, 200191, 'D');
INSERT INTO credits VALUES(200665, 200192, 'A');
INSERT INTO movies VALUES(200666, 'What She Said: The Art of Pauline Kael', 'en', 2019, 90);
INSERT INTO people VALUES(201105, 'Rob', 'Garver', NULL, NULL, 'M');
INSERT INTO credits VALUES(200666, 201105, 'D');
INSERT INTO credits VALUES(200666, 200616, 'A');
INSERT INTO movies VALUES(200667, 'Serial (Bad) Weddings 2', 'fr', 2019, 90);
INSERT INTO credits VALUES(200667, 200280, 'D');
INSERT INTO credits VALUES(200667, 200281, 'A');
INSERT INTO movies VALUES(200668, 'Mafia Is Not What It Used to Be', 'it', 2019, 90);
INSERT INTO credits VALUES(200668, 200417, 'D');
INSERT INTO credits VALUES(200668, 200417, 'A');
INSERT INTO movies VALUES(200669, 'How I Taught Myself to Be a Child', 'de', 2019, 90);
INSERT INTO people VALUES(201106, 'Rupert', 'Henning', NULL, NULL, 'M');
INSERT INTO credits VALUES(200669, 201106, 'D');
INSERT INTO people VALUES(201107, 'Karl', 'Markovics', NULL, NULL, 'M');
INSERT INTO credits VALUES(200669, 201107, 'A');
INSERT INTO movies VALUES(200670, 'Rolling Thunder Revue: A Bob Dylan Story by Martin Scorsese', 'en', 2019, 90);
INSERT INTO credits VALUES(200670, 200002, 'D');
INSERT INTO people VALUES(201108, 'Bob', 'Dylan', NULL, NULL, 'M');
INSERT INTO credits VALUES(200670, 201108, 'A');
INSERT INTO movies VALUES(200671, 'When Hitler Stole Pink Rabbit', 'de', 2019, 90);
INSERT INTO people VALUES(201109, 'Caroline', 'Link', NULL, NULL, 'M');
INSERT INTO credits VALUES(200671, 201109, 'D');
INSERT INTO people VALUES(201110, 'Riva', 'Krymalowski', NULL, NULL, 'F');
INSERT INTO credits VALUES(200671, 201110, 'A');
INSERT INTO movies VALUES(200672, 'Forky Asks a Question: What Is Money?', 'en', 2019, 90);
INSERT INTO credits VALUES(200672, 201081, 'D');
INSERT INTO credits VALUES(200672, 201082, 'A');
INSERT INTO movies VALUES(200673, 'How to Train Your Dragon: Homecoming', 'en', 2019, 90);
INSERT INTO people VALUES(201111, 'Tim', 'Johnson', NULL, NULL, 'M');
INSERT INTO credits VALUES(200673, 201111, 'D');
INSERT INTO credits VALUES(200673, 200192, 'A');
INSERT INTO movies VALUES(200674, 'Godzilla: King of the Monsters', 'en', 2019, 90);
INSERT INTO credits VALUES(200674, 200414, 'D');
INSERT INTO people VALUES(201112, 'Kyle', 'Chandler', NULL, NULL, 'M');
INSERT INTO credits VALUES(200674, 201112, 'A');
INSERT INTO movies VALUES(200675, 'For Better, For Worse', 'es', 2019, 90);
INSERT INTO people VALUES(201113, 'Gabriel', 'Barragán Sentíes', NULL, NULL, 'M');
INSERT INTO credits VALUES(200675, 201113, 'D');
INSERT INTO people VALUES(201114, 'Alberto', 'Guerra', NULL, NULL, 'M');
INSERT INTO credits VALUES(200675, 201114, 'A');
INSERT INTO movies VALUES(200676, 'Forky Asks a Question: What Is a Pet?', 'en', 2019, 90);
INSERT INTO credits VALUES(200676, 201081, 'D');
INSERT INTO credits VALUES(200676, 201082, 'A');
INSERT INTO movies VALUES(200677, '1917', 'en', 2019, 90);
INSERT INTO people VALUES(201115, 'Sam', 'Mendes', NULL, NULL, 'M');
INSERT INTO credits VALUES(200677, 201115, 'D');
INSERT INTO people VALUES(201116, 'George', 'MacKay', NULL, NULL, 'M');
INSERT INTO credits VALUES(200677, 201116, 'A');
INSERT INTO movies VALUES(200678, 'Death Will Come and Shall Have Your Eyes', 'es', 2019, 90);
INSERT INTO people VALUES(201117, 'José', 'Luis Torres Leiva', NULL, NULL, 'M');
INSERT INTO credits VALUES(200678, 201117, 'D');
INSERT INTO people VALUES(201118, 'Amparo', 'Noguera', NULL, NULL, 'F');
INSERT INTO credits VALUES(200678, 201118, 'A');
INSERT INTO movies VALUES(200679, 'Forgotten Christmas', 'no', 2019, 90);
INSERT INTO people VALUES(201119, 'Andrea', 'Eckerbom', NULL, NULL, 'M');
INSERT INTO credits VALUES(200679, 201119, 'D');
INSERT INTO people VALUES(201120, 'Trond', 'Espen Seim', NULL, NULL, 'M');
INSERT INTO credits VALUES(200679, 201120, 'A');
INSERT INTO movies VALUES(200680, 'Star Wars: The Rise of Skywalker', 'en', 2019, 90);
INSERT INTO credits VALUES(200680, 200469, 'D');
INSERT INTO people VALUES(201121, 'Carrie', 'Fisher', NULL, NULL, 'F');
INSERT INTO credits VALUES(200680, 201121, 'A');
INSERT INTO movies VALUES(200681, 'The PM, the Playboy and the Wolf of Wall Street', 'en', 2019, 90);
INSERT INTO people VALUES(201122, 'Havana', 'Marking', NULL, NULL, 'M');
INSERT INTO credits VALUES(200681, 201122, 'D');
INSERT INTO people VALUES(201123, 'Jho', 'Low', NULL, NULL, 'M');
INSERT INTO credits VALUES(200681, 201123, 'A');
INSERT INTO movies VALUES(200682, 'Ford v Ferrari', 'en', 2019, 90);
INSERT INTO credits VALUES(200682, 200724, 'D');
INSERT INTO credits VALUES(200682, 200380, 'A');
INSERT INTO movies VALUES(200683, 'Jumanji: The Next Level', 'en', 2019, 90);
INSERT INTO people VALUES(201124, 'Jake', 'Kasdan', NULL, NULL, 'M');
INSERT INTO credits VALUES(200683, 201124, 'D');
INSERT INTO credits VALUES(200683, 201092, 'A');
INSERT INTO movies VALUES(200684, 'Horas Amang: Tiga Bulan untuk Selamanya', 'id', 2019, 90);
INSERT INTO people VALUES(201125, 'Irham', 'Acho Bahtiar', NULL, NULL, 'M');
INSERT INTO credits VALUES(200684, 201125, 'D');
INSERT INTO people VALUES(201126, 'Cok', 'Simbara', NULL, NULL, 'M');
INSERT INTO credits VALUES(200684, 201126, 'A');
INSERT INTO movies VALUES(200685, 'Toy Story 4', 'en', 2019, 90);
INSERT INTO people VALUES(201127, 'Josh', 'Cooley', NULL, NULL, 'M');
INSERT INTO credits VALUES(200685, 201127, 'D');
INSERT INTO people VALUES(201128, 'Tom', 'Hanks', NULL, NULL, 'M');
INSERT INTO credits VALUES(200685, 201128, 'A');
INSERT INTO movies VALUES(200686, 'The Last Man on Earth Sat Alone in a Room', 'en', 2019, 90);
INSERT INTO people VALUES(201129, 'Junyi', 'Xiao', NULL, NULL, 'M');
INSERT INTO credits VALUES(200686, 201129, 'D');
INSERT INTO movies VALUES(200687, 'The Gangster, the Cop, the Devil', 'ko', 2019, 90);
INSERT INTO people VALUES(201130, 'Lee', 'Won-tae', NULL, NULL, 'M');
INSERT INTO credits VALUES(200687, 201130, 'D');
INSERT INTO people VALUES(201131, 'Don', 'Lee', NULL, NULL, 'M');
INSERT INTO credits VALUES(200687, 201131, 'A');
INSERT INTO movies VALUES(200688, 'Forky Asks a Question: What Is Time?', 'en', 2019, 90);
INSERT INTO credits VALUES(200688, 201081, 'D');
INSERT INTO credits VALUES(200688, 201082, 'A');
INSERT INTO movies VALUES(200689, 'Ce soir, c''est Palmashow', 'fr', 2019, 90);
INSERT INTO people VALUES(201132, 'Grégoire', 'Ludig', NULL, NULL, 'M');
INSERT INTO credits VALUES(200689, 201132, 'A');
INSERT INTO movies VALUES(200690, 'Ron Briley on ''A Face in the Crowd''', 'en', 2019, 90);
INSERT INTO people VALUES(201133, 'Ron', 'Briley', NULL, NULL, 'M');
INSERT INTO credits VALUES(200690, 201133, 'A');
INSERT INTO movies VALUES(200691, 'Inmate #1: The Rise of Danny Trejo', 'en', 2019, 90);
INSERT INTO people VALUES(201134, 'Brett', 'Harvey', NULL, NULL, 'M');
INSERT INTO credits VALUES(200691, 201134, 'D');
INSERT INTO people VALUES(201135, 'Danny', 'Trejo', NULL, NULL, 'M');
INSERT INTO credits VALUES(200691, 201135, 'A');
INSERT INTO movies VALUES(200692, 'Timelapse of the Future: A Journey to the End of Time', 'en', 2019, 90);
INSERT INTO people VALUES(201136, 'John', 'D. Boswell', NULL, NULL, 'M');
INSERT INTO credits VALUES(200692, 201136, 'D');
INSERT INTO people VALUES(201137, 'David', 'Attenborough', NULL, NULL, 'M');
INSERT INTO credits VALUES(200692, 201137, 'A');
INSERT INTO movies VALUES(200693, 'Credo in un solo padre', 'it', 2019, 90);
INSERT INTO people VALUES(201138, 'Luca', 'Guardabascio', NULL, NULL, 'M');
INSERT INTO credits VALUES(200693, 201138, 'D');
INSERT INTO people VALUES(201139, 'Maddalena', 'Ischiale', NULL, NULL, 'F');
INSERT INTO credits VALUES(200693, 201139, 'A');
INSERT INTO movies VALUES(200694, 'The Place Of The Three Waterfalls. Little Stories Of Hiroshima', 'es', 2019, 90);
INSERT INTO people VALUES(201140, 'Mauricio', 'Novelo', NULL, NULL, 'M');
INSERT INTO credits VALUES(200694, 201140, 'D');
INSERT INTO people VALUES(201141, 'Minako', 'Itai', NULL, NULL, 'M');
INSERT INTO credits VALUES(200694, 201141, 'A');
INSERT INTO movies VALUES(200695, 'Loving is Losing', 'es', 2019, 90);
INSERT INTO credits VALUES(200695, 200978, 'D');
INSERT INTO credits VALUES(200695, 200979, 'A');
INSERT INTO movies VALUES(200696, 'Luke Perry: In His Own Words', 'en', 2019, 90);
INSERT INTO people VALUES(201142, 'Michael', 'Schoen', NULL, NULL, 'M');
INSERT INTO credits VALUES(200696, 201142, 'A');
INSERT INTO movies VALUES(200697, 'Waiting for the Miracle to Come', 'en', 2019, 90);
INSERT INTO people VALUES(201143, 'Lian', 'Lunson', NULL, NULL, 'M');
INSERT INTO credits VALUES(200697, 201143, 'D');
INSERT INTO people VALUES(201144, 'Charlotte', 'Rampling', NULL, NULL, 'F');
INSERT INTO credits VALUES(200697, 201144, 'A');
INSERT INTO movies VALUES(200698, 'Re:ZERO -Starting Life in Another World- The Frozen Bond', 'ja', 2019, 90);
INSERT INTO people VALUES(201145, 'Masaharu', 'Watanabe', NULL, NULL, 'M');
INSERT INTO credits VALUES(200698, 201145, 'D');
INSERT INTO people VALUES(201146, 'Rie', 'Takahashi', NULL, NULL, 'F');
INSERT INTO credits VALUES(200698, 201146, 'A');
INSERT INTO movies VALUES(200699, 'How High 2', 'en', 2019, 90);
INSERT INTO people VALUES(201147, 'Bruce', 'Leddy', NULL, NULL, 'M');
INSERT INTO credits VALUES(200699, 201147, 'D');
INSERT INTO people VALUES(201148, 'D.C.', 'Young Fly', NULL, NULL, 'M');
INSERT INTO credits VALUES(200699, 201148, 'A');
INSERT INTO movies VALUES(200700, 'Father There Is Only One 2', 'es', 2020, 90);
INSERT INTO credits VALUES(200700, 201093, 'D');
INSERT INTO credits VALUES(200700, 201093, 'A');
INSERT INTO movies VALUES(200701, 'Money Heist: The Phenomenon', 'es', 2020, 90);
INSERT INTO people VALUES(201149, 'Luis', 'Alfaro', NULL, NULL, 'M');
INSERT INTO credits VALUES(200701, 201149, 'D');
INSERT INTO people VALUES(201150, 'Úrsula', 'Corberó', NULL, NULL, 'F');
INSERT INTO credits VALUES(200701, 201150, 'A');
INSERT INTO movies VALUES(200702, 'Das Glück ist ein Vogerl', 'de', 2020, 90);
INSERT INTO people VALUES(201151, 'Catalina', 'Molina', NULL, NULL, 'M');
INSERT INTO credits VALUES(200702, 201151, 'D');
INSERT INTO people VALUES(201152, 'Simon', 'Schwarz', NULL, NULL, 'M');
INSERT INTO credits VALUES(200702, 201152, 'A');
INSERT INTO movies VALUES(200703, 'Demon Slayer -Kimetsu no Yaiba- The Movie: Mugen Train', 'ja', 2020, 90);
INSERT INTO people VALUES(201153, 'Haruo', 'Sotozaki', NULL, NULL, 'M');
INSERT INTO credits VALUES(200703, 201153, 'D');
INSERT INTO people VALUES(201154, 'Natsuki', 'Hanae', NULL, NULL, 'M');
INSERT INTO credits VALUES(200703, 201154, 'A');
INSERT INTO movies VALUES(200704, 'Me Against You: Mr. S''s Vendetta', 'it', 2020, 90);
INSERT INTO people VALUES(201155, 'Gianluca', 'Leuzzi', NULL, NULL, 'M');
INSERT INTO credits VALUES(200704, 201155, 'D');
INSERT INTO people VALUES(201156, 'Sofia', 'Scalia', NULL, NULL, 'F');
INSERT INTO credits VALUES(200704, 201156, 'A');
INSERT INTO movies VALUES(200705, 'Kill It and Leave This Town', 'pl', 2020, 90);
INSERT INTO people VALUES(201157, 'Mariusz', 'Wilczyński', NULL, NULL, 'M');
INSERT INTO credits VALUES(200705, 201157, 'D');
INSERT INTO people VALUES(201158, 'Krystyna', 'Janda', NULL, NULL, 'F');
INSERT INTO credits VALUES(200705, 201158, 'A');
INSERT INTO movies VALUES(200706, 'Let''s Go Crazy: The Grammy Salute to Prince', 'en', 2020, 90);
INSERT INTO credits VALUES(200706, 200792, 'D');
INSERT INTO people VALUES(201159, 'Sheila', 'E.', NULL, NULL, 'F');
INSERT INTO credits VALUES(200706, 201159, 'A');
INSERT INTO movies VALUES(200707, 'Wave of Cinema: Nanti Kita Cerita Tentang Hari Ini', 'id', 2020, 90);
INSERT INTO people VALUES(201160, 'Adriano', 'Rudiman', NULL, NULL, 'M');
INSERT INTO credits VALUES(200707, 201160, 'D');
INSERT INTO people VALUES(201161, 'Isyana', 'Sarasvati', NULL, NULL, 'F');
INSERT INTO credits VALUES(200707, 201161, 'A');
INSERT INTO movies VALUES(200708, 'Pretending I''m a Superman: The Tony Hawk Video Game Story', 'en', 2020, 90);
INSERT INTO people VALUES(201162, 'Ludvig', 'Gür', NULL, NULL, 'M');
INSERT INTO credits VALUES(200708, 201162, 'D');
INSERT INTO people VALUES(201163, 'Tony', 'Hawk', NULL, NULL, 'M');
INSERT INTO credits VALUES(200708, 201163, 'A');
INSERT INTO movies VALUES(200709, 'The Kissing Booth 2', 'en', 2020, 90);
INSERT INTO people VALUES(201164, 'Vince', 'Marcello', NULL, NULL, 'M');
INSERT INTO credits VALUES(200709, 201164, 'D');
INSERT INTO people VALUES(201165, 'Joey', 'King', NULL, NULL, 'F');
INSERT INTO credits VALUES(200709, 201165, 'A');
INSERT INTO movies VALUES(200710, 'Dragons: Rescue Riders: Secrets of the Songwing', 'en', 2020, 90);
INSERT INTO people VALUES(201166, 'Steve', 'Evangelatos', NULL, NULL, 'M');
INSERT INTO credits VALUES(200710, 201166, 'D');
INSERT INTO people VALUES(201167, 'Noah', 'Kaye Bentley', NULL, NULL, 'M');
INSERT INTO credits VALUES(200710, 201167, 'A');
INSERT INTO movies VALUES(200711, 'Death Doesn''t Exist, and Love Doesn''t Either', 'es', 2020, 90);
INSERT INTO people VALUES(201168, 'Fernando', 'Salem', NULL, NULL, 'M');
INSERT INTO credits VALUES(200711, 201168, 'D');
INSERT INTO people VALUES(201169, 'Antonella', 'Saldicco', NULL, NULL, 'F');
INSERT INTO credits VALUES(200711, 201169, 'A');
INSERT INTO movies VALUES(200712, 'Fatima', 'en', 2020, 90);
INSERT INTO people VALUES(201170, 'Marco', 'Pontecorvo', NULL, NULL, 'M');
INSERT INTO credits VALUES(200712, 201170, 'D');
INSERT INTO people VALUES(201171, 'Harvey', 'Keitel', NULL, NULL, 'M');
INSERT INTO credits VALUES(200712, 201171, 'A');
INSERT INTO movies VALUES(200713, 'Former Cult Member Hears Music for the First Time', 'en', 2020, 90);
INSERT INTO people VALUES(201172, 'Kristoffer', 'Borgli', NULL, NULL, 'M');
INSERT INTO credits VALUES(200713, 201172, 'D');
INSERT INTO people VALUES(201173, 'Kate', 'Adams', NULL, NULL, 'M');
INSERT INTO credits VALUES(200713, 201173, 'A');
INSERT INTO movies VALUES(200714, 'Camp Century: The Hidden City Beneath the Ice', 'de', 2020, 90);
INSERT INTO credits VALUES(200714, 201027, 'D');
INSERT INTO people VALUES(201174, 'Tanja', 'Dohse', NULL, NULL, 'F');
INSERT INTO credits VALUES(200714, 201174, 'A');
INSERT INTO movies VALUES(200715, 'The Boss Baby: Get That Baby!', 'en', 2020, 90);
INSERT INTO people VALUES(201175, 'Dan', 'Forgione', NULL, NULL, 'M');
INSERT INTO credits VALUES(200715, 201175, 'D');
INSERT INTO people VALUES(201176, 'Flula', 'Borg', NULL, NULL, 'M');
INSERT INTO credits VALUES(200715, 201176, 'A');
INSERT INTO movies VALUES(200716, 'Forky Asks a Question: What Is Reading?', 'en', 2020, 90);
INSERT INTO credits VALUES(200716, 201081, 'D');
INSERT INTO credits VALUES(200716, 201082, 'A');
INSERT INTO movies VALUES(200717, 'Skin: A History of Nudity in the Movies', 'en', 2020, 90);
INSERT INTO people VALUES(201177, 'Danny', 'Wolf', NULL, NULL, 'M');
INSERT INTO credits VALUES(200717, 201177, 'D');
INSERT INTO people VALUES(201178, 'Malcolm', 'McDowell', NULL, NULL, 'M');
INSERT INTO credits VALUES(200717, 201178, 'A');
INSERT INTO movies VALUES(200718, 'A Life of Speed: The Juan Manuel Fangio Story', 'es', 2020, 90);
INSERT INTO people VALUES(201179, 'Francisco', 'Macri', NULL, NULL, 'M');
INSERT INTO credits VALUES(200718, 201179, 'D');
INSERT INTO people VALUES(201180, 'Juan', 'Manuel Fangio', NULL, NULL, 'M');
INSERT INTO credits VALUES(200718, 201180, 'A');
INSERT INTO movies VALUES(200719, 'Home Office: Un especial de Mirreyes contra Godínez', 'es', 2020, 90);
INSERT INTO people VALUES(201181, 'Chava', 'Cartas', NULL, NULL, 'M');
INSERT INTO credits VALUES(200719, 201181, 'D');
INSERT INTO people VALUES(201182, 'Regina', 'Blandón', NULL, NULL, 'F');
INSERT INTO credits VALUES(200719, 201182, 'A');
INSERT INTO movies VALUES(200720, '250 Jahre Ludwig van Beethoven - Das Jubiläumskonzert aus der Oper Bonn', 'de', 2020, 90);
INSERT INTO people VALUES(201183, 'Michael', 'Beyer', NULL, NULL, 'M');
INSERT INTO credits VALUES(200720, 201183, 'D');
INSERT INTO people VALUES(201184, 'Daniel', 'Barenboim', NULL, NULL, 'M');
INSERT INTO credits VALUES(200720, 201184, 'A');
INSERT INTO movies VALUES(200721, 'A West Wing Special to Benefit When We All Vote', 'en', 2020, 90);
INSERT INTO people VALUES(201185, 'Thomas', 'Schlamme', NULL, NULL, 'M');
INSERT INTO credits VALUES(200721, 201185, 'D');
INSERT INTO people VALUES(201186, 'Martin', 'Sheen', NULL, NULL, 'M');
INSERT INTO credits VALUES(200721, 201186, 'A');
INSERT INTO movies VALUES(200722, 'Forky Asks a Question: What Is Cheese?', 'en', 2020, 90);
INSERT INTO credits VALUES(200722, 201081, 'D');
INSERT INTO credits VALUES(200722, 201082, 'A');
INSERT INTO movies VALUES(200723, 'Sonic the Hedgehog', 'en', 2020, 90);
INSERT INTO people VALUES(201187, 'Jeff', 'Fowler', NULL, NULL, 'M');
INSERT INTO credits VALUES(200723, 201187, 'D');
INSERT INTO people VALUES(201188, 'Ben', 'Schwartz', NULL, NULL, 'M');
INSERT INTO credits VALUES(200723, 201188, 'A');
INSERT INTO movies VALUES(200724, '40 Years of Rocky: The Birth of a Classic', 'en', 2020, 90);
INSERT INTO people VALUES(201189, 'Derek', 'Wayne Johnson', NULL, NULL, 'M');
INSERT INTO credits VALUES(200724, 201189, 'D');
INSERT INTO credits VALUES(200724, 200261, 'A');
INSERT INTO movies VALUES(200725, 'The Bee Gees: How Can You Mend a Broken Heart', 'en', 2020, 90);
INSERT INTO credits VALUES(200725, 200881, 'D');
INSERT INTO credits VALUES(200725, 200793, 'A');
INSERT INTO movies VALUES(200726, 'The Choice 2020: Trump vs. Biden', 'en', 2020, 90);
INSERT INTO people VALUES(201190, 'Michael', 'Kirk', NULL, NULL, 'M');
INSERT INTO credits VALUES(200726, 201190, 'D');
INSERT INTO people VALUES(201191, 'Will', 'Lyman', NULL, NULL, 'M');
INSERT INTO credits VALUES(200726, 201191, 'A');
INSERT INTO movies VALUES(200727, 'Meet Me In St. Louis: A Holiday Special in Song and On Screen', 'en', 2020, 90);
INSERT INTO people VALUES(201192, 'Charlotte', 'Moore', NULL, NULL, 'M');
INSERT INTO credits VALUES(200727, 201192, 'D');
INSERT INTO people VALUES(201193, 'Shereen', 'Ahmed', NULL, NULL, 'M');
INSERT INTO credits VALUES(200727, 201193, 'A');
INSERT INTO movies VALUES(200728, 'Crip Camp: A Disability Revolution', 'en', 2020, 90);
INSERT INTO people VALUES(201194, 'Nicole', 'Newnham', NULL, NULL, 'M');
INSERT INTO credits VALUES(200728, 201194, 'D');
INSERT INTO people VALUES(201195, 'James', 'LeBrecht', NULL, NULL, 'M');
INSERT INTO credits VALUES(200728, 201195, 'A');
INSERT INTO movies VALUES(200729, 'Natalie Wood: What Remains Behind', 'en', 2020, 90);
INSERT INTO credits VALUES(200729, 200124, 'D');
INSERT INTO people VALUES(201196, 'Natalie', 'Wood', NULL, NULL, 'F');
INSERT INTO credits VALUES(200729, 201196, 'A');
INSERT INTO movies VALUES(200730, 'The Christmas Chronicles: Part Two', 'en', 2020, 90);
INSERT INTO credits VALUES(200730, 200492, 'D');
INSERT INTO people VALUES(201197, 'Kurt', 'Russell', NULL, NULL, 'M');
INSERT INTO credits VALUES(200730, 201197, 'A');
INSERT INTO movies VALUES(200731, 'Der gute Bulle: Nur Tote reden nicht', 'de', 2020, 90);
INSERT INTO people VALUES(201198, 'Lars', 'Becker', NULL, NULL, 'M');
INSERT INTO credits VALUES(200731, 201198, 'D');
INSERT INTO people VALUES(201199, 'Armin', 'Rohde', NULL, NULL, 'M');
INSERT INTO credits VALUES(200731, 201199, 'A');
INSERT INTO movies VALUES(200732, 'Dragons: Rescue Riders: Hunt for the Golden Dragon', 'en', 2020, 90);
INSERT INTO people VALUES(201200, 'Robert', 'Scull', NULL, NULL, 'M');
INSERT INTO credits VALUES(200732, 201200, 'D');
INSERT INTO credits VALUES(200732, 201167, 'A');
INSERT INTO movies VALUES(200733, 'Clapboard Jungle: Surviving the Independent Film Business', 'en', 2020, 90);
INSERT INTO people VALUES(201201, 'Justin', 'McConnell', NULL, NULL, 'M');
INSERT INTO credits VALUES(200733, 201201, 'D');
INSERT INTO people VALUES(201202, 'Tim', 'League', NULL, NULL, 'M');
INSERT INTO credits VALUES(200733, 201202, 'A');
INSERT INTO movies VALUES(200734, 'Nobody Sleeps in the Woods Tonight', 'pl', 2020, 90);
INSERT INTO people VALUES(201203, 'Bartosz', 'M. Kowalski', NULL, NULL, 'M');
INSERT INTO credits VALUES(200734, 201203, 'D');
INSERT INTO people VALUES(201204, 'Julia', 'Wieniawa', NULL, NULL, 'F');
INSERT INTO credits VALUES(200734, 201204, 'A');
INSERT INTO movies VALUES(200735, 'Noah''s Arc: The ''Rona Chronicles', 'en', 2020, 90);
INSERT INTO people VALUES(201205, 'Patrik-Ian', 'Polk', NULL, NULL, 'M');
INSERT INTO credits VALUES(200735, 201205, 'D');
INSERT INTO people VALUES(201206, 'Darryl', 'Stephens', NULL, NULL, 'M');
INSERT INTO credits VALUES(200735, 201206, 'A');
INSERT INTO movies VALUES(200736, 'Jack and the Beanstalk: After Ever After', 'en', 2020, 90);
INSERT INTO people VALUES(201207, 'David', 'Sant', NULL, NULL, 'M');
INSERT INTO credits VALUES(200736, 201207, 'D');
INSERT INTO people VALUES(201208, 'Asheq', 'Akhtar', NULL, NULL, 'M');
INSERT INTO credits VALUES(200736, 201208, 'A');
INSERT INTO movies VALUES(200737, 'For Madmen Only: The Stories of Del Close', 'en', 2020, 90);
INSERT INTO people VALUES(201209, 'Heather', 'Ross', NULL, NULL, 'M');
INSERT INTO credits VALUES(200737, 201209, 'D');
INSERT INTO people VALUES(201210, 'James', 'Urbaniak', NULL, NULL, 'M');
INSERT INTO credits VALUES(200737, 201210, 'A');
INSERT INTO movies VALUES(200738, 'Portrait of White Woman with Grey Hair and Wrinkles', 'es', 2020, 90);
INSERT INTO people VALUES(201211, 'Iván', 'Ruiz Flores', NULL, NULL, 'M');
INSERT INTO credits VALUES(200738, 201211, 'D');
INSERT INTO people VALUES(201212, 'Imanol', 'Arias', NULL, NULL, 'M');
INSERT INTO credits VALUES(200738, 201212, 'A');
INSERT INTO movies VALUES(200739, 'Diving Deep: The Life and Times of Mike deGruy', 'en', 2020, 90);
INSERT INTO people VALUES(201213, 'Mimi', 'Armstrong DeGruy', NULL, NULL, 'M');
INSERT INTO credits VALUES(200739, 201213, 'D');
INSERT INTO people VALUES(201214, 'Michael', 'deGruy', NULL, NULL, 'M');
INSERT INTO credits VALUES(200739, 201214, 'A');
INSERT INTO movies VALUES(200740, 'The Plot Against the President', 'en', 2020, 90);
INSERT INTO people VALUES(201215, 'Amanda', 'Milius', NULL, NULL, 'M');
INSERT INTO credits VALUES(200740, 201215, 'D');
INSERT INTO people VALUES(201216, 'Michael', 'Anton', NULL, NULL, 'M');
INSERT INTO credits VALUES(200740, 201216, 'A');
INSERT INTO movies VALUES(200741, 'Soul', 'en', 2020, 90);
INSERT INTO credits VALUES(200741, 200373, 'D');
INSERT INTO people VALUES(201217, 'Jamie', 'Foxx', NULL, NULL, 'M');
INSERT INTO credits VALUES(200741, 201217, 'A');
INSERT INTO movies VALUES(200742, 'Here We Are: Notes for Living on Planet Earth', 'en', 2020, 90);
INSERT INTO people VALUES(201218, 'Philip', 'Hunt', NULL, NULL, 'M');
INSERT INTO credits VALUES(200742, 201218, 'D');
INSERT INTO people VALUES(201219, 'Meryl', 'Streep', NULL, NULL, 'F');
INSERT INTO credits VALUES(200742, 201219, 'A');
INSERT INTO movies VALUES(200743, 'A Babysitter''s Guide to Monster Hunting', 'en', 2020, 90);
INSERT INTO people VALUES(201220, 'Rachel', 'Talalay', NULL, NULL, 'M');
INSERT INTO credits VALUES(200743, 201220, 'D');
INSERT INTO people VALUES(201221, 'Tamara', 'Smart', NULL, NULL, 'F');
INSERT INTO credits VALUES(200743, 201221, 'A');
INSERT INTO movies VALUES(200744, 'The Disney Family Singalong - Volume II', 'en', 2020, 90);
INSERT INTO people VALUES(201222, 'Hamish', 'Hamilton', NULL, NULL, 'M');
INSERT INTO credits VALUES(200744, 201222, 'D');
INSERT INTO people VALUES(201223, 'Ryan', 'Seacrest', NULL, NULL, 'M');
INSERT INTO credits VALUES(200744, 201223, 'A');
INSERT INTO movies VALUES(200745, 'Wonder Woman 1984', 'en', 2020, 90);
INSERT INTO credits VALUES(200745, 200713, 'D');
INSERT INTO credits VALUES(200745, 200714, 'A');
INSERT INTO movies VALUES(200746, 'Jim Button and the Wild 13', 'de', 2020, 90);
INSERT INTO people VALUES(201224, 'Dennis', 'Gansel', NULL, NULL, 'M');
INSERT INTO credits VALUES(200746, 201224, 'D');
INSERT INTO people VALUES(201225, 'Henning', 'Baum', NULL, NULL, 'M');
INSERT INTO credits VALUES(200746, 201225, 'A');
INSERT INTO movies VALUES(200747, 'Ospreay: The Rise of an International Pro Wrestler', 'en', 2020, 90);
INSERT INTO people VALUES(201226, 'Jack', 'Williams', NULL, NULL, 'M');
INSERT INTO credits VALUES(200747, 201226, 'D');
INSERT INTO people VALUES(201227, 'William', 'Ospreay', NULL, NULL, 'M');
INSERT INTO credits VALUES(200747, 201227, 'A');
INSERT INTO movies VALUES(200748, 'Babenco: Tell Me When I Die', 'pt', 2020, 90);
INSERT INTO people VALUES(201228, 'Bárbara', 'Paz', NULL, NULL, 'M');
INSERT INTO credits VALUES(200748, 201228, 'D');
INSERT INTO people VALUES(201229, 'Héctor', 'Babenco', NULL, NULL, 'M');
INSERT INTO credits VALUES(200748, 201229, 'A');
INSERT INTO movies VALUES(200749, 'Mom''s Friend 2020', 'ko', 2020, 90);
INSERT INTO people VALUES(201230, 'Kim', 'Hwan', NULL, NULL, 'M');
INSERT INTO credits VALUES(200749, 201230, 'D');
INSERT INTO people VALUES(201231, 'Kim', 'Ji-ah', NULL, NULL, 'F');
INSERT INTO credits VALUES(200749, 201231, 'A');
INSERT INTO movies VALUES(200750, 'A Place Among the Dead', 'en', 2020, 90);
INSERT INTO people VALUES(201232, 'Juliet', 'Landau', NULL, NULL, 'M');
INSERT INTO credits VALUES(200750, 201232, 'D');
INSERT INTO credits VALUES(200750, 201232, 'A');
INSERT INTO movies VALUES(200751, 'Time Flies When You Are Having Fun! A Look Back at a Most "Excellent Adventure"', 'en', 2020, 90);
INSERT INTO people VALUES(201233, 'Alex', 'Winter', NULL, NULL, 'M');
INSERT INTO credits VALUES(200751, 201233, 'A');
INSERT INTO movies VALUES(200752, 'It''s Yours: A Film on Hip-Hop and the Internet', 'en', 2020, 90);
INSERT INTO people VALUES(201234, 'Marguerite', 'de Bourgoing', NULL, NULL, 'M');
INSERT INTO credits VALUES(200752, 201234, 'D');
INSERT INTO people VALUES(201235, 'Wiz', 'Khalifa', NULL, NULL, 'M');
INSERT INTO credits VALUES(200752, 201235, 'A');
INSERT INTO movies VALUES(200753, 'Irgendwann ist auch mal gut', 'de', 2020, 90);
INSERT INTO people VALUES(201236, 'Christian', 'Werner', NULL, NULL, 'M');
INSERT INTO credits VALUES(200753, 201236, 'D');
INSERT INTO people VALUES(201237, 'Fabian', 'Hinrichs', NULL, NULL, 'M');
INSERT INTO credits VALUES(200753, 201237, 'A');
INSERT INTO movies VALUES(200754, 'The Longest Voyage', 'es', 2020, 90);
INSERT INTO people VALUES(201238, 'Manuel', 'H. Martín', NULL, NULL, 'M');
INSERT INTO credits VALUES(200754, 201238, 'D');
INSERT INTO people VALUES(201239, 'Jordi', 'Boixaderas', NULL, NULL, 'M');
INSERT INTO credits VALUES(200754, 201239, 'A');
INSERT INTO movies VALUES(200755, 'HA Festival: The Art of Comedy', 'en', 2020, 90);
INSERT INTO people VALUES(201240, 'Mark', 'Viera', NULL, NULL, 'M');
INSERT INTO credits VALUES(200755, 201240, 'A');
INSERT INTO movies VALUES(200756, 'The Island of Lies', 'es', 2020, 90);
INSERT INTO people VALUES(201241, 'Paula', 'Cons', NULL, NULL, 'M');
INSERT INTO credits VALUES(200756, 201241, 'D');
INSERT INTO people VALUES(201242, 'Nerea', 'Barros', NULL, NULL, 'F');
INSERT INTO credits VALUES(200756, 201242, 'A');
INSERT INTO movies VALUES(200757, 'Max und die wilde 7', 'de', 2020, 90);
INSERT INTO people VALUES(201243, 'Winfried', 'Oelsner', NULL, NULL, 'M');
INSERT INTO credits VALUES(200757, 201243, 'D');
INSERT INTO people VALUES(201244, 'Jona', 'Eisenblätter', NULL, NULL, 'M');
INSERT INTO credits VALUES(200757, 201244, 'A');
INSERT INTO movies VALUES(200758, 'The Croods: A New Age', 'en', 2020, 90);
INSERT INTO people VALUES(201245, 'Joel', 'Crawford', NULL, NULL, 'M');
INSERT INTO credits VALUES(200758, 201245, 'D');
INSERT INTO credits VALUES(200758, 200090, 'A');
INSERT INTO movies VALUES(200759, 'A Celebration of the Music from Coco', 'en', 2020, 90);
INSERT INTO people VALUES(201246, 'Ron', 'de Moraes', NULL, NULL, 'M');
INSERT INTO credits VALUES(200759, 201246, 'D');
INSERT INTO people VALUES(201247, 'Eva', 'Longoria', NULL, NULL, 'F');
INSERT INTO credits VALUES(200759, 201247, 'A');
INSERT INTO movies VALUES(200760, 'Tutti per 1 - 1 per tutti', 'it', 2020, 90);
INSERT INTO credits VALUES(200760, 200827, 'D');
INSERT INTO people VALUES(201248, 'Pierfrancesco', 'Favino', NULL, NULL, 'M');
INSERT INTO credits VALUES(200760, 201248, 'A');
INSERT INTO movies VALUES(200761, 'John Legend and Family: Bigger Love Father''s Day', 'en', 2020, 90);
INSERT INTO people VALUES(201249, 'Bille', 'Woodruff', NULL, NULL, 'M');
INSERT INTO credits VALUES(200761, 201249, 'D');
INSERT INTO people VALUES(201250, 'John', 'Legend', NULL, NULL, 'M');
INSERT INTO credits VALUES(200761, 201250, 'A');
INSERT INTO movies VALUES(200762, 'Tenet', 'en', 2020, 90);
INSERT INTO credits VALUES(200762, 200188, 'D');
INSERT INTO people VALUES(201251, 'John', 'David Washington', NULL, NULL, 'M');
INSERT INTO credits VALUES(200762, 201251, 'A');
INSERT INTO movies VALUES(200763, 'A Starry Sky Above the Roman Ghetto', 'it', 2020, 90);
INSERT INTO people VALUES(201252, 'Giulio', 'Base', NULL, NULL, 'M');
INSERT INTO credits VALUES(200763, 201252, 'D');
INSERT INTO people VALUES(201253, 'Bianca', 'Panconi', NULL, NULL, 'F');
INSERT INTO credits VALUES(200763, 201253, 'A');
INSERT INTO movies VALUES(200764, 'Crock of Gold: A Few Rounds with Shane MacGowan', 'en', 2020, 90);
INSERT INTO people VALUES(201254, 'Julien', 'Temple', NULL, NULL, 'M');
INSERT INTO credits VALUES(200764, 201254, 'D');
INSERT INTO people VALUES(201255, 'Victoria', 'Clarke', NULL, NULL, 'M');
INSERT INTO credits VALUES(200764, 201255, 'A');
INSERT INTO movies VALUES(200765, 'The Legacy of Dr. Death: Black File', 'ja', 2020, 90);
INSERT INTO people VALUES(201256, 'Yoshihiro', 'Fukagawa', NULL, NULL, 'M');
INSERT INTO credits VALUES(200765, 201256, 'D');
INSERT INTO people VALUES(201257, 'Go', 'Ayano', NULL, NULL, 'M');
INSERT INTO credits VALUES(200765, 201257, 'A');
INSERT INTO movies VALUES(200766, 'Ma Rainey''s Black Bottom: A Legacy Brought to Screen', 'en', 2020, 90);
INSERT INTO people VALUES(201258, 'Nico', 'Giles Wiggins', NULL, NULL, 'M');
INSERT INTO credits VALUES(200766, 201258, 'D');
INSERT INTO people VALUES(201259, 'Glynn', 'Turman', NULL, NULL, 'M');
INSERT INTO credits VALUES(200766, 201259, 'A');
INSERT INTO movies VALUES(200767, 'About Us', 'en', 2020, 90);
INSERT INTO people VALUES(201260, 'Stefan', 'Schwartz', NULL, NULL, 'M');
INSERT INTO credits VALUES(200767, 201260, 'D');
INSERT INTO people VALUES(201261, 'Ross', 'McCall', NULL, NULL, 'M');
INSERT INTO credits VALUES(200767, 201261, 'A');
INSERT INTO movies VALUES(200768, 'That''s Brucesploitation! Making Fist of Fear, Touch of Death', 'en', 2020, 90);
INSERT INTO people VALUES(201262, 'Daniel', 'Griffith', NULL, NULL, 'M');
INSERT INTO credits VALUES(200768, 201262, 'D');
INSERT INTO people VALUES(201263, 'Fred', 'Williamson', NULL, NULL, 'M');
INSERT INTO credits VALUES(200768, 201263, 'A');
INSERT INTO movies VALUES(200769, 'Para toda la muerte', 'es', 2020, 90);
INSERT INTO people VALUES(201264, 'Alfonso', 'Sánchez', NULL, NULL, 'M');
INSERT INTO credits VALUES(200769, 201264, 'D');
INSERT INTO people VALUES(201265, 'Alberto', 'López', NULL, NULL, 'M');
INSERT INTO credits VALUES(200769, 201265, 'A');
INSERT INTO movies VALUES(200770, 'Sabar Ini Ujian', 'id', 2020, 90);
INSERT INTO people VALUES(201266, 'Anggy', 'Umbara', NULL, NULL, 'M');
INSERT INTO credits VALUES(200770, 201266, 'D');
INSERT INTO people VALUES(201267, 'Vino', 'G. Bastian', NULL, NULL, 'M');
INSERT INTO credits VALUES(200770, 201267, 'A');
INSERT INTO movies VALUES(200771, 'In a Future April: The Young Pasolini', 'it', 2020, 90);
INSERT INTO people VALUES(201268, 'Federico', 'Savonitto', NULL, NULL, 'M');
INSERT INTO credits VALUES(200771, 201268, 'D');
INSERT INTO people VALUES(201269, 'Nico', 'Naldini', NULL, NULL, 'M');
INSERT INTO credits VALUES(200771, 201269, 'A');
INSERT INTO movies VALUES(200772, 'Behind the Line: Escape to Dunkirk', 'en', 2020, 90);
INSERT INTO people VALUES(201270, 'Ben', 'Mole', NULL, NULL, 'M');
INSERT INTO credits VALUES(200772, 201270, 'D');
INSERT INTO people VALUES(201271, 'Sam', 'Gittins', NULL, NULL, 'M');
INSERT INTO credits VALUES(200772, 201271, 'A');
INSERT INTO movies VALUES(200773, 'MoPOP Founders Award 2020 Honoring Alice in Chains', 'en', 2020, 90);
INSERT INTO people VALUES(201272, 'Jerry', 'Cantrell', NULL, NULL, 'M');
INSERT INTO credits VALUES(200773, 201272, 'A');
INSERT INTO movies VALUES(200774, 'Milea', 'id', 2020, 90);
INSERT INTO people VALUES(201273, 'Fajar', 'Bustomi', NULL, NULL, 'M');
INSERT INTO credits VALUES(200774, 201273, 'D');
INSERT INTO people VALUES(201274, 'Iqbaal', 'Ramadhan', NULL, NULL, 'M');
INSERT INTO credits VALUES(200774, 201274, 'A');
INSERT INTO movies VALUES(200775, 'Ruby Herring Mysteries: Prediction Murder', 'en', 2020, 90);
INSERT INTO credits VALUES(200775, 200458, 'D');
INSERT INTO people VALUES(201275, 'Taylor', 'Cole', NULL, NULL, 'F');
INSERT INTO credits VALUES(200775, 201275, 'A');
INSERT INTO movies VALUES(200776, 'Greenland', 'en', 2020, 90);
INSERT INTO people VALUES(201276, 'Ric', 'Roman Waugh', NULL, NULL, 'M');
INSERT INTO credits VALUES(200776, 201276, 'D');
INSERT INTO people VALUES(201277, 'Gerard', 'Butler', NULL, NULL, 'M');
INSERT INTO credits VALUES(200776, 201277, 'A');
INSERT INTO movies VALUES(200777, 'Lucy Shimmers and the Prince of Peace', 'en', 2020, 90);
INSERT INTO people VALUES(201278, 'Rob', 'Diamond', NULL, NULL, 'M');
INSERT INTO credits VALUES(200777, 201278, 'D');
INSERT INTO people VALUES(201279, 'Scarlett', 'Diamond', NULL, NULL, 'F');
INSERT INTO credits VALUES(200777, 201279, 'A');
INSERT INTO movies VALUES(200778, 'Let''s Meet Again on Christmas Eve', 'en', 2020, 90);
INSERT INTO people VALUES(201280, 'Jeff', 'Beesley', NULL, NULL, 'M');
INSERT INTO credits VALUES(200778, 201280, 'D');
INSERT INTO people VALUES(201281, 'Kyla', 'Pratt', NULL, NULL, 'F');
INSERT INTO credits VALUES(200778, 201281, 'A');
INSERT INTO movies VALUES(200779, 'Graduate Together: America Honors the High School Class of 2020', 'en', 2020, 90);
INSERT INTO people VALUES(201282, 'James', 'B. Merryman', NULL, NULL, 'M');
INSERT INTO credits VALUES(200779, 201282, 'D');
INSERT INTO people VALUES(201283, 'LeBron', 'James', NULL, NULL, 'M');
INSERT INTO credits VALUES(200779, 201283, 'A');
INSERT INTO movies VALUES(200780, '50 or Two Whales Meet at the Beach', 'es', 2020, 90);
INSERT INTO people VALUES(201284, 'Jorge', 'Cuchí', NULL, NULL, 'M');
INSERT INTO credits VALUES(200780, 201284, 'D');
INSERT INTO people VALUES(201285, 'José', 'Antonio Toledano', NULL, NULL, 'M');
INSERT INTO credits VALUES(200780, 201285, 'A');
INSERT INTO movies VALUES(200781, 'Maggie Simpson in "Playdate with Destiny"', 'en', 2020, 90);
INSERT INTO people VALUES(201286, 'David', 'Silverman', NULL, NULL, 'M');
INSERT INTO credits VALUES(200781, 201286, 'D');
INSERT INTO people VALUES(201287, 'Chris', 'Edgerly', NULL, NULL, 'M');
INSERT INTO credits VALUES(200781, 201287, 'A');
INSERT INTO movies VALUES(200782, 'Beckett Double Bill (Krapp''s Last Tape / The Old Tune)', 'en', 2020, 90);
INSERT INTO people VALUES(201288, 'Trevor', 'Nunn', NULL, NULL, 'M');
INSERT INTO credits VALUES(200782, 201288, 'D');
INSERT INTO people VALUES(201289, 'David', 'Threlfall', NULL, NULL, 'M');
INSERT INTO credits VALUES(200782, 201289, 'A');
INSERT INTO movies VALUES(200783, 'Swing! La vida d’un secret', 'ca', 2020, 90);
INSERT INTO people VALUES(201290, 'Miguel', 'Ángel Font Bisier', NULL, NULL, 'M');
INSERT INTO credits VALUES(200783, 201290, 'D');
INSERT INTO people VALUES(201291, 'Jaime', 'Pujol', NULL, NULL, 'M');
INSERT INTO credits VALUES(200783, 201291, 'A');
INSERT INTO movies VALUES(200784, 'The All-Star Nickmas Spectacular', 'en', 2020, 90);
INSERT INTO people VALUES(201292, 'Alaya', 'High', NULL, NULL, 'F');
INSERT INTO credits VALUES(200784, 201292, 'A');
INSERT INTO movies VALUES(200785, 'How to Fake a War', 'en', 2020, 90);
INSERT INTO people VALUES(201293, 'Rudolph', 'Herzog', NULL, NULL, 'M');
INSERT INTO credits VALUES(200785, 201293, 'D');
INSERT INTO people VALUES(201294, 'Jay', 'Pharoah', NULL, NULL, 'M');
INSERT INTO credits VALUES(200785, 201294, 'A');
INSERT INTO movies VALUES(200786, 'Birds of Prey (and the Fantabulous Emancipation of One Harley Quinn)', 'en', 2020, 90);
INSERT INTO people VALUES(201295, 'Cathy', 'Yan', NULL, NULL, 'M');
INSERT INTO credits VALUES(200786, 201295, 'D');
INSERT INTO people VALUES(201296, 'Margot', 'Robbie', NULL, NULL, 'F');
INSERT INTO credits VALUES(200786, 201296, 'A');
INSERT INTO movies VALUES(200787, 'Il caso Pantani - L''omicidio di un campione', 'it', 2020, 90);
INSERT INTO people VALUES(201297, 'Domenico', 'Ciolfi', NULL, NULL, 'M');
INSERT INTO credits VALUES(200787, 201297, 'D');
INSERT INTO people VALUES(201298, 'Marco', 'Palvetti', NULL, NULL, 'M');
INSERT INTO credits VALUES(200787, 201298, 'A');
INSERT INTO movies VALUES(200788, 'The Secret: Dare to Dream', 'en', 2020, 90);
INSERT INTO people VALUES(201299, 'Andy', 'Tennant', NULL, NULL, 'M');
INSERT INTO credits VALUES(200788, 201299, 'D');
INSERT INTO people VALUES(201300, 'Katie', 'Holmes', NULL, NULL, 'F');
INSERT INTO credits VALUES(200788, 201300, 'A');
INSERT INTO movies VALUES(200789, 'The Clark Sisters: First Ladies of Gospel', 'en', 2020, 90);
INSERT INTO people VALUES(201301, 'Christine', 'Swanson', NULL, NULL, 'M');
INSERT INTO credits VALUES(200789, 201301, 'D');
INSERT INTO people VALUES(201302, 'Aunjanue', 'Ellis-Taylor', NULL, NULL, 'F');
INSERT INTO credits VALUES(200789, 201302, 'A');
INSERT INTO movies VALUES(200790, 'Her Effortless Brilliance: A Celebration of Lynn Shelton Through Film and Music', 'en', 2020, 90);
INSERT INTO people VALUES(201303, 'Megan', 'Griffiths', NULL, NULL, 'M');
INSERT INTO credits VALUES(200790, 201303, 'D');
INSERT INTO people VALUES(201304, 'Lynn', 'Shelton', NULL, NULL, 'F');
INSERT INTO credits VALUES(200790, 201304, 'A');
INSERT INTO movies VALUES(200791, '10 Things We Should Do Before We Break Up', 'en', 2020, 90);
INSERT INTO people VALUES(201305, 'Galt', 'Niederhoffer', NULL, NULL, 'M');
INSERT INTO credits VALUES(200791, 201305, 'D');
INSERT INTO people VALUES(201306, 'Christina', 'Ricci', NULL, NULL, 'F');
INSERT INTO credits VALUES(200791, 201306, 'A');
INSERT INTO movies VALUES(200792, 'Nobody Knows I''m Here', 'es', 2020, 90);
INSERT INTO people VALUES(201307, 'Gaspar', 'Antillo', NULL, NULL, 'M');
INSERT INTO credits VALUES(200792, 201307, 'D');
INSERT INTO people VALUES(201308, 'Jorge', 'Garcia', NULL, NULL, 'M');
INSERT INTO credits VALUES(200792, 201308, 'A');
INSERT INTO movies VALUES(200793, 'Lee Miller: A Life on the Frontline', 'en', 2020, 90);
INSERT INTO people VALUES(201309, 'Teresa', 'Griffiths', NULL, NULL, 'M');
INSERT INTO credits VALUES(200793, 201309, 'D');
INSERT INTO people VALUES(201310, 'Elizabeth', 'Lee Miller', NULL, NULL, 'M');
INSERT INTO credits VALUES(200793, 201310, 'A');
INSERT INTO movies VALUES(200794, 'Das Kino ist tot, es lebe das Kino - Berlinale-Beobachtungen', 'de', 2020, 90);
INSERT INTO people VALUES(201311, 'Thomas', 'Schadt', NULL, NULL, 'M');
INSERT INTO credits VALUES(200794, 201311, 'D');
INSERT INTO people VALUES(201312, 'Dieter', 'Kosslick', NULL, NULL, 'M');
INSERT INTO credits VALUES(200794, 201312, 'A');
INSERT INTO movies VALUES(200795, 'The Call of the Wild', 'en', 2020, 90);
INSERT INTO people VALUES(201313, 'Chris', 'Sanders', NULL, NULL, 'M');
INSERT INTO credits VALUES(200795, 201313, 'D');
INSERT INTO credits VALUES(200795, 200470, 'A');
INSERT INTO movies VALUES(200796, 'Love Affair(s)', 'fr', 2020, 90);
INSERT INTO people VALUES(201314, 'Emmanuel', 'Mouret', NULL, NULL, 'M');
INSERT INTO credits VALUES(200796, 201314, 'D');
INSERT INTO people VALUES(201315, 'Camélia', 'Jordana', NULL, NULL, 'F');
INSERT INTO credits VALUES(200796, 201315, 'A');
INSERT INTO movies VALUES(200797, 'Banksy and the Rise of Outlaw Art', 'en', 2020, 90);
INSERT INTO people VALUES(201316, 'Elio', 'Espana', NULL, NULL, 'M');
INSERT INTO credits VALUES(200797, 201316, 'D');
INSERT INTO people VALUES(201317, 'Banksy', '', NULL, NULL, 'M');
INSERT INTO credits VALUES(200797, 201317, 'A');
INSERT INTO movies VALUES(200798, 'Frenemies: Putin and Trump', 'de', 2020, 90);
INSERT INTO people VALUES(201318, 'Claire', 'Walding', NULL, NULL, 'M');
INSERT INTO credits VALUES(200798, 201318, 'D');
INSERT INTO people VALUES(201319, 'Liane', 'Rudolph', NULL, NULL, 'M');
INSERT INTO credits VALUES(200798, 201319, 'A');
INSERT INTO movies VALUES(200799, 'So That Nothing Changes', 'fr', 2020, 90);
INSERT INTO people VALUES(201320, 'Francescu', 'Artily', NULL, NULL, 'M');
INSERT INTO credits VALUES(200799, 201320, 'D');
INSERT INTO people VALUES(201321, 'Chloé', 'Astor', NULL, NULL, 'F');
INSERT INTO credits VALUES(200799, 201321, 'A');
INSERT INTO movies VALUES(200800, 'Spider-Man: No Way Home', 'en', 2021, 90);
INSERT INTO credits VALUES(200800, 200711, 'D');
INSERT INTO credits VALUES(200800, 200712, 'A');
INSERT INTO movies VALUES(200801, 'Dune', 'en', 2021, 90);
INSERT INTO credits VALUES(200801, 200073, 'D');
INSERT INTO people VALUES(201322, 'Timothée', 'Chalamet', NULL, NULL, 'M');
INSERT INTO credits VALUES(200801, 201322, 'A');
INSERT INTO movies VALUES(200802, 'When a Hot Night Opens 2', 'ko', 2021, 90);
INSERT INTO people VALUES(201323, 'Gil', 'Dong', NULL, NULL, 'M');
INSERT INTO credits VALUES(200802, 201323, 'A');
INSERT INTO movies VALUES(200803, 'Yoon-Yool''s Men Affairs', 'ko', 2021, 90);
INSERT INTO people VALUES(201324, 'Mr.', 'Na', NULL, NULL, 'M');
INSERT INTO credits VALUES(200803, 201324, 'D');
INSERT INTO people VALUES(201325, 'Yoon', 'Yool', NULL, NULL, 'F');
INSERT INTO credits VALUES(200803, 201325, 'A');
INSERT INTO movies VALUES(200804, 'To All the Boys: Always and Forever', 'en', 2021, 90);
INSERT INTO people VALUES(201326, 'Michael', 'Fimognari', NULL, NULL, 'M');
INSERT INTO credits VALUES(200804, 201326, 'D');
INSERT INTO credits VALUES(200804, 200861, 'A');
INSERT INTO movies VALUES(200805, 'Cinecittà, de Mussolini à la Dolce Vita', 'fr', 2021, 90);
INSERT INTO people VALUES(201327, 'Emmanuelle', 'Nobécourt', NULL, NULL, 'M');
INSERT INTO credits VALUES(200805, 201327, 'D');
INSERT INTO people VALUES(201328, 'Chloé', 'Réjon', NULL, NULL, 'F');
INSERT INTO credits VALUES(200805, 201328, 'A');
INSERT INTO movies VALUES(200806, 'It''s me against you - The mystery of the spellbound school', 'it', 2021, 90);
INSERT INTO credits VALUES(200806, 201155, 'D');
INSERT INTO credits VALUES(200806, 201156, 'A');
INSERT INTO movies VALUES(200807, 'The Suicide Squad', 'en', 2021, 90);
INSERT INTO credits VALUES(200807, 200721, 'D');
INSERT INTO credits VALUES(200807, 201296, 'A');
INSERT INTO movies VALUES(200808, 'The Hand of God', 'it', 2021, 90);
INSERT INTO people VALUES(201329, 'Paolo', 'Sorrentino', NULL, NULL, 'M');
INSERT INTO credits VALUES(200808, 201329, 'D');
INSERT INTO people VALUES(201330, 'Filippo', 'Scotti', NULL, NULL, 'M');
INSERT INTO credits VALUES(200808, 201330, 'A');
INSERT INTO movies VALUES(200809, 'Nobody', 'en', 2021, 90);
INSERT INTO people VALUES(201331, 'Ilya', 'Naishuller', NULL, NULL, 'M');
INSERT INTO credits VALUES(200809, 201331, 'D');
INSERT INTO people VALUES(201332, 'Bob', 'Odenkirk', NULL, NULL, 'M');
INSERT INTO credits VALUES(200809, 201332, 'A');
INSERT INTO movies VALUES(200810, 'Venom: Let There Be Carnage', 'en', 2021, 90);
INSERT INTO credits VALUES(200810, 200246, 'D');
INSERT INTO credits VALUES(200810, 200386, 'A');
INSERT INTO movies VALUES(200811, 'Free Guy', 'en', 2021, 90);
INSERT INTO credits VALUES(200811, 200362, 'D');
INSERT INTO credits VALUES(200811, 200549, 'A');
INSERT INTO movies VALUES(200812, 'Encanto', 'en', 2021, 90);
INSERT INTO credits VALUES(200812, 200536, 'D');
INSERT INTO people VALUES(201333, 'Stephanie', 'Beatriz', NULL, NULL, 'F');
INSERT INTO credits VALUES(200812, 201333, 'A');
INSERT INTO movies VALUES(200813, 'Shang-Chi and the Legend of the Ten Rings', 'en', 2021, 90);
INSERT INTO people VALUES(201334, 'Destin', 'Daniel Cretton', NULL, NULL, 'M');
INSERT INTO credits VALUES(200813, 201334, 'D');
INSERT INTO people VALUES(201335, 'Simu', 'Liu', NULL, NULL, 'M');
INSERT INTO credits VALUES(200813, 201335, 'A');
INSERT INTO movies VALUES(200814, 'Wrath of Man', 'en', 2021, 90);
INSERT INTO credits VALUES(200814, 200438, 'D');
INSERT INTO credits VALUES(200814, 200114, 'A');
INSERT INTO movies VALUES(200815, 'A Life for Movies: Lotte Eisner', 'de', 2021, 90);
INSERT INTO people VALUES(201336, 'Timon', 'Koulmasis', NULL, NULL, 'M');
INSERT INTO credits VALUES(200815, 201336, 'D');
INSERT INTO people VALUES(201337, 'Lotte', 'Eisner', NULL, NULL, 'F');
INSERT INTO credits VALUES(200815, 201337, 'A');
INSERT INTO movies VALUES(200816, 'Barb & Star Go to Vista Del Mar', 'en', 2021, 90);
INSERT INTO credits VALUES(200816, 200809, 'D');
INSERT INTO people VALUES(201338, 'Kristen', 'Wiig', NULL, NULL, 'F');
INSERT INTO credits VALUES(200816, 201338, 'A');
INSERT INTO movies VALUES(200817, 'Silent Night: A Song for the World', 'de', 2021, 90);
INSERT INTO people VALUES(201339, 'Hannes', 'Michael Schalle', NULL, NULL, 'M');
INSERT INTO credits VALUES(200817, 201339, 'D');
INSERT INTO people VALUES(201340, 'Peter', 'Simonischek', NULL, NULL, 'M');
INSERT INTO credits VALUES(200817, 201340, 'A');
INSERT INTO movies VALUES(200818, 'Breaking News in Yuba County', 'en', 2021, 90);
INSERT INTO people VALUES(201341, 'Tate', 'Taylor', NULL, NULL, 'M');
INSERT INTO credits VALUES(200818, 201341, 'D');
INSERT INTO people VALUES(201342, 'Allison', 'Janney', NULL, NULL, 'F');
INSERT INTO credits VALUES(200818, 201342, 'A');
INSERT INTO movies VALUES(200819, 'Notes from a Women Salesman', 'it', 2021, 90);
INSERT INTO people VALUES(201343, 'Fabio', 'Resinaro', NULL, NULL, 'M');
INSERT INTO credits VALUES(200819, 201343, 'D');
INSERT INTO people VALUES(201344, 'Mario', 'Sgueglia', NULL, NULL, 'M');
INSERT INTO credits VALUES(200819, 201344, 'A');
INSERT INTO movies VALUES(200820, 'Black Widow', 'en', 2021, 90);
INSERT INTO people VALUES(201345, 'Cate', 'Shortland', NULL, NULL, 'M');
INSERT INTO credits VALUES(200820, 201345, 'D');
INSERT INTO credits VALUES(200820, 200326, 'A');
INSERT INTO movies VALUES(200821, 'The Heaven None Missed 3', 'id', 2021, 90);
INSERT INTO people VALUES(201346, 'Pritagita', 'Arianegara', NULL, NULL, 'M');
INSERT INTO credits VALUES(200821, 201346, 'D');
INSERT INTO people VALUES(201347, 'Fedi', 'Nuril', NULL, NULL, 'M');
INSERT INTO credits VALUES(200821, 201347, 'A');
INSERT INTO movies VALUES(200822, 'ARASHI Anniversary Tour 5×20 FILM “Record of Memories”', 'ja', 2021, 90);
INSERT INTO people VALUES(201348, 'Yukihiko', 'Tsutsumi', NULL, NULL, 'M');
INSERT INTO credits VALUES(200822, 201348, 'D');
INSERT INTO people VALUES(201349, 'Satoshi', 'Ohno', NULL, NULL, 'M');
INSERT INTO credits VALUES(200822, 201349, 'A');
INSERT INTO movies VALUES(200823, 'The Conjuring: The Devil Made Me Do It', 'en', 2021, 90);
INSERT INTO people VALUES(201350, 'Michael', 'Chaves', NULL, NULL, 'M');
INSERT INTO credits VALUES(200823, 201350, 'D');
INSERT INTO credits VALUES(200823, 200007, 'A');
INSERT INTO movies VALUES(200824, 'Hollywood in the Atomic Age: Monsters! Martians! Mad Scientists!', 'en', 2021, 90);
INSERT INTO people VALUES(201351, 'Laura', 'McCullogh', NULL, NULL, 'M');
INSERT INTO credits VALUES(200824, 201351, 'D');
INSERT INTO people VALUES(201352, 'Julie', 'Adams', NULL, NULL, 'F');
INSERT INTO credits VALUES(200824, 201352, 'A');
INSERT INTO movies VALUES(200825, 'Money. Murder. Zurich.: Borchert and the time to die', 'de', 2021, 90);
INSERT INTO credits VALUES(200825, 200871, 'D');
INSERT INTO credits VALUES(200825, 200872, 'A');
INSERT INTO movies VALUES(200826, 'V/H/S/94', 'en', 2021, 90);
INSERT INTO people VALUES(201353, 'Jennifer', 'Reeder', NULL, NULL, 'M');
INSERT INTO credits VALUES(200826, 201353, 'D');
INSERT INTO people VALUES(201354, 'Anna', 'Hopkins', NULL, NULL, 'F');
INSERT INTO credits VALUES(200826, 201354, 'A');
INSERT INTO movies VALUES(200827, 'Zack Snyder''s Justice League', 'en', 2021, 90);
INSERT INTO credits VALUES(200827, 200038, 'D');
INSERT INTO credits VALUES(200827, 200218, 'A');
INSERT INTO movies VALUES(200828, 'Horse Julius on the Throne and Three Heroes', 'ru', 2021, 90);
INSERT INTO people VALUES(201355, 'Konstantin', 'Feoktistov', NULL, NULL, 'M');
INSERT INTO credits VALUES(200828, 201355, 'D');
INSERT INTO people VALUES(201356, 'Oleg', 'Kulikovich', NULL, NULL, 'M');
INSERT INTO credits VALUES(200828, 201356, 'A');
INSERT INTO movies VALUES(200829, 'Luca', 'en', 2021, 90);
INSERT INTO people VALUES(201357, 'Enrico', 'Casarosa', NULL, NULL, 'M');
INSERT INTO credits VALUES(200829, 201357, 'D');
INSERT INTO people VALUES(201358, 'Jacob', 'Tremblay', NULL, NULL, 'M');
INSERT INTO credits VALUES(200829, 201358, 'A');
INSERT INTO movies VALUES(200830, 'Hannelore Elsner: More Than One Life', 'de', 2021, 90);
INSERT INTO people VALUES(201359, 'Sabine', 'Lidl', NULL, NULL, 'M');
INSERT INTO credits VALUES(200830, 201359, 'D');
INSERT INTO people VALUES(201360, 'Hannelore', 'Elsner', NULL, NULL, 'F');
INSERT INTO credits VALUES(200830, 201360, 'A');
INSERT INTO movies VALUES(200831, 'Too Soon: Comedy After 9/11', 'en', 2021, 90);
INSERT INTO people VALUES(201361, 'Nick', 'Scown', NULL, NULL, 'M');
INSERT INTO credits VALUES(200831, 201361, 'D');
INSERT INTO people VALUES(201362, 'Gilbert', 'Gottfried', NULL, NULL, 'M');
INSERT INTO credits VALUES(200831, 201362, 'A');
INSERT INTO movies VALUES(200832, '"La Traviata" aus der Wiener Staatsoper', 'de', 2021, 90);
INSERT INTO people VALUES(201363, 'Simon', 'Stone', NULL, NULL, 'M');
INSERT INTO credits VALUES(200832, 201363, 'D');
INSERT INTO people VALUES(201364, 'Juan', 'Diego Flórez', NULL, NULL, 'M');
INSERT INTO credits VALUES(200832, 201364, 'A');
INSERT INTO movies VALUES(200833, 'Sing 2', 'en', 2021, 90);
INSERT INTO credits VALUES(200833, 200660, 'D');
INSERT INTO credits VALUES(200833, 200189, 'A');
INSERT INTO movies VALUES(200834, 'You and Me and the Ending', 'tl', 2021, 90);
INSERT INTO people VALUES(201365, 'Irene', 'Villamor', NULL, NULL, 'M');
INSERT INTO credits VALUES(200834, 201365, 'D');
INSERT INTO people VALUES(201366, 'Kim', 'Molina', NULL, NULL, 'M');
INSERT INTO credits VALUES(200834, 201366, 'A');
INSERT INTO movies VALUES(200835, 'It''s Just a Phase, Honeybunny', 'de', 2021, 90);
INSERT INTO people VALUES(201367, 'Florian', 'Gallenberger', NULL, NULL, 'M');
INSERT INTO credits VALUES(200835, 201367, 'D');
INSERT INTO people VALUES(201368, 'Christoph', 'Maria Herbst', NULL, NULL, 'M');
INSERT INTO credits VALUES(200835, 201368, 'A');
INSERT INTO movies VALUES(200836, 'Last Man Standing: Suge Knight and the Murders of Biggie and Tupac', 'en', 2021, 90);
INSERT INTO people VALUES(201369, 'Nick', 'Broomfield', NULL, NULL, 'M');
INSERT INTO credits VALUES(200836, 201369, 'D');
INSERT INTO people VALUES(201370, 'Tupac', 'Shakur', NULL, NULL, 'M');
INSERT INTO credits VALUES(200836, 201370, 'A');
INSERT INTO movies VALUES(200837, 'The Tomorrow War', 'en', 2021, 90);
INSERT INTO people VALUES(201371, 'Chris', 'McKay', NULL, NULL, 'M');
INSERT INTO credits VALUES(200837, 201371, 'D');
INSERT INTO credits VALUES(200837, 200413, 'A');
INSERT INTO movies VALUES(200838, 'The Voyeurs', 'en', 2021, 90);
INSERT INTO people VALUES(201372, 'Michael', 'Mohan', NULL, NULL, 'M');
INSERT INTO credits VALUES(200838, 201372, 'D');
INSERT INTO people VALUES(201373, 'Sydney', 'Sweeney', NULL, NULL, 'F');
INSERT INTO credits VALUES(200838, 201373, 'A');
INSERT INTO movies VALUES(200839, 'Si vive una volta sola', 'it', 2021, 90);
INSERT INTO people VALUES(201374, 'Carlo', 'Verdone', NULL, NULL, 'M');
INSERT INTO credits VALUES(200839, 201374, 'D');
INSERT INTO credits VALUES(200839, 201374, 'A');
INSERT INTO movies VALUES(200840, 'American Traitor: The Trial of Axis Sally', 'en', 2021, 90);
INSERT INTO people VALUES(201375, 'Michael', 'Polish', NULL, NULL, 'M');
INSERT INTO credits VALUES(200840, 201375, 'D');
INSERT INTO people VALUES(201376, 'Meadow', 'Williams', NULL, NULL, 'F');
INSERT INTO credits VALUES(200840, 201376, 'A');
INSERT INTO movies VALUES(200841, 'The First 54 Years: An Abbreviated Manual for Military Occupation', 'he', 2021, 90);
INSERT INTO people VALUES(201377, 'Avi', 'Mograbi', NULL, NULL, 'M');
INSERT INTO credits VALUES(200841, 201377, 'D');
INSERT INTO people VALUES(201378, 'Avital', 'Barak', NULL, NULL, 'M');
INSERT INTO credits VALUES(200841, 201378, 'A');
INSERT INTO movies VALUES(200842, 'V.C. Andrews'' Pearl in the Mist', 'en', 2021, 90);
INSERT INTO people VALUES(201379, 'David', 'Bercovici-Artieda', NULL, NULL, 'M');
INSERT INTO credits VALUES(200842, 201379, 'D');
INSERT INTO people VALUES(201380, 'Raechelle', 'Banno', NULL, NULL, 'F');
INSERT INTO credits VALUES(200842, 201380, 'A');
INSERT INTO movies VALUES(200843, 'Ilana Glazer Presents Comedy on Earth: NYC 2020-2021', 'en', 2021, 90);
INSERT INTO people VALUES(201381, 'Kristian', 'Mercado Figueroa', NULL, NULL, 'M');
INSERT INTO credits VALUES(200843, 201381, 'D');
INSERT INTO people VALUES(201382, 'Ilana', 'Glazer', NULL, NULL, 'M');
INSERT INTO credits VALUES(200843, 201382, 'A');
INSERT INTO movies VALUES(200844, 'No Time to Die', 'en', 2021, 90);
INSERT INTO people VALUES(201383, 'Cary', 'Joji Fukunaga', NULL, NULL, 'M');
INSERT INTO credits VALUES(200844, 201383, 'D');
INSERT INTO credits VALUES(200844, 201021, 'A');
INSERT INTO movies VALUES(200845, 'Under the Helmet: The Legacy of Boba Fett', 'en', 2021, 90);
INSERT INTO people VALUES(201384, 'Brian', 'Kwan', NULL, NULL, 'M');
INSERT INTO credits VALUES(200845, 201384, 'D');
INSERT INTO credits VALUES(200845, 200254, 'A');
INSERT INTO movies VALUES(200846, 'The Claus Family 2', 'nl', 2021, 90);
INSERT INTO people VALUES(201385, 'Ruben', 'Vandenborre', NULL, NULL, 'M');
INSERT INTO credits VALUES(200846, 201385, 'D');
INSERT INTO people VALUES(201386, 'Jan', 'Decleir', NULL, NULL, 'M');
INSERT INTO credits VALUES(200846, 201386, 'A');
INSERT INTO movies VALUES(200847, 'The Legend of the Christmas Witch: The Origins', 'it', 2021, 90);
INSERT INTO people VALUES(201387, 'Paola', 'Randi', NULL, NULL, 'M');
INSERT INTO credits VALUES(200847, 201387, 'D');
INSERT INTO people VALUES(201388, 'Monica', 'Bellucci', NULL, NULL, 'F');
INSERT INTO credits VALUES(200847, 201388, 'A');
INSERT INTO movies VALUES(200848, 'Come and Go', 'ja', 2021, 90);
INSERT INTO people VALUES(201389, 'Kah-Wai', 'Lim', NULL, NULL, 'M');
INSERT INTO credits VALUES(200848, 201389, 'D');
INSERT INTO people VALUES(201390, 'Lee', 'Kang-sheng', NULL, NULL, 'M');
INSERT INTO credits VALUES(200848, 201390, 'A');
INSERT INTO movies VALUES(200849, 'Nueva York: A Musical History of Latin New York', 'fr', 2021, 90);
INSERT INTO people VALUES(201391, 'Sergio', 'G. Mondelo', NULL, NULL, 'M');
INSERT INTO credits VALUES(200849, 201391, 'D');
INSERT INTO people VALUES(201392, 'Bobby', 'Sanabria', NULL, NULL, 'M');
INSERT INTO credits VALUES(200849, 201392, 'A');
INSERT INTO movies VALUES(200850, 'Time for Them to Come Home for Christmas', 'en', 2021, 90);
INSERT INTO people VALUES(201393, 'Peter', 'Benson', NULL, NULL, 'M');
INSERT INTO credits VALUES(200850, 201393, 'D');
INSERT INTO people VALUES(201394, 'Jessy', 'Schram', NULL, NULL, 'F');
INSERT INTO credits VALUES(200850, 201394, 'A');
INSERT INTO movies VALUES(200851, 'Straight Outta Nowhere: Scooby-Doo! Meets Courage the Cowardly Dog', 'en', 2021, 90);
INSERT INTO people VALUES(201395, 'Cecilia', 'Aranovich', NULL, NULL, 'M');
INSERT INTO credits VALUES(200851, 201395, 'D');
INSERT INTO credits VALUES(200851, 200152, 'A');
INSERT INTO movies VALUES(200852, 'Jujutsu Kaisen 0', 'ja', 2021, 90);
INSERT INTO people VALUES(201396, 'Sunghoo', 'Park', NULL, NULL, 'M');
INSERT INTO credits VALUES(200852, 201396, 'D');
INSERT INTO people VALUES(201397, 'Megumi', 'Ogata', NULL, NULL, 'F');
INSERT INTO credits VALUES(200852, 201397, 'A');
INSERT INTO movies VALUES(200853, 'The Boss Baby: Family Business', 'en', 2021, 90);
INSERT INTO credits VALUES(200853, 200277, 'D');
INSERT INTO people VALUES(201398, 'Alec', 'Baldwin', NULL, NULL, 'M');
INSERT INTO credits VALUES(200853, 201398, 'A');
INSERT INTO movies VALUES(200854, 'Le gala de Paul Mirabel (avec de l''aide)', 'fr', 2021, 90);
INSERT INTO people VALUES(201399, 'Emmanuel', 'Carriau', NULL, NULL, 'M');
INSERT INTO credits VALUES(200854, 201399, 'D');
INSERT INTO people VALUES(201400, 'Paul', 'Mirabel', NULL, NULL, 'M');
INSERT INTO credits VALUES(200854, 201400, 'A');
INSERT INTO movies VALUES(200855, 'Girl in the Basement', 'en', 2021, 90);
INSERT INTO people VALUES(201401, 'Elisabeth', 'Röhm', NULL, NULL, 'M');
INSERT INTO credits VALUES(200855, 201401, 'D');
INSERT INTO people VALUES(201402, 'Judd', 'Nelson', NULL, NULL, 'M');
INSERT INTO credits VALUES(200855, 201402, 'A');
INSERT INTO movies VALUES(200856, 'Future Is a Lonely Place', 'de', 2021, 90);
INSERT INTO people VALUES(201403, 'Martin', 'Hawie', NULL, NULL, 'M');
INSERT INTO credits VALUES(200856, 201403, 'D');
INSERT INTO people VALUES(201404, 'Lucas', 'Gregorowicz', NULL, NULL, 'M');
INSERT INTO credits VALUES(200856, 201404, 'A');
INSERT INTO movies VALUES(200857, 'AEW Revolution 2021: The Buy In', 'en', 2021, 90);
INSERT INTO people VALUES(201405, 'Jonathan', 'Good', NULL, NULL, 'M');
INSERT INTO credits VALUES(200857, 201405, 'A');
INSERT INTO movies VALUES(200858, 'The Matrix Resurrections', 'en', 2021, 90);
INSERT INTO people VALUES(201406, 'Lana', 'Wachowski', NULL, NULL, 'M');
INSERT INTO credits VALUES(200858, 201406, 'D');
INSERT INTO credits VALUES(200858, 200313, 'A');
INSERT INTO movies VALUES(200859, 'The Queen v Patrick O''Donnell', 'en', 2021, 90);
INSERT INTO people VALUES(201407, 'Tomás', 'Seoighe', NULL, NULL, 'M');
INSERT INTO credits VALUES(200859, 201407, 'D');
INSERT INTO people VALUES(201408, 'Eoghan', 'Mac Giolla Bhride', NULL, NULL, 'M');
INSERT INTO credits VALUES(200859, 201408, 'A');
INSERT INTO movies VALUES(200860, 'Phoenix Live ! - Le concert sur grand écran', 'fr', 2021, 90);
INSERT INTO people VALUES(201409, 'David', 'Ctiborsky', NULL, NULL, 'M');
INSERT INTO credits VALUES(200860, 201409, 'D');
INSERT INTO people VALUES(201410, 'Thomas', 'Mars', NULL, NULL, 'M');
INSERT INTO credits VALUES(200860, 201410, 'A');
INSERT INTO movies VALUES(200861, 'Dr. Bird''s Advice for Sad Poets', 'en', 2021, 90);
INSERT INTO people VALUES(201411, 'Yaniv', 'Raz', NULL, NULL, 'M');
INSERT INTO credits VALUES(200861, 201411, 'D');
INSERT INTO people VALUES(201412, 'Lucas', 'Jade Zumann', NULL, NULL, 'M');
INSERT INTO credits VALUES(200861, 201412, 'A');
INSERT INTO movies VALUES(200862, 'Summer of Soul (...Or, When the Revolution Could Not Be Televised)', 'en', 2021, 90);
INSERT INTO people VALUES(201413, 'Questlove', '', NULL, NULL, 'M');
INSERT INTO credits VALUES(200862, 201413, 'D');
INSERT INTO people VALUES(201414, 'Stevie', 'Wonder', NULL, NULL, 'M');
INSERT INTO credits VALUES(200862, 201414, 'A');
INSERT INTO movies VALUES(200863, 'Cruella', 'en', 2021, 90);
INSERT INTO credits VALUES(200863, 200358, 'D');
INSERT INTO people VALUES(201415, 'Emma', 'Stone', NULL, NULL, 'F');
INSERT INTO credits VALUES(200863, 201415, 'A');
INSERT INTO movies VALUES(200864, 'Day of Rage: How Trump Supporters Took the U.S. Capitol', 'en', 2021, 90);
INSERT INTO people VALUES(201416, 'Nancy', 'Gauss', NULL, NULL, 'M');
INSERT INTO credits VALUES(200864, 201416, 'D');
INSERT INTO people VALUES(201417, 'Malachy', 'Browne', NULL, NULL, 'M');
INSERT INTO credits VALUES(200864, 201417, 'A');
INSERT INTO movies VALUES(200865, 'The School of the Magical Animals', 'de', 2021, 90);
INSERT INTO people VALUES(201418, 'Gregor', 'Schnitzler', NULL, NULL, 'M');
INSERT INTO credits VALUES(200865, 201418, 'D');
INSERT INTO people VALUES(201419, 'Emilia', 'Maier', NULL, NULL, 'F');
INSERT INTO credits VALUES(200865, 201419, 'A');
INSERT INTO movies VALUES(200866, 'Jungle Cruise', 'en', 2021, 90);
INSERT INTO people VALUES(201420, 'Jaume', 'Collet-Serra', NULL, NULL, 'M');
INSERT INTO credits VALUES(200866, 201420, 'D');
INSERT INTO credits VALUES(200866, 201092, 'A');
INSERT INTO movies VALUES(200867, 'The Kissing Booth 3', 'en', 2021, 90);
INSERT INTO credits VALUES(200867, 201164, 'D');
INSERT INTO credits VALUES(200867, 201165, 'A');
INSERT INTO movies VALUES(200868, 'Rurouni Kenshin: The Final', 'ja', 2021, 90);
INSERT INTO people VALUES(201421, 'Keishi', 'Otomo', NULL, NULL, 'M');
INSERT INTO credits VALUES(200868, 201421, 'D');
INSERT INTO people VALUES(201422, 'Takeru', 'Satoh', NULL, NULL, 'M');
INSERT INTO credits VALUES(200868, 201422, 'A');
INSERT INTO movies VALUES(200869, 'The Girl Who Killed Her Parents', 'pt', 2021, 90);
INSERT INTO people VALUES(201423, 'Maurício', 'Eça', NULL, NULL, 'M');
INSERT INTO credits VALUES(200869, 201423, 'D');
INSERT INTO people VALUES(201424, 'Carla', 'Diaz', NULL, NULL, 'F');
INSERT INTO credits VALUES(200869, 201424, 'A');
INSERT INTO movies VALUES(200870, 'Sœur Sourire: Who Killed the Voice of God?', 'fr', 2021, 90);
INSERT INTO people VALUES(201425, 'Charles-Antoine', 'de Rouvre', NULL, NULL, 'M');
INSERT INTO credits VALUES(200870, 201425, 'D');
INSERT INTO people VALUES(201426, 'Sœur', 'Sourire', NULL, NULL, 'F');
INSERT INTO credits VALUES(200870, 201426, 'A');
INSERT INTO movies VALUES(200871, 'Snoopy Presents: For Auld Lang Syne', 'en', 2021, 90);
INSERT INTO credits VALUES(200871, 200874, 'D');
INSERT INTO people VALUES(201427, 'Etienne', 'Kellici', NULL, NULL, 'M');
INSERT INTO credits VALUES(200871, 201427, 'A');
INSERT INTO movies VALUES(200872, 'Jazz Voice 2021 - from the EFG London Jazz Festival', 'en', 2021, 90);
INSERT INTO people VALUES(201428, 'Rhodri', 'Huw', NULL, NULL, 'M');
INSERT INTO credits VALUES(200872, 201428, 'D');
INSERT INTO people VALUES(201429, 'Jumoké', 'Fashola', NULL, NULL, 'M');
INSERT INTO credits VALUES(200872, 201429, 'A');
INSERT INTO movies VALUES(200873, 'C''mon C''mon', 'en', 2021, 90);
INSERT INTO people VALUES(201430, 'Mike', 'Mills', NULL, NULL, 'M');
INSERT INTO credits VALUES(200873, 201430, 'D');
INSERT INTO credits VALUES(200873, 200009, 'A');
INSERT INTO movies VALUES(200874, 'The Last Kids on Earth: Happy Apocalypse to You', 'en', 2021, 90);
INSERT INTO people VALUES(201431, 'Steve', 'Rolston', NULL, NULL, 'M');
INSERT INTO credits VALUES(200874, 201431, 'D');
INSERT INTO people VALUES(201432, 'Nick', 'Wolfhard', NULL, NULL, 'M');
INSERT INTO credits VALUES(200874, 201432, 'A');
INSERT INTO movies VALUES(200875, 'Kally’s Mashup: A Very Kally''s Birthday', 'es', 2021, 90);
INSERT INTO people VALUES(201433, 'Jorge', 'Navas', NULL, NULL, 'M');
INSERT INTO credits VALUES(200875, 201433, 'D');
INSERT INTO people VALUES(201434, 'Maia', 'Reficco', NULL, NULL, 'F');
INSERT INTO credits VALUES(200875, 201434, 'A');
INSERT INTO movies VALUES(200876, 'Fixing Up Christmas', 'en', 2021, 90);
INSERT INTO people VALUES(201435, 'Jessica', 'Harmon', NULL, NULL, 'M');
INSERT INTO credits VALUES(200876, 201435, 'D');
INSERT INTO people VALUES(201436, 'Natalie', 'Dreyfuss', NULL, NULL, 'F');
INSERT INTO credits VALUES(200876, 201436, 'A');
INSERT INTO movies VALUES(200877, 'Movie Hoarders: From VHS to DVD and Beyond!', 'en', 2021, 90);
INSERT INTO people VALUES(201437, 'Tony', 'Newton', NULL, NULL, 'M');
INSERT INTO credits VALUES(200877, 201437, 'D');
INSERT INTO people VALUES(201438, 'Jay', 'Bond', NULL, NULL, 'M');
INSERT INTO credits VALUES(200877, 201438, 'A');
INSERT INTO movies VALUES(200878, 'The Card Counter', 'en', 2021, 90);
INSERT INTO people VALUES(201439, 'Paul', 'Schrader', NULL, NULL, 'M');
INSERT INTO credits VALUES(200878, 201439, 'D');
INSERT INTO people VALUES(201440, 'Oscar', 'Isaac', NULL, NULL, 'M');
INSERT INTO credits VALUES(200878, 201440, 'A');
INSERT INTO movies VALUES(200879, 'Eva', 'tl', 2021, 90);
INSERT INTO people VALUES(201441, 'Jeffrey', 'Hidalgo', NULL, NULL, 'M');
INSERT INTO credits VALUES(200879, 201441, 'D');
INSERT INTO people VALUES(201442, 'Angeli', 'Khang', NULL, NULL, 'F');
INSERT INTO credits VALUES(200879, 201442, 'A');
INSERT INTO movies VALUES(200880, 'Los dias que no estuve', 'es', 2021, 90);
INSERT INTO people VALUES(201443, 'Samuel', 'Rios Y Valles', NULL, NULL, 'M');
INSERT INTO credits VALUES(200880, 201443, 'D');
INSERT INTO people VALUES(201444, 'Ana', 'Valeria Becerril', NULL, NULL, 'F');
INSERT INTO credits VALUES(200880, 201444, 'A');
INSERT INTO movies VALUES(200881, 'The King''s Man', 'en', 2021, 90);
INSERT INTO credits VALUES(200881, 200447, 'D');
INSERT INTO people VALUES(201445, 'Ralph', 'Fiennes', NULL, NULL, 'M');
INSERT INTO credits VALUES(200881, 201445, 'A');
INSERT INTO movies VALUES(200882, 'Enemies: The Confession', 'de', 2021, 90);
INSERT INTO people VALUES(201446, 'Nils', 'Willbrandt', NULL, NULL, 'M');
INSERT INTO credits VALUES(200882, 201446, 'D');
INSERT INTO people VALUES(201447, 'Klaus', 'Maria Brandauer', NULL, NULL, 'M');
INSERT INTO credits VALUES(200882, 201447, 'A');
INSERT INTO movies VALUES(200883, 'Lo que el río hace: El documental', 'es', 2021, 90);
INSERT INTO people VALUES(201448, 'Belina', 'Zavadisca', NULL, NULL, 'M');
INSERT INTO credits VALUES(200883, 201448, 'D');
INSERT INTO people VALUES(201449, 'María', 'Marull', NULL, NULL, 'F');
INSERT INTO credits VALUES(200883, 201449, 'A');
INSERT INTO movies VALUES(200884, 'Le rock alternatif (une brève période de médiatisation du punk français 1986-1989)', 'fr', 2021, 90);
INSERT INTO people VALUES(201450, 'Yves-Marie', 'Mahé', NULL, NULL, 'M');
INSERT INTO credits VALUES(200884, 201450, 'D');
INSERT INTO people VALUES(201451, 'François', 'Guillemot', NULL, NULL, 'M');
INSERT INTO credits VALUES(200884, 201451, 'A');
INSERT INTO movies VALUES(200885, 'From Under The Bridge: When Bullies Become Trolls', 'en', 2021, 90);
INSERT INTO people VALUES(201452, 'Paul', 'James Houghton', NULL, NULL, 'M');
INSERT INTO credits VALUES(200885, 201452, 'D');
INSERT INTO people VALUES(201453, 'Piper', 'Reese', NULL, NULL, 'M');
INSERT INTO credits VALUES(200885, 201453, 'A');
INSERT INTO movies VALUES(200886, 'Raya and the Last Dragon', 'en', 2021, 90);
INSERT INTO people VALUES(201454, 'Don', 'Hall', NULL, NULL, 'M');
INSERT INTO credits VALUES(200886, 201454, 'D');
INSERT INTO people VALUES(201455, 'Kelly', 'Marie Tran', NULL, NULL, 'F');
INSERT INTO credits VALUES(200886, 201455, 'A');
INSERT INTO movies VALUES(200887, 'Eternals', 'en', 2021, 90);
INSERT INTO people VALUES(201456, 'Chloé', 'Zhao', NULL, NULL, 'M');
INSERT INTO credits VALUES(200887, 201456, 'D');
INSERT INTO people VALUES(201457, 'Gemma', 'Chan', NULL, NULL, 'F');
INSERT INTO credits VALUES(200887, 201457, 'A');
INSERT INTO movies VALUES(200888, 'The Kid from a Kibbutz: Daliah Lavi and the Road to Il Demonio', 'en', 2021, 90);
INSERT INTO people VALUES(201458, 'Chris', 'O''Neill', NULL, NULL, 'M');
INSERT INTO credits VALUES(200888, 201458, 'D');
INSERT INTO people VALUES(201459, 'Tim', 'Lucas', NULL, NULL, 'M');
INSERT INTO credits VALUES(200888, 201459, 'A');
INSERT INTO movies VALUES(200889, 'Morning Show Mysteries: Murder Ever After', 'en', 2021, 90);
INSERT INTO people VALUES(201460, 'Andy', 'Mikita', NULL, NULL, 'M');
INSERT INTO credits VALUES(200889, 201460, 'D');
INSERT INTO people VALUES(201461, 'Holly', 'Robinson Peete', NULL, NULL, 'F');
INSERT INTO credits VALUES(200889, 201461, 'A');
INSERT INTO movies VALUES(200890, 'More Than Miyagi: The Pat Morita Story', 'en', 2021, 90);
INSERT INTO people VALUES(201462, 'Kayvon', 'Derak Shanian', NULL, NULL, 'M');
INSERT INTO credits VALUES(200890, 201462, 'D');
INSERT INTO people VALUES(201463, 'Pat', 'Morita', NULL, NULL, 'M');
INSERT INTO credits VALUES(200890, 201463, 'A');
INSERT INTO movies VALUES(200891, 'Pleasure', 'sv', 2021, 90);
INSERT INTO people VALUES(201464, 'Ninja', 'Thyberg', NULL, NULL, 'M');
INSERT INTO credits VALUES(200891, 201464, 'D');
INSERT INTO people VALUES(201465, 'Sofia', 'Kappel', NULL, NULL, 'F');
INSERT INTO credits VALUES(200891, 201465, 'A');
INSERT INTO movies VALUES(200892, '7 Women and a Murder', 'it', 2021, 90);
INSERT INTO people VALUES(201466, 'Alessandro', 'Genovesi', NULL, NULL, 'M');
INSERT INTO credits VALUES(200892, 201466, 'D');
INSERT INTO people VALUES(201467, 'Margherita', 'Buy', NULL, NULL, 'F');
INSERT INTO credits VALUES(200892, 201467, 'A');
INSERT INTO movies VALUES(200893, 'V.C. Andrews'' Hidden Jewel', 'en', 2021, 90);
INSERT INTO credits VALUES(200893, 200882, 'D');
INSERT INTO people VALUES(201468, 'Kristian', 'Alfonso', NULL, NULL, 'F');
INSERT INTO credits VALUES(200893, 201468, 'A');
INSERT INTO movies VALUES(200894, 'Woodlands Dark and Days Bewitched: A History of Folk Horror', 'en', 2021, 90);
INSERT INTO credits VALUES(200894, 200395, 'D');
INSERT INTO people VALUES(201469, 'Abraham', 'Castillo Flores', NULL, NULL, 'M');
INSERT INTO credits VALUES(200894, 201469, 'A');
INSERT INTO movies VALUES(200895, 'Emmanuelle: Queen of French Erotic Cinema', 'fr', 2021, 90);
INSERT INTO people VALUES(201470, 'Clélia', 'Cohen', NULL, NULL, 'M');
INSERT INTO credits VALUES(200895, 201470, 'D');
INSERT INTO people VALUES(201471, 'Crystal', 'Shepherd-Cross', NULL, NULL, 'M');
INSERT INTO credits VALUES(200895, 201471, 'A');
INSERT INTO movies VALUES(200896, 'Vice President Kamala Harris: Chase the Dream', 'en', 2021, 90);
INSERT INTO people VALUES(201472, 'Nick', 'Randall', NULL, NULL, 'M');
INSERT INTO credits VALUES(200896, 201472, 'D');
INSERT INTO people VALUES(201473, 'Sharon', 'Feingold', NULL, NULL, 'M');
INSERT INTO credits VALUES(200896, 201473, 'A');
INSERT INTO movies VALUES(200897, 'The Things I Wish You Had Told Me, But Never Will', 'no', 2021, 90);
INSERT INTO people VALUES(201474, 'Lilja', 'Ingolfsdottir', NULL, NULL, 'M');
INSERT INTO credits VALUES(200897, 201474, 'D');
INSERT INTO people VALUES(201475, 'Elli', 'Rhiannon Müller Osborne', NULL, NULL, 'F');
INSERT INTO credits VALUES(200897, 201475, 'A');
INSERT INTO movies VALUES(200898, 'Die Jägerin - Nach eigenem Gesetz', 'de', 2021, 90);
INSERT INTO people VALUES(201476, 'Andreas', 'Herzog', NULL, NULL, 'M');
INSERT INTO credits VALUES(200898, 201476, 'D');
INSERT INTO people VALUES(201477, 'Nadja', 'Uhl', NULL, NULL, 'F');
INSERT INTO credits VALUES(200898, 201477, 'A');
INSERT INTO movies VALUES(200899, 'La chica más rara del mundo', 'es', 2021, 90);
INSERT INTO people VALUES(201478, 'Mariano', 'Cattaneo', NULL, NULL, 'M');
INSERT INTO credits VALUES(200899, 201478, 'D');
INSERT INTO people VALUES(201479, 'Gina', 'Mastronicola', NULL, NULL, 'F');
INSERT INTO credits VALUES(200899, 201479, 'A');
INSERT INTO movies VALUES(200900, 'Avatar: The Way of Water', 'en', 2022, 90);
INSERT INTO people VALUES(201480, 'James', 'Cameron', NULL, NULL, 'M');
INSERT INTO credits VALUES(200900, 201480, 'D');
INSERT INTO people VALUES(201481, 'Sam', 'Worthington', NULL, NULL, 'M');
INSERT INTO credits VALUES(200900, 201481, 'A');
INSERT INTO movies VALUES(200901, 'DEEMO Memorial Keys', 'ja', 2022, 90);
INSERT INTO people VALUES(201482, 'Shuhei', 'Matsushita', NULL, NULL, 'M');
INSERT INTO credits VALUES(200901, 201482, 'D');
INSERT INTO people VALUES(201483, 'Ayana', 'Taketatsu', NULL, NULL, 'F');
INSERT INTO credits VALUES(200901, 201483, 'A');
INSERT INTO movies VALUES(200902, 'Troll', 'no', 2022, 90);
INSERT INTO people VALUES(201484, 'Roar', 'Uthaug', NULL, NULL, 'M');
INSERT INTO credits VALUES(200902, 201484, 'D');
INSERT INTO people VALUES(201485, 'Ine', 'Marie Wilmann', NULL, NULL, 'F');
INSERT INTO credits VALUES(200902, 201485, 'A');
INSERT INTO movies VALUES(200903, 'Giantess Battle Attack!', 'en', 2022, 90);
INSERT INTO credits VALUES(200903, 200057, 'D');
INSERT INTO people VALUES(201486, 'Ivy', 'Smith', NULL, NULL, 'F');
INSERT INTO credits VALUES(200903, 201486, 'A');
INSERT INTO movies VALUES(200904, 'Top Gun: Maverick', 'en', 2022, 90);
INSERT INTO credits VALUES(200904, 200157, 'D');
INSERT INTO credits VALUES(200904, 200158, 'A');
INSERT INTO movies VALUES(200905, '365 Days: This Day', 'pl', 2022, 90);
INSERT INTO people VALUES(201487, 'Barbara', 'Białowąs', NULL, NULL, 'M');
INSERT INTO credits VALUES(200905, 201487, 'D');
INSERT INTO people VALUES(201488, 'Anna-Maria', 'Sieklucka', NULL, NULL, 'F');
INSERT INTO credits VALUES(200905, 201488, 'A');
INSERT INTO movies VALUES(200906, 'Trouble Sleeping', 'en', 2022, 90);
INSERT INTO people VALUES(201489, 'Robert', 'Adetuyi', NULL, NULL, 'M');
INSERT INTO credits VALUES(200906, 201489, 'D');
INSERT INTO people VALUES(201490, 'Vanessa', 'Angel', NULL, NULL, 'F');
INSERT INTO credits VALUES(200906, 201490, 'A');
INSERT INTO movies VALUES(200907, 'The Batman', 'en', 2022, 90);
INSERT INTO credits VALUES(200907, 200245, 'D');
INSERT INTO people VALUES(201491, 'Robert', 'Pattinson', NULL, NULL, 'M');
INSERT INTO credits VALUES(200907, 201491, 'A');
INSERT INTO movies VALUES(200908, 'Prey', 'en', 2022, 90);
INSERT INTO people VALUES(201492, 'Dan', 'Trachtenberg', NULL, NULL, 'M');
INSERT INTO credits VALUES(200908, 201492, 'D');
INSERT INTO people VALUES(201493, 'Amber', 'Midthunder', NULL, NULL, 'F');
INSERT INTO credits VALUES(200908, 201493, 'A');
INSERT INTO movies VALUES(200909, 'Arnoldo Mondadori - I libri per cambiare il mondo', 'it', 2022, 90);
INSERT INTO people VALUES(201494, 'Francesco', 'Miccichè', NULL, NULL, 'M');
INSERT INTO credits VALUES(200909, 201494, 'D');
INSERT INTO people VALUES(201495, 'Michele', 'Placido', NULL, NULL, 'M');
INSERT INTO credits VALUES(200909, 201495, 'A');
INSERT INTO movies VALUES(200910, 'Puss in Boots: The Last Wish', 'en', 2022, 90);
INSERT INTO credits VALUES(200910, 201245, 'D');
INSERT INTO people VALUES(201496, 'Antonio', 'Banderas', NULL, NULL, 'M');
INSERT INTO credits VALUES(200910, 201496, 'A');
INSERT INTO movies VALUES(200911, 'Harry Potter 20th Anniversary: Return to Hogwarts', 'en', 2022, 90);
INSERT INTO people VALUES(201497, 'Joe', 'Pearlman', NULL, NULL, 'M');
INSERT INTO credits VALUES(200911, 201497, 'D');
INSERT INTO people VALUES(201498, 'Daniel', 'Radcliffe', NULL, NULL, 'M');
INSERT INTO credits VALUES(200911, 201498, 'A');
INSERT INTO movies VALUES(200912, 'Sisu', 'fi', 2022, 90);
INSERT INTO people VALUES(201499, 'Jalmari', 'Helander', NULL, NULL, 'M');
INSERT INTO credits VALUES(200912, 201499, 'D');
INSERT INTO people VALUES(201500, 'Jorma', 'Tommila', NULL, NULL, 'M');
INSERT INTO credits VALUES(200912, 201500, 'A');
INSERT INTO movies VALUES(200913, 'Doctor Strange in the Multiverse of Madness', 'en', 2022, 90);
INSERT INTO people VALUES(201501, 'Sam', 'Raimi', NULL, NULL, 'M');
INSERT INTO credits VALUES(200913, 201501, 'D');
INSERT INTO credits VALUES(200913, 200223, 'A');
INSERT INTO movies VALUES(200914, 'Come With Me to the Cinema – The Gregors', 'de', 2022, 90);
INSERT INTO people VALUES(201502, 'Alice', 'Agneskirchner', NULL, NULL, 'M');
INSERT INTO credits VALUES(200914, 201502, 'D');
INSERT INTO people VALUES(201503, 'Erika', 'Gregor', NULL, NULL, 'M');
INSERT INTO credits VALUES(200914, 201503, 'A');
INSERT INTO movies VALUES(200915, 'A Man Called Otto', 'en', 2022, 90);
INSERT INTO credits VALUES(200915, 200075, 'D');
INSERT INTO credits VALUES(200915, 201128, 'A');
INSERT INTO movies VALUES(200916, 'KKN: Curse of the Dancing Village - Luwih Dowo, Luwih Medeni', 'id', 2022, 90);
INSERT INTO people VALUES(201504, 'Awi', 'Suryadi', NULL, NULL, 'M');
INSERT INTO credits VALUES(200916, 201504, 'D');
INSERT INTO people VALUES(201505, 'Tissa', 'Biani', NULL, NULL, 'F');
INSERT INTO credits VALUES(200916, 201505, 'A');
INSERT INTO movies VALUES(200917, 'The Black Phone', 'en', 2022, 90);
INSERT INTO credits VALUES(200917, 200629, 'D');
INSERT INTO people VALUES(201506, 'Mason', 'Thames', NULL, NULL, 'M');
INSERT INTO credits VALUES(200917, 201506, 'A');
INSERT INTO movies VALUES(200918, 'K.G.F: Chapter 2', 'kn', 2022, 90);
INSERT INTO people VALUES(201507, 'Prashanth', 'Neel', NULL, NULL, 'M');
INSERT INTO credits VALUES(200918, 201507, 'D');
INSERT INTO people VALUES(201508, 'Yash', '', NULL, NULL, 'M');
INSERT INTO credits VALUES(200918, 201508, 'A');
INSERT INTO movies VALUES(200919, 'Pearl', 'en', 2022, 90);
INSERT INTO people VALUES(201509, 'Ti', 'West', NULL, NULL, 'M');
INSERT INTO credits VALUES(200919, 201509, 'D');
INSERT INTO people VALUES(201510, 'Mia', 'Goth', NULL, NULL, 'F');
INSERT INTO credits VALUES(200919, 201510, 'A');
INSERT INTO movies VALUES(200920, 'Jurassic World Dominion', 'en', 2022, 90);
INSERT INTO credits VALUES(200920, 200412, 'D');
INSERT INTO credits VALUES(200920, 200413, 'A');
INSERT INTO movies VALUES(200921, 'RRR', 'te', 2022, 90);
INSERT INTO people VALUES(201511, 'S.', 'S. Rajamouli', NULL, NULL, 'M');
INSERT INTO credits VALUES(200921, 201511, 'D');
INSERT INTO people VALUES(201512, 'N.T.', 'Rama Rao Jr.', NULL, NULL, 'M');
INSERT INTO credits VALUES(200921, 201512, 'A');
INSERT INTO movies VALUES(200922, 'Padre no hay más que uno 3', 'es', 2022, 90);
INSERT INTO credits VALUES(200922, 201093, 'D');
INSERT INTO credits VALUES(200922, 201093, 'A');
INSERT INTO movies VALUES(200923, 'They Don''t Come in Peace', 'pt', 2022, 90);
INSERT INTO people VALUES(201513, 'Pedro', 'Oranges', NULL, NULL, 'M');
INSERT INTO credits VALUES(200923, 201513, 'D');
INSERT INTO people VALUES(201514, 'Teka', 'Romualdo', NULL, NULL, 'F');
INSERT INTO credits VALUES(200923, 201514, 'A');
INSERT INTO movies VALUES(200924, 'As Good as Dead', 'en', 2022, 90);
INSERT INTO people VALUES(201515, 'R.', 'Ellis Frazier', NULL, NULL, 'M');
INSERT INTO credits VALUES(200924, 201515, 'D');
INSERT INTO people VALUES(201516, 'Tom', 'Berenger', NULL, NULL, 'M');
INSERT INTO credits VALUES(200924, 201516, 'A');
INSERT INTO movies VALUES(200925, 'Love Is Better Than Life', 'fr', 2022, 90);
INSERT INTO credits VALUES(200925, 201065, 'D');
INSERT INTO people VALUES(201517, 'Sandrine', 'Bonnaire', NULL, NULL, 'F');
INSERT INTO credits VALUES(200925, 201517, 'A');
INSERT INTO movies VALUES(200926, 'Continental Drift (South)', 'fr', 2022, 90);
INSERT INTO people VALUES(201518, 'Lionel', 'Baier', NULL, NULL, 'M');
INSERT INTO credits VALUES(200926, 201518, 'D');
INSERT INTO people VALUES(201519, 'Isabelle', 'Carré', NULL, NULL, 'F');
INSERT INTO credits VALUES(200926, 201519, 'A');
INSERT INTO movies VALUES(200927, 'The Squad: Rise of the Chicano Squad', 'en', 2022, 90);
INSERT INTO people VALUES(201520, 'Juan', 'C. Vazquez', NULL, NULL, 'M');
INSERT INTO credits VALUES(200927, 201520, 'D');
INSERT INTO credits VALUES(200927, 201520, 'A');
INSERT INTO movies VALUES(200928, 'The Beatles: Get Back - The Rooftop Concert', 'en', 2022, 90);
INSERT INTO credits VALUES(200928, 200018, 'D');
INSERT INTO credits VALUES(200928, 200748, 'A');
INSERT INTO movies VALUES(200929, 'La TV des 70''s : Quand Giscard était président', 'fr', 2022, 90);
INSERT INTO people VALUES(201521, 'Matthieu', 'Jaubert', NULL, NULL, 'M');
INSERT INTO credits VALUES(200929, 201521, 'D');
INSERT INTO people VALUES(201522, 'Valéry', 'Giscard d''Estaing', NULL, NULL, 'M');
INSERT INTO credits VALUES(200929, 201522, 'A');
INSERT INTO movies VALUES(200930, 'Aqours 6th LoveLive! ~KU-RU-KU-RU Rock ''n'' Roll TOUR~ ＜WINDY STAGE＞', 'ja', 2022, 90);
INSERT INTO people VALUES(201523, 'Anju', 'Inami', NULL, NULL, 'F');
INSERT INTO credits VALUES(200930, 201523, 'A');
INSERT INTO movies VALUES(200931, 'Thor: Love and Thunder', 'en', 2022, 90);
INSERT INTO credits VALUES(200931, 200752, 'D');
INSERT INTO credits VALUES(200931, 200072, 'A');
INSERT INTO movies VALUES(200932, 'Det ska va gôtt å leva - en film om Galenskaparna After Shave', 'sv', 2022, 90);
INSERT INTO people VALUES(201524, 'Håkan', 'Hammarén', NULL, NULL, 'M');
INSERT INTO credits VALUES(200932, 201524, 'D');
INSERT INTO people VALUES(201525, 'Claes', 'Eriksson', NULL, NULL, 'M');
INSERT INTO credits VALUES(200932, 201525, 'A');
INSERT INTO movies VALUES(200933, 'V/H/S/99', 'en', 2022, 90);
INSERT INTO people VALUES(201526, 'Flying', 'Lotus', NULL, NULL, 'M');
INSERT INTO credits VALUES(200933, 201526, 'D');
INSERT INTO people VALUES(201527, 'Jesse', 'LaTourette', NULL, NULL, 'M');
INSERT INTO credits VALUES(200933, 201527, 'A');
INSERT INTO movies VALUES(200934, 'A E I O U – A Quick Alphabet of Love', 'de', 2022, 90);
INSERT INTO people VALUES(201528, 'Nicolette', 'Krebitz', NULL, NULL, 'M');
INSERT INTO credits VALUES(200934, 201528, 'D');
INSERT INTO people VALUES(201529, 'Sophie', 'Rois', NULL, NULL, 'F');
INSERT INTO credits VALUES(200934, 201529, 'A');
INSERT INTO movies VALUES(200935, 'The Haunting of the Tower of London', 'en', 2022, 90);
INSERT INTO people VALUES(201530, 'Charlie', 'Steeds', NULL, NULL, 'M');
INSERT INTO credits VALUES(200935, 201530, 'D');
INSERT INTO people VALUES(201531, 'Natalie', 'Martins', NULL, NULL, 'F');
INSERT INTO credits VALUES(200935, 201531, 'A');
INSERT INTO movies VALUES(200936, 'Julia(s)', 'fr', 2022, 90);
INSERT INTO people VALUES(201532, 'Olivier', 'Treiner', NULL, NULL, 'M');
INSERT INTO credits VALUES(200936, 201532, 'D');
INSERT INTO people VALUES(201533, 'Lou', 'de Laâge', NULL, NULL, 'F');
INSERT INTO credits VALUES(200936, 201533, 'A');
INSERT INTO movies VALUES(200937, 'PRIDE: To Be Seen - A Soul of a Nation Presentation', 'en', 2022, 90);
INSERT INTO people VALUES(201534, 'Tine', '', NULL, NULL, 'M');
INSERT INTO credits VALUES(200937, 201534, 'D');
INSERT INTO people VALUES(201535, 'Cara', 'Delevingne', NULL, NULL, 'F');
INSERT INTO credits VALUES(200937, 201535, 'A');
INSERT INTO movies VALUES(200938, 'How Dare You Want More: The Short Film', 'en', 2022, 90);
INSERT INTO people VALUES(201536, 'Bill', 'Benz', NULL, NULL, 'M');
INSERT INTO credits VALUES(200938, 201536, 'D');
INSERT INTO people VALUES(201537, 'Jack', 'Antonoff', NULL, NULL, 'M');
INSERT INTO credits VALUES(200938, 201537, 'A');
INSERT INTO movies VALUES(200939, 'Black Panther: Wakanda Forever', 'en', 2022, 90);
INSERT INTO credits VALUES(200939, 200531, 'D');
INSERT INTO people VALUES(201538, 'Letitia', 'Wright', NULL, NULL, 'F');
INSERT INTO credits VALUES(200939, 201538, 'A');
INSERT INTO movies VALUES(200940, 'Julia(s)', 'fr', 2022, 90);
INSERT INTO credits VALUES(200940, 201532, 'D');
INSERT INTO credits VALUES(200940, 201533, 'A');
INSERT INTO movies VALUES(200941, 'All Russians Love Birch Trees', 'de', 2022, 90);
INSERT INTO people VALUES(201539, 'Pola', 'Beck', NULL, NULL, 'M');
INSERT INTO credits VALUES(200941, 201539, 'D');
INSERT INTO people VALUES(201540, 'Aylin', 'Tezel', NULL, NULL, 'F');
INSERT INTO credits VALUES(200941, 201540, 'A');
INSERT INTO movies VALUES(200942, 'Kantara', 'kn', 2022, 90);
INSERT INTO people VALUES(201541, 'Rishab', 'Shetty', NULL, NULL, 'M');
INSERT INTO credits VALUES(200942, 201541, 'D');
INSERT INTO credits VALUES(200942, 201541, 'A');
INSERT INTO movies VALUES(200943, 'PRIDE: To Be Seen - A Soul of a Nation Presentation', 'en', 2022, 90);
INSERT INTO credits VALUES(200943, 201534, 'D');
INSERT INTO credits VALUES(200943, 201535, 'A');
INSERT INTO movies VALUES(200944, 'How Dare You Want More: The Short Film', 'en', 2022, 90);
INSERT INTO credits VALUES(200944, 201536, 'D');
INSERT INTO credits VALUES(200944, 201537, 'A');
INSERT INTO movies VALUES(200945, 'Black Panther: Wakanda Forever', 'en', 2022, 90);
INSERT INTO credits VALUES(200945, 200531, 'D');
INSERT INTO credits VALUES(200945, 201538, 'A');
INSERT INTO movies VALUES(200946, 'Obi-Wan Kenobi: A Jedi''s Return', 'en', 2022, 90);
INSERT INTO people VALUES(201542, 'David', 'Gelb', NULL, NULL, 'M');
INSERT INTO credits VALUES(200946, 201542, 'D');
INSERT INTO people VALUES(201543, 'Ewan', 'McGregor', NULL, NULL, 'M');
INSERT INTO credits VALUES(200946, 201543, 'A');
INSERT INTO movies VALUES(200947, 'Rabiye Kurnaz vs. George W. Bush', 'de', 2022, 90);
INSERT INTO people VALUES(201544, 'Andreas', 'Dresen', NULL, NULL, 'M');
INSERT INTO credits VALUES(200947, 201544, 'D');
INSERT INTO people VALUES(201545, 'Meltem', 'Kaptan', NULL, NULL, 'F');
INSERT INTO credits VALUES(200947, 201545, 'A');
INSERT INTO movies VALUES(200948, 'En Famille : Le Mariage de Marjorie', 'fr', 2022, 90);
INSERT INTO people VALUES(201546, 'Christophe', 'Douchand', NULL, NULL, 'M');
INSERT INTO credits VALUES(200948, 201546, 'D');
INSERT INTO people VALUES(201547, 'Lucie', 'Bourdeu', NULL, NULL, 'F');
INSERT INTO credits VALUES(200948, 201547, 'A');
INSERT INTO movies VALUES(200949, 'Bullet Train', 'en', 2022, 90);
INSERT INTO credits VALUES(200949, 200968, 'D');
INSERT INTO credits VALUES(200949, 200076, 'A');
INSERT INTO movies VALUES(200950, 'Turning Red', 'en', 2022, 90);
INSERT INTO people VALUES(201548, 'Domee', 'Shi', NULL, NULL, 'M');
INSERT INTO credits VALUES(200950, 201548, 'D');
INSERT INTO people VALUES(201549, 'Rosalie', 'Chiang', NULL, NULL, 'F');
INSERT INTO credits VALUES(200950, 201549, 'A');
INSERT INTO movies VALUES(200951, 'The Bad Guys', 'en', 2022, 90);
INSERT INTO people VALUES(201550, 'Pierre', 'Perifel', NULL, NULL, 'M');
INSERT INTO credits VALUES(200951, 201550, 'D');
INSERT INTO credits VALUES(200951, 200236, 'A');
INSERT INTO movies VALUES(200952, 'The Haunting of the Tower of London', 'en', 2022, 90);
INSERT INTO credits VALUES(200952, 201530, 'D');
INSERT INTO credits VALUES(200952, 201531, 'A');
INSERT INTO movies VALUES(200953, 'Please Leave a Message: Anthology Film Archives Voicemails Through the Ages', 'en', 2022, 90);
INSERT INTO people VALUES(201551, 'Jonas', 'Mekas', NULL, NULL, 'M');
INSERT INTO credits VALUES(200953, 201551, 'A');
INSERT INTO movies VALUES(200954, 'Teen Titans Go! & DC Super Hero Girls: Mayhem in the Multiverse', 'en', 2022, 90);
INSERT INTO credits VALUES(200954, 200587, 'D');
INSERT INTO people VALUES(201552, 'Tara', 'Strong', NULL, NULL, 'F');
INSERT INTO credits VALUES(200954, 201552, 'A');
INSERT INTO movies VALUES(200955, 'Putin: The Return of the Bear in the Dance', 'fr', 2022, 90);
INSERT INTO people VALUES(201553, 'Frédéric', 'Tonolli', NULL, NULL, 'M');
INSERT INTO credits VALUES(200955, 201553, 'D');
INSERT INTO people VALUES(201554, 'Vladimir', 'Putin', NULL, NULL, 'M');
INSERT INTO credits VALUES(200955, 201554, 'A');
INSERT INTO movies VALUES(200956, 'The Simpsons Meet the Bocellis in "Feliz Navidad"', 'en', 2022, 90);
INSERT INTO credits VALUES(200956, 201286, 'D');
INSERT INTO people VALUES(201555, 'Nancy', 'Cartwright', NULL, NULL, 'F');
INSERT INTO credits VALUES(200956, 201555, 'A');
INSERT INTO movies VALUES(200957, 'Paulie Go!', 'en', 2022, 90);
INSERT INTO people VALUES(201556, 'Andrew', 'Nackman', NULL, NULL, 'M');
INSERT INTO credits VALUES(200957, 201556, 'D');
INSERT INTO people VALUES(201557, 'Ethan', 'Dizon', NULL, NULL, 'M');
INSERT INTO credits VALUES(200957, 201557, 'A');
INSERT INTO movies VALUES(200958, 'The Surgeon of the Rusty Knife', 'pt', 2022, 90);
INSERT INTO people VALUES(201558, 'Gustavo', 'Fernández', NULL, NULL, 'M');
INSERT INTO credits VALUES(200958, 201558, 'D');
INSERT INTO people VALUES(201559, 'Danton', 'Mello', NULL, NULL, 'M');
INSERT INTO credits VALUES(200958, 201559, 'A');
INSERT INTO movies VALUES(200959, 'No Way to Make a Living: A Look Back at ''The Frighteners''', 'en', 2022, 90);
INSERT INTO people VALUES(201560, 'Christian', 'Genzel', NULL, NULL, 'M');
INSERT INTO credits VALUES(200959, 201560, 'D');
INSERT INTO people VALUES(201561, 'John', 'Blick', NULL, NULL, 'M');
INSERT INTO credits VALUES(200959, 201561, 'A');
INSERT INTO movies VALUES(200960, 'X', 'en', 2022, 90);
INSERT INTO credits VALUES(200960, 201509, 'D');
INSERT INTO credits VALUES(200960, 201510, 'A');
INSERT INTO movies VALUES(200961, 'Diana - Die Nacht, in der sie zur Legende wurde', 'de', 2022, 90);
INSERT INTO people VALUES(201562, 'Annika', 'Blendl', NULL, NULL, 'M');
INSERT INTO credits VALUES(200961, 201562, 'D');
INSERT INTO people VALUES(201563, 'Mareile', 'Blendl', NULL, NULL, 'F');
INSERT INTO credits VALUES(200961, 201563, 'A');
INSERT INTO movies VALUES(200962, '20th Century Girl', 'ko', 2022, 90);
INSERT INTO people VALUES(201564, 'Bang', 'Woo-ri', NULL, NULL, 'M');
INSERT INTO credits VALUES(200962, 201564, 'D');
INSERT INTO people VALUES(201565, 'Kim', 'Yoo-jung', NULL, NULL, 'F');
INSERT INTO credits VALUES(200962, 201565, 'A');
INSERT INTO movies VALUES(200963, 'Elton John Live: Farewell from Dodger Stadium', 'en', 2022, 90);
INSERT INTO credits VALUES(200963, 200338, 'D');
INSERT INTO people VALUES(201566, 'Elton', 'John', NULL, NULL, 'M');
INSERT INTO credits VALUES(200963, 201566, 'A');
INSERT INTO movies VALUES(200964, 'Nosferatu: A Film Like a Vampire', 'de', 2022, 90);
INSERT INTO people VALUES(201567, 'Erich', 'Brinkmann', NULL, NULL, 'M');
INSERT INTO credits VALUES(200964, 201567, 'D');
INSERT INTO people VALUES(201568, 'Rainer', 'Kühn', NULL, NULL, 'M');
INSERT INTO credits VALUES(200964, 201568, 'A');
INSERT INTO movies VALUES(200965, 'Nel nostro cielo un rombo di tuono', 'it', 2022, 90);
INSERT INTO credits VALUES(200965, 200844, 'D');
INSERT INTO people VALUES(201569, 'Luigi', 'Riva', NULL, NULL, 'M');
INSERT INTO credits VALUES(200965, 201569, 'A');
INSERT INTO movies VALUES(200966, 'The Witch: Part 2. The Other One', 'ko', 2022, 90);
INSERT INTO people VALUES(201570, 'Park', 'Hoon-jung', NULL, NULL, 'M');
INSERT INTO credits VALUES(200966, 201570, 'D');
INSERT INTO people VALUES(201571, 'Shin', 'Sia', NULL, NULL, 'F');
INSERT INTO credits VALUES(200966, 201571, 'A');
INSERT INTO movies VALUES(200967, 'Sonic the Hedgehog 2', 'en', 2022, 90);
INSERT INTO credits VALUES(200967, 201187, 'D');
INSERT INTO credits VALUES(200967, 201188, 'A');
INSERT INTO movies VALUES(200968, 'The Ice Age Adventures of Buck Wild', 'en', 2022, 90);
INSERT INTO people VALUES(201572, 'John', 'C. Donkin', NULL, NULL, 'M');
INSERT INTO credits VALUES(200968, 201572, 'D');
INSERT INTO people VALUES(201573, 'Simon', 'Pegg', NULL, NULL, 'M');
INSERT INTO credits VALUES(200968, 201573, 'A');
INSERT INTO movies VALUES(200969, 'The Sound of 007', 'en', 2022, 90);
INSERT INTO people VALUES(201574, 'Mat', 'Whitecross', NULL, NULL, 'M');
INSERT INTO credits VALUES(200969, 201574, 'D');
INSERT INTO credits VALUES(200969, 201021, 'A');
INSERT INTO movies VALUES(200970, 'C''era una volta in Italia - Giacarta sta arrivando', 'it', 2022, 90);
INSERT INTO people VALUES(201575, 'Federico', 'Greco', NULL, NULL, 'M');
INSERT INTO credits VALUES(200970, 201575, 'D');
INSERT INTO people VALUES(201576, 'Roger', 'Waters', NULL, NULL, 'M');
INSERT INTO credits VALUES(200970, 201576, 'A');
INSERT INTO movies VALUES(200971, 'Beyond Infinity: Buzz and the Journey to Lightyear', 'en', 2022, 90);
INSERT INTO people VALUES(201577, 'Tony', 'Kaplan', NULL, NULL, 'M');
INSERT INTO credits VALUES(200971, 201577, 'D');
INSERT INTO people VALUES(201578, 'Angus', 'MacLane', NULL, NULL, 'M');
INSERT INTO credits VALUES(200971, 201578, 'A');
INSERT INTO movies VALUES(200972, 'Bacri, comme un air de famille', 'fr', 2022, 90);
INSERT INTO people VALUES(201579, 'Stéphane', 'Benhamou', NULL, NULL, 'M');
INSERT INTO credits VALUES(200972, 201579, 'D');
INSERT INTO people VALUES(201580, 'Jean-Pierre', 'Bacri', NULL, NULL, 'M');
INSERT INTO credits VALUES(200972, 201580, 'A');
INSERT INTO movies VALUES(200973, 'The Year I Started Masturbating', 'sv', 2022, 90);
INSERT INTO people VALUES(201581, 'Erika', 'Wasserman', NULL, NULL, 'M');
INSERT INTO credits VALUES(200973, 201581, 'D');
INSERT INTO people VALUES(201582, 'Katia', 'Winter', NULL, NULL, 'F');
INSERT INTO credits VALUES(200973, 201582, 'A');
INSERT INTO movies VALUES(200974, 'Dans les pas de Jean-Paul Rappeneau', 'fr', 2022, 90);
INSERT INTO people VALUES(201583, 'Jérôme', 'Wybon', NULL, NULL, 'M');
INSERT INTO credits VALUES(200974, 201583, 'D');
INSERT INTO people VALUES(201584, 'Isabelle', 'Adjani', NULL, NULL, 'F');
INSERT INTO credits VALUES(200974, 201584, 'A');
INSERT INTO movies VALUES(200975, 'Hocus Pocus 2', 'en', 2022, 90);
INSERT INTO people VALUES(201585, 'Anne', 'Fletcher', NULL, NULL, 'M');
INSERT INTO credits VALUES(200975, 201585, 'D');
INSERT INTO credits VALUES(200975, 200927, 'A');
INSERT INTO movies VALUES(200976, 'Deep Water', 'en', 2022, 90);
INSERT INTO people VALUES(201586, 'Adrian', 'Lyne', NULL, NULL, 'M');
INSERT INTO credits VALUES(200976, 201586, 'D');
INSERT INTO credits VALUES(200976, 200218, 'A');
INSERT INTO movies VALUES(200977, 'Fall', 'en', 2022, 90);
INSERT INTO people VALUES(201587, 'Scott', 'Mann', NULL, NULL, 'M');
INSERT INTO credits VALUES(200977, 201587, 'D');
INSERT INTO people VALUES(201588, 'Grace', 'Caroline Currey', NULL, NULL, 'F');
INSERT INTO credits VALUES(200977, 201588, 'A');
INSERT INTO movies VALUES(200978, 'Spider-Man: All Roads Lead to No Way Home', 'en', 2022, 90);
INSERT INTO credits VALUES(200978, 200712, 'A');
INSERT INTO movies VALUES(200979, 'The Storming of the Capitol - An American Trauma', 'de', 2022, 90);
INSERT INTO people VALUES(201589, 'Gaston', 'Saša Koren', NULL, NULL, 'M');
INSERT INTO credits VALUES(200979, 201589, 'D');
INSERT INTO people VALUES(201590, 'Hans', 'Henrik Wöhler', NULL, NULL, 'M');
INSERT INTO credits VALUES(200979, 201590, 'A');
INSERT INTO movies VALUES(200980, 'Hope for Peace Concert from the Frauenkirche - Dresden', 'de', 2022, 90);
INSERT INTO credits VALUES(200980, 201183, 'D');
INSERT INTO people VALUES(201591, 'Daniel', 'Hope', NULL, NULL, 'M');
INSERT INTO credits VALUES(200980, 201591, 'A');
INSERT INTO movies VALUES(200981, 'Glass Onion: A Knives Out Mystery', 'en', 2022, 90);
INSERT INTO credits VALUES(200981, 201020, 'D');
INSERT INTO credits VALUES(200981, 201021, 'A');
INSERT INTO movies VALUES(200982, 'New Year''s Concert 2022 from the Teatro La Fenice', 'de', 2022, 90);
INSERT INTO people VALUES(201592, 'Österreichischer', 'Rundfunk', NULL, NULL, 'M');
INSERT INTO credits VALUES(200982, 201592, 'D');
INSERT INTO people VALUES(201593, 'Pretty', 'Yende', NULL, NULL, 'M');
INSERT INTO credits VALUES(200982, 201593, 'A');
INSERT INTO movies VALUES(200983, 'A festive day with Offenbach Featuring Patricia Petibon and Cyrille Dubois', 'en', 2022, 90);
INSERT INTO people VALUES(201594, 'Isabelle', 'Soulard', NULL, NULL, 'M');
INSERT INTO credits VALUES(200983, 201594, 'D');
INSERT INTO people VALUES(201595, 'Orchestre', 'National de France', NULL, NULL, 'M');
INSERT INTO credits VALUES(200983, 201595, 'A');
INSERT INTO movies VALUES(200984, 'School of Magical Animals 2', 'de', 2022, 90);
INSERT INTO people VALUES(201596, 'Sven', 'Unterwaldt Jr.', NULL, NULL, 'M');
INSERT INTO credits VALUES(200984, 201596, 'D');
INSERT INTO credits VALUES(200984, 201419, 'A');
INSERT INTO movies VALUES(200985, 'Night at the Museum: Kahmunrah Rises Again', 'en', 2022, 90);
INSERT INTO people VALUES(201597, 'Matt', 'Danner', NULL, NULL, 'M');
INSERT INTO credits VALUES(200985, 201597, 'D');
INSERT INTO people VALUES(201598, 'Joshua', 'Bassett', NULL, NULL, 'M');
INSERT INTO credits VALUES(200985, 201598, 'A');
INSERT INTO movies VALUES(200986, '2022 Rock & Roll Hall of Fame Induction Ceremony', 'en', 2022, 90);
INSERT INTO people VALUES(201599, 'Joel', 'Gallen', NULL, NULL, 'M');
INSERT INTO credits VALUES(200986, 201599, 'D');
INSERT INTO people VALUES(201600, 'Pat', 'Benatar', NULL, NULL, 'F');
INSERT INTO credits VALUES(200986, 201600, 'A');
INSERT INTO movies VALUES(200987, 'Inspector Sun and the Curse of the Black Widow', 'es', 2022, 90);
INSERT INTO people VALUES(201601, 'Julio', 'Soto Gurpide', NULL, NULL, 'M');
INSERT INTO credits VALUES(200987, 201601, 'D');
INSERT INTO people VALUES(201602, 'Fernando', 'Cabrera', NULL, NULL, 'M');
INSERT INTO credits VALUES(200987, 201602, 'A');
INSERT INTO movies VALUES(200988, 'Babylon', 'en', 2022, 90);
INSERT INTO credits VALUES(200988, 200207, 'D');
INSERT INTO people VALUES(201603, 'Diego', 'Calva', NULL, NULL, 'M');
INSERT INTO credits VALUES(200988, 201603, 'A');
INSERT INTO movies VALUES(200989, 'The Sins', 'pl', 2022, 90);
INSERT INTO people VALUES(201604, 'Mariusz', 'Kuczewski', NULL, NULL, 'M');
INSERT INTO credits VALUES(200989, 201604, 'D');
INSERT INTO people VALUES(201605, 'Mateusz', 'Banasiuk', NULL, NULL, 'M');
INSERT INTO credits VALUES(200989, 201605, 'A');
INSERT INTO movies VALUES(200990, 'A quien cierra los ojos', 'es', 2022, 90);
INSERT INTO people VALUES(201606, 'Ana', 'Díez', NULL, NULL, 'M');
INSERT INTO credits VALUES(200990, 201606, 'D');
INSERT INTO credits VALUES(200990, 200503, 'A');
INSERT INTO movies VALUES(200991, 'Zu jung zu sterben - Ein Krimi aus Passau', 'de', 2022, 90);
INSERT INTO credits VALUES(200991, 201476, 'D');
INSERT INTO people VALUES(201607, 'Marie', 'Leuenberger', NULL, NULL, 'F');
INSERT INTO credits VALUES(200991, 201607, 'A');
INSERT INTO movies VALUES(200992, 'Electronic Vibrations: A Sound Changes the World', 'de', 2022, 90);
INSERT INTO people VALUES(201608, 'Thomas', 'von Steinaecker', NULL, NULL, 'M');
INSERT INTO credits VALUES(200992, 201608, 'D');
INSERT INTO credits VALUES(200992, 201590, 'A');
INSERT INTO movies VALUES(200993, 'Downfall: The Case Against Boeing', 'en', 2022, 90);
INSERT INTO people VALUES(201609, 'Rory', 'Kennedy', NULL, NULL, 'M');
INSERT INTO credits VALUES(200993, 201609, 'D');
INSERT INTO people VALUES(201610, 'John', 'Fantasia', NULL, NULL, 'M');
INSERT INTO credits VALUES(200993, 201610, 'A');
INSERT INTO movies VALUES(200994, 'Film: The Living Record of Our Memory', 'en', 2022, 90);
INSERT INTO people VALUES(201611, 'Inés', 'Toharia Terán', NULL, NULL, 'M');
INSERT INTO credits VALUES(200994, 201611, 'D');
INSERT INTO people VALUES(201612, 'Ann', 'Adachi-Tasch', NULL, NULL, 'M');
INSERT INTO credits VALUES(200994, 201612, 'A');
INSERT INTO movies VALUES(200995, 'Sven Melander - Ta hand om er och glöm inte att skratta', 'sv', 2022, 90);
INSERT INTO people VALUES(201613, 'Karolina', 'Jonason', NULL, NULL, 'M');
INSERT INTO credits VALUES(200995, 201613, 'D');
INSERT INTO people VALUES(201614, 'Sven', 'Melander', NULL, NULL, 'M');
INSERT INTO credits VALUES(200995, 201614, 'A');
INSERT INTO movies VALUES(200996, 'Amsterdam Undercover: The Dead Man from the Ice', 'de', 2022, 90);
INSERT INTO people VALUES(201615, 'Ismail', 'Sahin', NULL, NULL, 'M');
INSERT INTO credits VALUES(200996, 201615, 'D');
INSERT INTO credits VALUES(200996, 200884, 'A');
INSERT INTO movies VALUES(200997, 'Tony Hawk: Until the Wheels Fall Off', 'en', 2022, 90);
INSERT INTO people VALUES(201616, 'Sam', 'Jones', NULL, NULL, 'M');
INSERT INTO credits VALUES(200997, 201616, 'D');
INSERT INTO credits VALUES(200997, 201163, 'A');
INSERT INTO movies VALUES(200998, 'Special Action 1005', 'de', 2022, 90);
INSERT INTO people VALUES(201617, 'Ingolf', 'Gritschneder', NULL, NULL, 'M');
INSERT INTO credits VALUES(200998, 201617, 'D');
INSERT INTO credits VALUES(200998, 201590, 'A');
INSERT INTO movies VALUES(200999, 'The Day the Music Died: The Story of Don McLean''s "American Pie"', 'en', 2022, 90);
INSERT INTO people VALUES(201618, 'Mark', 'Moormann', NULL, NULL, 'M');
INSERT INTO credits VALUES(200999, 201618, 'D');
INSERT INTO people VALUES(201619, 'Don', 'McLean', NULL, NULL, 'M');
INSERT INTO credits VALUES(200999, 201619, 'A');
INSERT INTO movies VALUES(201000, 'Five Nights at Freddy''s', 'en', 2023, 90);
INSERT INTO people VALUES(201620, 'Emma', 'Tammi', NULL, NULL, 'M');
INSERT INTO credits VALUES(201000, 201620, 'D');
INSERT INTO people VALUES(201621, 'Josh', 'Hutcherson', NULL, NULL, 'M');
INSERT INTO credits VALUES(201000, 201621, 'A');
INSERT INTO movies VALUES(201001, 'My Fault', 'es', 2023, 90);
INSERT INTO people VALUES(201622, 'Domingo', 'González', NULL, NULL, 'M');
INSERT INTO credits VALUES(201001, 201622, 'D');
INSERT INTO people VALUES(201623, 'Nicole', 'Wallace', NULL, NULL, 'F');
INSERT INTO credits VALUES(201001, 201623, 'A');
INSERT INTO movies VALUES(201002, 'John Wick: Chapter 4', 'en', 2023, 90);
INSERT INTO credits VALUES(201002, 200312, 'D');
INSERT INTO credits VALUES(201002, 200313, 'A');
INSERT INTO movies VALUES(201003, 'The Family Plan', 'en', 2023, 90);
INSERT INTO people VALUES(201624, 'Simon', 'Cellan Jones', NULL, NULL, 'M');
INSERT INTO credits VALUES(201003, 201624, 'D');
INSERT INTO credits VALUES(201003, 200238, 'A');
INSERT INTO movies VALUES(201004, 'The Super Mario Bros. Movie', 'en', 2023, 90);
INSERT INTO people VALUES(201625, 'Aaron', 'Horvath', NULL, NULL, 'M');
INSERT INTO credits VALUES(201004, 201625, 'D');
INSERT INTO credits VALUES(201004, 200413, 'A');
INSERT INTO movies VALUES(201005, 'Barbie', 'en', 2023, 90);
INSERT INTO people VALUES(201626, 'Greta', 'Gerwig', NULL, NULL, 'M');
INSERT INTO credits VALUES(201005, 201626, 'D');
INSERT INTO credits VALUES(201005, 201296, 'A');
INSERT INTO movies VALUES(201006, 'The Seer', 'en', 2023, 90);
INSERT INTO people VALUES(201627, 'Matthew', 'Oakley', NULL, NULL, 'M');
INSERT INTO credits VALUES(201006, 201627, 'D');
INSERT INTO people VALUES(201628, 'Bianca', 'Bethune', NULL, NULL, 'F');
INSERT INTO credits VALUES(201006, 201628, 'A');
INSERT INTO movies VALUES(201007, 'Spider-Man: Across the Spider-Verse', 'en', 2023, 90);
INSERT INTO people VALUES(201629, 'Kemp', 'Powers', NULL, NULL, 'M');
INSERT INTO credits VALUES(201007, 201629, 'D');
INSERT INTO credits VALUES(201007, 200865, 'A');
INSERT INTO movies VALUES(201008, 'Oppenheimer', 'en', 2023, 90);
INSERT INTO credits VALUES(201008, 200188, 'D');
INSERT INTO people VALUES(201630, 'Cillian', 'Murphy', NULL, NULL, 'M');
INSERT INTO credits VALUES(201008, 201630, 'A');
INSERT INTO movies VALUES(201009, 'Fast X', 'en', 2023, 90);
INSERT INTO credits VALUES(201009, 200004, 'D');
INSERT INTO credits VALUES(201009, 200372, 'A');
INSERT INTO movies VALUES(201010, 'End of Loyalty', 'en', 2023, 90);
INSERT INTO people VALUES(201631, 'Hiroshi', 'Katagiri', NULL, NULL, 'M');
INSERT INTO credits VALUES(201010, 201631, 'D');
INSERT INTO people VALUES(201632, 'Braxton', 'Angle', NULL, NULL, 'M');
INSERT INTO credits VALUES(201010, 201632, 'A');
INSERT INTO movies VALUES(201011, 'Elemental', 'en', 2023, 90);
INSERT INTO people VALUES(201633, 'Peter', 'Sohn', NULL, NULL, 'M');
INSERT INTO credits VALUES(201011, 201633, 'D');
INSERT INTO people VALUES(201634, 'Leah', 'Lewis', NULL, NULL, 'F');
INSERT INTO credits VALUES(201011, 201634, 'A');
INSERT INTO movies VALUES(201012, 'Hi Nanna', 'te', 2023, 90);
INSERT INTO people VALUES(201635, 'Shouryuv', '', NULL, NULL, 'M');
INSERT INTO credits VALUES(201012, 201635, 'D');
INSERT INTO people VALUES(201636, 'Nani', '', NULL, NULL, 'M');
INSERT INTO credits VALUES(201012, 201636, 'A');
INSERT INTO movies VALUES(201013, 'Kelas Bintang - Mangga Muda', 'mi', 2023, 90);
INSERT INTO people VALUES(201637, 'Irwansyah', '', NULL, NULL, 'M');
INSERT INTO credits VALUES(201013, 201637, 'D');
INSERT INTO people VALUES(201638, 'Virly', 'Virginia', NULL, NULL, 'F');
INSERT INTO credits VALUES(201013, 201638, 'A');
INSERT INTO movies VALUES(201014, 'Mission: Impossible - Dead Reckoning Part One', 'en', 2023, 90);
INSERT INTO credits VALUES(201014, 200526, 'D');
INSERT INTO credits VALUES(201014, 200158, 'A');
INSERT INTO movies VALUES(201015, 'Guardians of the Galaxy Vol. 3', 'en', 2023, 90);
INSERT INTO credits VALUES(201015, 200721, 'D');
INSERT INTO credits VALUES(201015, 200413, 'A');
INSERT INTO movies VALUES(201016, 'Today We''ll Talk About That Day', 'id', 2023, 90);
INSERT INTO people VALUES(201639, 'Angga', 'Dwimas Sasongko', NULL, NULL, 'M');
INSERT INTO credits VALUES(201016, 201639, 'D');
INSERT INTO people VALUES(201640, 'Jourdy', 'Pranata', NULL, NULL, 'M');
INSERT INTO credits VALUES(201016, 201640, 'A');
INSERT INTO movies VALUES(201017, 'You Are So Not Invited to My Bat Mitzvah', 'en', 2023, 90);
INSERT INTO people VALUES(201641, 'Sammi', 'Cohen', NULL, NULL, 'M');
INSERT INTO credits VALUES(201017, 201641, 'D');
INSERT INTO people VALUES(201642, 'Sunny', 'Sandler', NULL, NULL, 'F');
INSERT INTO credits VALUES(201017, 201642, 'A');
INSERT INTO movies VALUES(201018, 'The Flash', 'en', 2023, 90);
INSERT INTO credits VALUES(201018, 200067, 'D');
INSERT INTO people VALUES(201643, 'Ezra', 'Miller', NULL, NULL, 'M');
INSERT INTO credits VALUES(201018, 201643, 'A');
INSERT INTO movies VALUES(201019, 'The Little Mermaid', 'en', 2023, 90);
INSERT INTO people VALUES(201644, 'Rob', 'Marshall', NULL, NULL, 'M');
INSERT INTO credits VALUES(201019, 201644, 'D');
INSERT INTO people VALUES(201645, 'Halle', 'Bailey', NULL, NULL, 'F');
INSERT INTO credits VALUES(201019, 201645, 'A');
INSERT INTO movies VALUES(201020, 'Migration', 'en', 2023, 90);
INSERT INTO people VALUES(201646, 'Benjamin', 'Renner', NULL, NULL, 'M');
INSERT INTO credits VALUES(201020, 201646, 'D');
INSERT INTO people VALUES(201647, 'Kumail', 'Nanjiani', NULL, NULL, 'M');
INSERT INTO credits VALUES(201020, 201647, 'A');
INSERT INTO movies VALUES(201021, 'Transformers: Rise of the Beasts', 'en', 2023, 90);
INSERT INTO people VALUES(201648, 'Steven', 'Caple Jr.', NULL, NULL, 'M');
INSERT INTO credits VALUES(201021, 201648, 'D');
INSERT INTO people VALUES(201649, 'Anthony', 'Ramos', NULL, NULL, 'M');
INSERT INTO credits VALUES(201021, 201649, 'A');
INSERT INTO movies VALUES(201022, 'When Will It Be Again Like It Never Was Before', 'de', 2023, 90);
INSERT INTO people VALUES(201650, 'Sonja', 'Heiss', NULL, NULL, 'M');
INSERT INTO credits VALUES(201022, 201650, 'D');
INSERT INTO people VALUES(201651, 'Camille', 'Loup Moltzen', NULL, NULL, 'M');
INSERT INTO credits VALUES(201022, 201651, 'A');
INSERT INTO movies VALUES(201023, 'Les Enfoirés 2023 - Enfoirés un jour, toujours', 'fr', 2023, 90);
INSERT INTO people VALUES(201652, 'Franck', 'Broqua', NULL, NULL, 'M');
INSERT INTO credits VALUES(201023, 201652, 'D');
INSERT INTO people VALUES(201653, 'Amir', '', NULL, NULL, 'M');
INSERT INTO credits VALUES(201023, 201653, 'A');
INSERT INTO movies VALUES(201024, 'The Equalizer 3', 'en', 2023, 90);
INSERT INTO credits VALUES(201024, 200197, 'D');
INSERT INTO credits VALUES(201024, 200198, 'A');
INSERT INTO movies VALUES(201025, 'Indiana Jones and the Dial of Destiny', 'en', 2023, 90);
INSERT INTO credits VALUES(201025, 200724, 'D');
INSERT INTO credits VALUES(201025, 200470, 'A');
INSERT INTO movies VALUES(201026, 'Have You Got It Yet? The Story of Syd Barrett and Pink Floyd', 'en', 2023, 90);
INSERT INTO people VALUES(201654, 'Roddy', 'Bogawa', NULL, NULL, 'M');
INSERT INTO credits VALUES(201026, 201654, 'D');
INSERT INTO people VALUES(201655, 'Syd', 'Barrett', NULL, NULL, 'M');
INSERT INTO credits VALUES(201026, 201655, 'A');
INSERT INTO movies VALUES(201027, 'The Last Kingdom: Seven Kings Must Die', 'en', 2023, 90);
INSERT INTO people VALUES(201656, 'Edward', 'Bazalgette', NULL, NULL, 'M');
INSERT INTO credits VALUES(201027, 201656, 'D');
INSERT INTO people VALUES(201657, 'Alexander', 'Dreymon', NULL, NULL, 'M');
INSERT INTO credits VALUES(201027, 201657, 'A');
INSERT INTO movies VALUES(201028, 'To End All War: Oppenheimer & the Atomic Bomb', 'en', 2023, 90);
INSERT INTO people VALUES(201658, 'Christopher', 'Cassel', NULL, NULL, 'M');
INSERT INTO credits VALUES(201028, 201658, 'D');
INSERT INTO people VALUES(201659, 'J.', 'Robert Oppenheimer', NULL, NULL, 'M');
INSERT INTO credits VALUES(201028, 201659, 'A');
INSERT INTO movies VALUES(201029, 'Un''altra Italia era possibile - Il cinema di Giuseppe De Santis', 'it', 2023, 90);
INSERT INTO people VALUES(201660, 'Steve', 'Della Casa', NULL, NULL, 'M');
INSERT INTO credits VALUES(201029, 201660, 'D');
INSERT INTO people VALUES(201661, 'Giuseppe', 'De Santis', NULL, NULL, 'M');
INSERT INTO credits VALUES(201029, 201661, 'A');
INSERT INTO movies VALUES(201030, 'Onyx the Fortuitous and the Talisman of Souls', 'en', 2023, 90);
INSERT INTO people VALUES(201662, 'Andrew', 'Bowser', NULL, NULL, 'M');
INSERT INTO credits VALUES(201030, 201662, 'D');
INSERT INTO credits VALUES(201030, 201662, 'A');
INSERT INTO movies VALUES(201031, 'Book Club: The Next Chapter', 'en', 2023, 90);
INSERT INTO people VALUES(201663, 'Bill', 'Holderman', NULL, NULL, 'M');
INSERT INTO credits VALUES(201031, 201663, 'D');
INSERT INTO people VALUES(201664, 'Diane', 'Keaton', NULL, NULL, 'F');
INSERT INTO credits VALUES(201031, 201664, 'A');
INSERT INTO movies VALUES(201032, 'I Know When You Dead: Suicide Village', 'id', 2023, 90);
INSERT INTO credits VALUES(201032, 201266, 'D');
INSERT INTO people VALUES(201665, 'Natasha', 'Wilona', NULL, NULL, 'F');
INSERT INTO credits VALUES(201032, 201665, 'A');
INSERT INTO movies VALUES(201033, 'Poor Things', 'en', 2023, 90);
INSERT INTO people VALUES(201666, 'Yorgos', 'Lanthimos', NULL, NULL, 'M');
INSERT INTO credits VALUES(201033, 201666, 'D');
INSERT INTO credits VALUES(201033, 201415, 'A');
INSERT INTO movies VALUES(201034, 'Tous à la Réunion ! La grande fête de l''île intense', 'fr', 2023, 90);
INSERT INTO people VALUES(201667, 'Gérald', 'de Palmas', NULL, NULL, 'M');
INSERT INTO credits VALUES(201034, 201667, 'A');
INSERT INTO movies VALUES(201035, 'Of Living Without Illusion', 'de', 2023, 90);
INSERT INTO people VALUES(201668, 'Katharina', 'Lüdin', NULL, NULL, 'M');
INSERT INTO credits VALUES(201035, 201668, 'D');
INSERT INTO people VALUES(201669, 'Anna', 'Bolk', NULL, NULL, 'M');
INSERT INTO credits VALUES(201035, 201669, 'A');
INSERT INTO movies VALUES(201036, 'How to Blow Up a Pipeline', 'en', 2023, 90);
INSERT INTO people VALUES(201670, 'Daniel', 'Goldhaber', NULL, NULL, 'M');
INSERT INTO credits VALUES(201036, 201670, 'D');
INSERT INTO people VALUES(201671, 'Ariela', 'Barer', NULL, NULL, 'F');
INSERT INTO credits VALUES(201036, 201671, 'A');
INSERT INTO movies VALUES(201037, 'Une Française à Kaboul : L''Aventure d''une vie', 'fr', 2023, 90);
INSERT INTO people VALUES(201672, 'Marie-Pierre', 'Camus', NULL, NULL, 'M');
INSERT INTO credits VALUES(201037, 201672, 'D');
INSERT INTO people VALUES(201673, 'Mathieu', 'Amalric', NULL, NULL, 'M');
INSERT INTO credits VALUES(201037, 201673, 'A');
INSERT INTO movies VALUES(201038, 'Guy Ritchie''s The Covenant', 'en', 2023, 90);
INSERT INTO credits VALUES(201038, 200438, 'D');
INSERT INTO credits VALUES(201038, 200315, 'A');
INSERT INTO movies VALUES(201039, 'Suki', 'tl', 2023, 90);
INSERT INTO people VALUES(201674, 'Albert', 'Langitan', NULL, NULL, 'M');
INSERT INTO credits VALUES(201039, 201674, 'D');
INSERT INTO people VALUES(201675, 'Azi', 'Acosta', NULL, NULL, 'F');
INSERT INTO credits VALUES(201039, 201675, 'A');
INSERT INTO movies VALUES(201040, 'Muchachos, la película de la gente', 'es', 2023, 90);
INSERT INTO people VALUES(201676, 'Jesús', 'Braceras', NULL, NULL, 'M');
INSERT INTO credits VALUES(201040, 201676, 'D');
INSERT INTO people VALUES(201677, 'Guillermo', 'Francella', NULL, NULL, 'M');
INSERT INTO credits VALUES(201040, 201677, 'A');
INSERT INTO movies VALUES(201041, 'Dada', 'ta', 2023, 90);
INSERT INTO people VALUES(201678, 'Ganesh', 'K. Babu', NULL, NULL, 'M');
INSERT INTO credits VALUES(201041, 201678, 'D');
INSERT INTO people VALUES(201679, 'Kavin', 'Raj', NULL, NULL, 'M');
INSERT INTO credits VALUES(201041, 201679, 'A');
INSERT INTO movies VALUES(201042, 'Murphy''s Lore: Origin, Method & Legacy', 'en', 2023, 90);
INSERT INTO people VALUES(201680, 'Mike', 'Reed', NULL, NULL, 'M');
INSERT INTO credits VALUES(201042, 201680, 'D');
INSERT INTO people VALUES(201681, 'Phil', 'Lyndon', NULL, NULL, 'M');
INSERT INTO credits VALUES(201042, 201681, 'A');
INSERT INTO movies VALUES(201043, 'Aquaman and the Lost Kingdom', 'en', 2023, 90);
INSERT INTO credits VALUES(201043, 200006, 'D');
INSERT INTO credits VALUES(201043, 200906, 'A');
INSERT INTO movies VALUES(201044, 'A Greyhound of a Girl', 'it', 2023, 90);
INSERT INTO people VALUES(201682, 'Enzo', 'D''Alò', NULL, NULL, 'M');
INSERT INTO credits VALUES(201044, 201682, 'D');
INSERT INTO people VALUES(201683, 'Charlotte', 'Infussi D''Amico', NULL, NULL, 'M');
INSERT INTO credits VALUES(201044, 201683, 'A');
INSERT INTO movies VALUES(201045, 'Nam June Paik: Moon Is the Oldest TV', 'en', 2023, 90);
INSERT INTO people VALUES(201684, 'Amanda', 'Kim', NULL, NULL, 'M');
INSERT INTO credits VALUES(201045, 201684, 'D');
INSERT INTO people VALUES(201685, 'Steven', 'Yeun', NULL, NULL, 'M');
INSERT INTO credits VALUES(201045, 201685, 'A');
INSERT INTO movies VALUES(201046, 'Pier Paolo Pasolini - Una visione nuova', 'it', 2023, 90);
INSERT INTO people VALUES(201686, 'Giancarlo', 'Scarchilli', NULL, NULL, 'M');
INSERT INTO credits VALUES(201046, 201686, 'D');
INSERT INTO people VALUES(201687, 'Pier', 'Paolo Pasolini', NULL, NULL, 'M');
INSERT INTO credits VALUES(201046, 201687, 'A');
INSERT INTO movies VALUES(201047, 'Nitrate: To the Ghosts of the 75 Lost Philippine Silent Films (1912-1933)', 'tl', 2023, 90);
INSERT INTO people VALUES(201688, 'Khavn', '', NULL, NULL, 'M');
INSERT INTO credits VALUES(201047, 201688, 'D');
INSERT INTO movies VALUES(201048, 'Why Can''t My Life Be a Rom-Com?', 'en', 2023, 90);
INSERT INTO people VALUES(201689, 'Rich', 'Newey', NULL, NULL, 'M');
INSERT INTO credits VALUES(201048, 201689, 'D');
INSERT INTO people VALUES(201690, 'Em', 'Haine', NULL, NULL, 'F');
INSERT INTO credits VALUES(201048, 201690, 'A');
INSERT INTO movies VALUES(201049, 'The Caine Mutiny Court-Martial', 'en', 2023, 90);
INSERT INTO people VALUES(201691, 'William', 'Friedkin', NULL, NULL, 'M');
INSERT INTO credits VALUES(201049, 201691, 'D');
INSERT INTO people VALUES(201692, 'Kiefer', 'Sutherland', NULL, NULL, 'M');
INSERT INTO credits VALUES(201049, 201692, 'A');
INSERT INTO movies VALUES(201050, 'V/H/S/85', 'en', 2023, 90);
INSERT INTO credits VALUES(201050, 200629, 'D');
INSERT INTO people VALUES(201693, 'Alex', 'Galick', NULL, NULL, 'M');
INSERT INTO credits VALUES(201050, 201693, 'A');
INSERT INTO movies VALUES(201051, 'All of Us Strangers', 'en', 2023, 90);
INSERT INTO people VALUES(201694, 'Andrew', 'Haigh', NULL, NULL, 'M');
INSERT INTO credits VALUES(201051, 201694, 'D');
INSERT INTO people VALUES(201695, 'Andrew', 'Scott', NULL, NULL, 'M');
INSERT INTO credits VALUES(201051, 201695, 'A');
INSERT INTO movies VALUES(201052, 'Meg 2: The Trench', 'en', 2023, 90);
INSERT INTO people VALUES(201696, 'Ben', 'Wheatley', NULL, NULL, 'M');
INSERT INTO credits VALUES(201052, 201696, 'D');
INSERT INTO credits VALUES(201052, 200114, 'A');
INSERT INTO movies VALUES(201053, 'A Wu-Tang Experience: Live at Red Rocks Amphitheatre', 'en', 2023, 90);
INSERT INTO people VALUES(201697, 'Gerald', 'K. Barclay', NULL, NULL, 'M');
INSERT INTO credits VALUES(201053, 201697, 'D');
INSERT INTO credits VALUES(201053, 200523, 'A');
INSERT INTO movies VALUES(201054, 'Rendszerhiba - A magyar film el nem mondott története', 'hu', 2023, 90);
INSERT INTO people VALUES(201698, 'Szilárd', 'Kilián Nagy', NULL, NULL, 'M');
INSERT INTO credits VALUES(201054, 201698, 'D');
INSERT INTO people VALUES(201699, 'András', 'Bálint Kovács', NULL, NULL, 'M');
INSERT INTO credits VALUES(201054, 201699, 'A');
INSERT INTO movies VALUES(201055, 'L''Olympia, du rêve à la scène', 'fr', 2023, 90);
INSERT INTO people VALUES(201700, 'Olivier', 'Nathan', NULL, NULL, 'M');
INSERT INTO credits VALUES(201055, 201700, 'D');
INSERT INTO people VALUES(201701, 'Juliette', 'Armanet', NULL, NULL, 'F');
INSERT INTO credits VALUES(201055, 201701, 'A');
INSERT INTO movies VALUES(201056, 'Gran Turismo', 'en', 2023, 90);
INSERT INTO credits VALUES(201056, 200512, 'D');
INSERT INTO people VALUES(201702, 'Archie', 'Madekwe', NULL, NULL, 'M');
INSERT INTO credits VALUES(201056, 201702, 'A');
INSERT INTO movies VALUES(201057, 'Pineapple Pizza and The End of the World', 'pt', 2023, 90);
INSERT INTO people VALUES(201703, 'Pedro', 'Bugarin Rimoli', NULL, NULL, 'M');
INSERT INTO credits VALUES(201057, 201703, 'D');
INSERT INTO people VALUES(201704, 'Marcos', 'Contreras', NULL, NULL, 'M');
INSERT INTO credits VALUES(201057, 201704, 'A');
INSERT INTO movies VALUES(201058, 'Bukannya Aku Tidak Mau Nikah', 'id', 2023, 90);
INSERT INTO credits VALUES(201058, 200278, 'D');
INSERT INTO people VALUES(201705, 'Amanda', 'Rawles', NULL, NULL, 'F');
INSERT INTO credits VALUES(201058, 201705, 'A');
INSERT INTO movies VALUES(201059, 'Domino 23 - Gli ultimi non saranno i primi', 'it', 2023, 90);
INSERT INTO people VALUES(201706, 'Davide', 'Bonacina', NULL, NULL, 'M');
INSERT INTO credits VALUES(201059, 201706, 'D');
INSERT INTO people VALUES(201707, 'Luca', 'Ravenna', NULL, NULL, 'M');
INSERT INTO credits VALUES(201059, 201707, 'A');
INSERT INTO movies VALUES(201060, 'The Night My Dad Saved Christmas', 'es', 2023, 90);
INSERT INTO people VALUES(201708, 'Joaquín', 'Mazón', NULL, NULL, 'M');
INSERT INTO credits VALUES(201060, 201708, 'D');
INSERT INTO credits VALUES(201060, 201093, 'A');
INSERT INTO movies VALUES(201061, 'WAR IS OVER!', 'en', 2023, 90);
INSERT INTO people VALUES(201709, 'Dave', 'Mullins', NULL, NULL, 'M');
INSERT INTO credits VALUES(201061, 201709, 'D');
INSERT INTO movies VALUES(201062, 'Der Zürich-Krimi: Borchert und die Spur der Diamanten', 'de', 2023, 90);
INSERT INTO people VALUES(201710, 'Connie', 'Walther', NULL, NULL, 'M');
INSERT INTO credits VALUES(201062, 201710, 'D');
INSERT INTO credits VALUES(201062, 200872, 'A');
INSERT INTO movies VALUES(201063, 'The Dogsitter (Now That I’m a Ghost)', 'fr', 2023, 90);
INSERT INTO people VALUES(201711, 'Frédéric', 'Bélier-Garcia', NULL, NULL, 'M');
INSERT INTO credits VALUES(201063, 201711, 'D');
INSERT INTO people VALUES(201712, 'Samir', 'Guesmi', NULL, NULL, 'M');
INSERT INTO credits VALUES(201063, 201712, 'A');
INSERT INTO movies VALUES(201064, 'Till the End of the Night', 'de', 2023, 90);
INSERT INTO people VALUES(201713, 'Christoph', 'Hochhäusler', NULL, NULL, 'M');
INSERT INTO credits VALUES(201064, 201713, 'D');
INSERT INTO people VALUES(201714, 'Thea', 'Ehre', NULL, NULL, 'F');
INSERT INTO credits VALUES(201064, 201714, 'A');
INSERT INTO movies VALUES(201065, 'A Long Way to Come Home', 'id', 2023, 90);
INSERT INTO credits VALUES(201065, 201639, 'D');
INSERT INTO people VALUES(201715, 'Sheila', 'Dara', NULL, NULL, 'F');
INSERT INTO credits VALUES(201065, 201715, 'A');
INSERT INTO movies VALUES(201066, 'Joy Is the Acid Test', 'pt', 2023, 90);
INSERT INTO people VALUES(201716, 'Helena', 'Ignez', NULL, NULL, 'M');
INSERT INTO credits VALUES(201066, 201716, 'D');
INSERT INTO credits VALUES(201066, 201716, 'A');
INSERT INTO movies VALUES(201067, 'Lumumba, return of a hero', 'fr', 2023, 90);
INSERT INTO people VALUES(201717, 'Benoît', 'Feyt', NULL, NULL, 'M');
INSERT INTO credits VALUES(201067, 201717, 'D');
INSERT INTO people VALUES(201718, 'Patrice', 'Lumumba', NULL, NULL, 'M');
INSERT INTO credits VALUES(201067, 201718, 'A');
INSERT INTO movies VALUES(201068, 'After Everything', 'en', 2023, 90);
INSERT INTO people VALUES(201719, 'Castille', 'Landon', NULL, NULL, 'M');
INSERT INTO credits VALUES(201068, 201719, 'D');
INSERT INTO people VALUES(201720, 'Hero', 'Fiennes Tiffin', NULL, NULL, 'M');
INSERT INTO credits VALUES(201068, 201720, 'A');
INSERT INTO movies VALUES(201069, 'Richard the Stork and the Mystery of the Great Jewel', 'en', 2023, 90);
INSERT INTO people VALUES(201721, 'Mette', 'Tange', NULL, NULL, 'M');
INSERT INTO credits VALUES(201069, 201721, 'D');
INSERT INTO people VALUES(201722, 'Jonathan', 'Failla', NULL, NULL, 'M');
INSERT INTO credits VALUES(201069, 201722, 'A');
INSERT INTO movies VALUES(201070, 'Killers of the Flower Moon', 'en', 2023, 90);
INSERT INTO credits VALUES(201070, 200002, 'D');
INSERT INTO credits VALUES(201070, 200003, 'A');
INSERT INTO movies VALUES(201071, 'Expend4bles', 'en', 2023, 90);
INSERT INTO people VALUES(201723, 'Scott', 'Waugh', NULL, NULL, 'M');
INSERT INTO credits VALUES(201071, 201723, 'D');
INSERT INTO credits VALUES(201071, 200114, 'A');
INSERT INTO movies VALUES(201072, 'FOUR DAYS FOR FREEDOM: NAPLES 1943', 'it', 2023, 90);
INSERT INTO people VALUES(201724, 'Massimo', 'Ferrari', NULL, NULL, 'M');
INSERT INTO credits VALUES(201072, 201724, 'D');
INSERT INTO people VALUES(201725, 'Massimiliano', 'Gallo', NULL, NULL, 'M');
INSERT INTO credits VALUES(201072, 201725, 'A');
INSERT INTO movies VALUES(201073, 'Anyone But You', 'en', 2023, 90);
INSERT INTO credits VALUES(201073, 200929, 'D');
INSERT INTO credits VALUES(201073, 201373, 'A');
INSERT INTO movies VALUES(201074, 'Ghosted', 'en', 2023, 90);
INSERT INTO people VALUES(201726, 'Dexter', 'Fletcher', NULL, NULL, 'M');
INSERT INTO credits VALUES(201074, 201726, 'D');
INSERT INTO credits VALUES(201074, 200088, 'A');
INSERT INTO movies VALUES(201075, 'Il était une fois... les Contes pour tous', 'fr', 2023, 90);
INSERT INTO people VALUES(201727, 'Jean-François', 'Poisson', NULL, NULL, 'M');
INSERT INTO credits VALUES(201075, 201727, 'D');
INSERT INTO people VALUES(201728, 'Patrick', 'Hivon', NULL, NULL, 'M');
INSERT INTO credits VALUES(201075, 201728, 'A');
INSERT INTO movies VALUES(201076, 'The Holdovers', 'en', 2023, 90);
INSERT INTO people VALUES(201729, 'Alexander', 'Payne', NULL, NULL, 'M');
INSERT INTO credits VALUES(201076, 201729, 'D');
INSERT INTO people VALUES(201730, 'Paul', 'Giamatti', NULL, NULL, 'M');
INSERT INTO credits VALUES(201076, 201730, 'A');
INSERT INTO movies VALUES(201077, 'The Many Faces of Jim Carey', 'en', 2023, 90);
INSERT INTO credits VALUES(201077, 201472, 'D');
INSERT INTO people VALUES(201731, 'Johnny', 'Carson', NULL, NULL, 'M');
INSERT INTO credits VALUES(201077, 201731, 'A');
INSERT INTO movies VALUES(201078, 'The Fabelmans: A Family in Film', 'en', 2023, 90);
INSERT INTO credits VALUES(201078, 200124, 'D');
INSERT INTO credits VALUES(201078, 200125, 'A');
INSERT INTO movies VALUES(201079, 'Making The Flash: Worlds Collide', 'en', 2023, 90);
INSERT INTO credits VALUES(201079, 201097, 'D');
INSERT INTO credits VALUES(201079, 200067, 'A');
INSERT INTO movies VALUES(201080, 'Just for Laughs: The Gala Specials - Chelsea Handler', 'en', 2023, 90);
INSERT INTO people VALUES(201732, 'Shelagh', 'O''Brien', NULL, NULL, 'M');
INSERT INTO credits VALUES(201080, 201732, 'D');
INSERT INTO people VALUES(201733, 'Chelsea', 'Handler', NULL, NULL, 'F');
INSERT INTO credits VALUES(201080, 201733, 'A');
INSERT INTO movies VALUES(201081, 'War of the Worlds: The Attack', 'en', 2023, 90);
INSERT INTO people VALUES(201734, 'Junaid', 'Syed', NULL, NULL, 'M');
INSERT INTO credits VALUES(201081, 201734, 'D');
INSERT INTO credits VALUES(201081, 201271, 'A');
INSERT INTO movies VALUES(201082, 'Saltburn', 'en', 2023, 90);
INSERT INTO credits VALUES(201082, 200998, 'D');
INSERT INTO people VALUES(201735, 'Barry', 'Keoghan', NULL, NULL, 'M');
INSERT INTO credits VALUES(201082, 201735, 'A');
INSERT INTO movies VALUES(201083, 'Monster', 'ja', 2023, 90);
INSERT INTO people VALUES(201736, 'Hirokazu', 'Kore-eda', NULL, NULL, 'M');
INSERT INTO credits VALUES(201083, 201736, 'D');
INSERT INTO people VALUES(201737, 'Soya', 'Kurokawa', NULL, NULL, 'M');
INSERT INTO credits VALUES(201083, 201737, 'A');
INSERT INTO movies VALUES(201084, 'From Introduction to Orson Welles’s Falstaff: Chimes at Midnight', 'en', 2023, 90);
INSERT INTO credits VALUES(201084, 200612, 'D');
INSERT INTO people VALUES(201738, 'Orson', 'Welles', NULL, NULL, 'M');
INSERT INTO credits VALUES(201084, 201738, 'A');
INSERT INTO movies VALUES(201085, 'Muzzle', 'en', 2023, 90);
INSERT INTO people VALUES(201739, 'John', 'Stalberg Jr.', NULL, NULL, 'M');
INSERT INTO credits VALUES(201085, 201739, 'D');
INSERT INTO people VALUES(201740, 'Aaron', 'Eckhart', NULL, NULL, 'M');
INSERT INTO credits VALUES(201085, 201740, 'A');
INSERT INTO movies VALUES(201086, 'Evil Dead Rise', 'en', 2023, 90);
INSERT INTO people VALUES(201741, 'Lee', 'Cronin', NULL, NULL, 'M');
INSERT INTO credits VALUES(201086, 201741, 'D');
INSERT INTO people VALUES(201742, 'Lily', 'Sullivan', NULL, NULL, 'F');
INSERT INTO credits VALUES(201086, 201742, 'A');
INSERT INTO movies VALUES(201087, 'Der Zürich-Krimi: Borchert und der Mord ohne Sühne', 'de', 2023, 90);
INSERT INTO credits VALUES(201087, 200872, 'A');
INSERT INTO movies VALUES(201088, 'File VL-624', 'en', 2023, 90);
INSERT INTO people VALUES(201743, 'Robbie', 'Banfitch', NULL, NULL, 'M');
INSERT INTO credits VALUES(201088, 201743, 'D');
INSERT INTO credits VALUES(201088, 201743, 'A');
INSERT INTO movies VALUES(201089, 'Red, White & Royal Blue', 'en', 2023, 90);
INSERT INTO people VALUES(201744, 'Matthew', 'López', NULL, NULL, 'M');
INSERT INTO credits VALUES(201089, 201744, 'D');
INSERT INTO people VALUES(201745, 'Taylor', 'Zakhar Perez', NULL, NULL, 'M');
INSERT INTO credits VALUES(201089, 201745, 'A');
INSERT INTO movies VALUES(201090, 'Reunión 10 años – No se aceptan devoluciones', 'es', 2023, 90);
INSERT INTO people VALUES(201746, 'Eugenio', 'Derbez', NULL, NULL, 'M');
INSERT INTO credits VALUES(201090, 201746, 'D');
INSERT INTO credits VALUES(201090, 201746, 'A');
INSERT INTO movies VALUES(201091, 'As If It''s True', 'tl', 2023, 90);
INSERT INTO people VALUES(201747, 'John', 'Rogers', NULL, NULL, 'M');
INSERT INTO credits VALUES(201091, 201747, 'D');
INSERT INTO people VALUES(201748, 'Khalil', 'Ramos', NULL, NULL, 'M');
INSERT INTO credits VALUES(201091, 201748, 'A');
INSERT INTO movies VALUES(201092, 'Sugapa', 'tl', 2023, 90);
INSERT INTO people VALUES(201749, 'Lawrence', 'Fajardo', NULL, NULL, 'M');
INSERT INTO credits VALUES(201092, 201749, 'D');
INSERT INTO people VALUES(201750, 'AJ', 'Raval', NULL, NULL, 'F');
INSERT INTO credits VALUES(201092, 201750, 'A');
INSERT INTO movies VALUES(201093, 'After Death', 'en', 2023, 90);
INSERT INTO people VALUES(201751, 'Chris', 'Radtke', NULL, NULL, 'M');
INSERT INTO credits VALUES(201093, 201751, 'D');
INSERT INTO people VALUES(201752, 'Koko', 'Marshall', NULL, NULL, 'F');
INSERT INTO credits VALUES(201093, 201752, 'A');
INSERT INTO movies VALUES(201094, 'Miguel Wants to Fight', 'en', 2023, 90);
INSERT INTO people VALUES(201753, 'Oz', 'Rodríguez', NULL, NULL, 'M');
INSERT INTO credits VALUES(201094, 201753, 'D');
INSERT INTO people VALUES(201754, 'Tyler', 'Dean Flores', NULL, NULL, 'M');
INSERT INTO credits VALUES(201094, 201754, 'A');
INSERT INTO movies VALUES(201095, 'Trolls Band Together', 'en', 2023, 90);
INSERT INTO people VALUES(201755, 'Walt', 'Dohrn', NULL, NULL, 'M');
INSERT INTO credits VALUES(201095, 201755, 'D');
INSERT INTO credits VALUES(201095, 200688, 'A');
INSERT INTO movies VALUES(201096, 'Aristotle and Dante Discover the Secrets of the Universe', 'en', 2023, 90);
INSERT INTO people VALUES(201756, 'Aitch', 'Alberto', NULL, NULL, 'M');
INSERT INTO credits VALUES(201096, 201756, 'D');
INSERT INTO people VALUES(201757, 'Max', 'Pelayo', NULL, NULL, 'M');
INSERT INTO credits VALUES(201096, 201757, 'A');
INSERT INTO movies VALUES(201097, 'The Madness Express', 'fr', 2023, 90);
INSERT INTO people VALUES(201758, 'Olivier', 'Van Hoofstadt', NULL, NULL, 'M');
INSERT INTO credits VALUES(201097, 201758, 'D');
INSERT INTO people VALUES(201759, 'Artus', '', NULL, NULL, 'M');
INSERT INTO credits VALUES(201097, 201759, 'A');
INSERT INTO movies VALUES(201098, 'The Teacher Who Promised the Sea', 'es', 2023, 90);
INSERT INTO people VALUES(201760, 'Patricia', 'Font', NULL, NULL, 'M');
INSERT INTO credits VALUES(201098, 201760, 'D');
INSERT INTO people VALUES(201761, 'Enric', 'Auquer', NULL, NULL, 'M');
INSERT INTO credits VALUES(201098, 201761, 'A');
INSERT INTO movies VALUES(201099, 'Napoleon', 'en', 2023, 90);
INSERT INTO credits VALUES(201099, 200379, 'D');
INSERT INTO credits VALUES(201099, 200009, 'A');
INSERT INTO movies VALUES(201100, 'Bureau 749', 'zh', 2024, 90);
INSERT INTO people VALUES(201762, 'Lu', 'Chuan', NULL, NULL, 'M');
INSERT INTO credits VALUES(201100, 201762, 'D');
INSERT INTO people VALUES(201763, 'Karry', 'Wang', NULL, NULL, 'M');
INSERT INTO credits VALUES(201100, 201763, 'A');
INSERT INTO movies VALUES(201101, 'High Forces', 'zh', 2024, 90);
INSERT INTO people VALUES(201764, 'Oxide', 'Pang Chun', NULL, NULL, 'M');
INSERT INTO credits VALUES(201101, 201764, 'D');
INSERT INTO people VALUES(201765, 'Andy', 'Lau', NULL, NULL, 'M');
INSERT INTO credits VALUES(201101, 201765, 'A');
INSERT INTO movies VALUES(201102, 'Bramayugam', 'ml', 2024, 90);
INSERT INTO people VALUES(201766, 'Rahul', 'Sadasivan', NULL, NULL, 'M');
INSERT INTO credits VALUES(201102, 201766, 'D');
INSERT INTO people VALUES(201767, 'Arjun', 'Ashokan', NULL, NULL, 'M');
INSERT INTO credits VALUES(201102, 201767, 'A');
INSERT INTO movies VALUES(201103, 'A Legend', 'zh', 2024, 90);
INSERT INTO people VALUES(201768, 'Stanley', 'Tong Gwai-Lai', NULL, NULL, 'M');
INSERT INTO credits VALUES(201103, 201768, 'D');
INSERT INTO people VALUES(201769, 'Jackie', 'Chan', NULL, NULL, 'M');
INSERT INTO credits VALUES(201103, 201769, 'A');
INSERT INTO movies VALUES(201104, 'Art of Eight Limbs', 'en', 2024, 90);
INSERT INTO people VALUES(201770, 'Robert', 'Grasmere', NULL, NULL, 'M');
INSERT INTO credits VALUES(201104, 201770, 'D');
INSERT INTO people VALUES(201771, 'Ludi', 'Lin', NULL, NULL, 'M');
INSERT INTO credits VALUES(201104, 201771, 'A');
INSERT INTO movies VALUES(201105, 'Succubus', 'en', 2024, 90);
INSERT INTO people VALUES(201772, 'R.J.', 'Daniel Hanna', NULL, NULL, 'M');
INSERT INTO credits VALUES(201105, 201772, 'D');
INSERT INTO people VALUES(201773, 'Brendan', 'Bradley', NULL, NULL, 'M');
INSERT INTO credits VALUES(201105, 201773, 'A');
INSERT INTO movies VALUES(201106, 'The Prosecutor', 'cn', 2024, 90);
INSERT INTO people VALUES(201774, 'Donnie', 'Yen', NULL, NULL, 'M');
INSERT INTO credits VALUES(201106, 201774, 'D');
INSERT INTO credits VALUES(201106, 201774, 'A');
INSERT INTO movies VALUES(201107, 'Wicked', 'en', 2024, 90);
INSERT INTO credits VALUES(201107, 200545, 'D');
INSERT INTO people VALUES(201775, 'Cynthia', 'Erivo', NULL, NULL, 'F');
INSERT INTO credits VALUES(201107, 201775, 'A');
INSERT INTO movies VALUES(201108, 'Kulong', 'tl', 2024, 90);
INSERT INTO people VALUES(201776, 'Sigrid', 'Polon', NULL, NULL, 'M');
INSERT INTO credits VALUES(201108, 201776, 'D');
INSERT INTO people VALUES(201777, 'Jenn', 'Rosa', NULL, NULL, 'F');
INSERT INTO credits VALUES(201108, 201777, 'A');
INSERT INTO movies VALUES(201109, 'Operation Blood Hunt', 'en', 2024, 90);
INSERT INTO people VALUES(201778, 'Louis', 'Mandylor', NULL, NULL, 'M');
INSERT INTO credits VALUES(201109, 201778, 'D');
INSERT INTO people VALUES(201779, 'Jonathan', 'Rhys Meyers', NULL, NULL, 'M');
INSERT INTO credits VALUES(201109, 201779, 'A');
INSERT INTO movies VALUES(201110, 'The Storm', 'zh', 2024, 90);
INSERT INTO people VALUES(201780, 'Busifan', '', NULL, NULL, 'M');
INSERT INTO credits VALUES(201110, 201780, 'D');
INSERT INTO people VALUES(201781, 'Chen', 'Hao', NULL, NULL, 'M');
INSERT INTO credits VALUES(201110, 201781, 'A');
INSERT INTO movies VALUES(201111, 'EKS', 'tl', 2024, 90);
INSERT INTO people VALUES(201782, 'Roman', 'Perez Jr.', NULL, NULL, 'M');
INSERT INTO credits VALUES(201111, 201782, 'D');
INSERT INTO people VALUES(201783, 'Yen', 'Renee Durano', NULL, NULL, 'F');
INSERT INTO credits VALUES(201111, 201783, 'A');
INSERT INTO movies VALUES(201112, 'Laberinto de sombras', 'es', 2024, 90);
INSERT INTO people VALUES(201784, 'Alfredo', 'Contreras', NULL, NULL, 'M');
INSERT INTO credits VALUES(201112, 201784, 'D');
INSERT INTO people VALUES(201785, 'Allende', 'García', NULL, NULL, 'M');
INSERT INTO credits VALUES(201112, 201785, 'A');
INSERT INTO movies VALUES(201113, 'Inside Out 2', 'en', 2024, 90);
INSERT INTO people VALUES(201786, 'Kelsey', 'Mann', NULL, NULL, 'M');
INSERT INTO credits VALUES(201113, 201786, 'D');
INSERT INTO credits VALUES(201113, 200374, 'A');
INSERT INTO movies VALUES(201114, 'Furiosa: A Mad Max Saga', 'en', 2024, 90);
INSERT INTO credits VALUES(201114, 200385, 'D');
INSERT INTO people VALUES(201787, 'Anya', 'Taylor-Joy', NULL, NULL, 'F');
INSERT INTO credits VALUES(201114, 201787, 'A');
INSERT INTO movies VALUES(201115, 'Sweet Dreams', 'en', 2024, 90);
INSERT INTO people VALUES(201788, 'Lije', 'Sarki', NULL, NULL, 'M');
INSERT INTO credits VALUES(201115, 201788, 'D');
INSERT INTO people VALUES(201789, 'Johnny', 'Knoxville', NULL, NULL, 'M');
INSERT INTO credits VALUES(201115, 201789, 'A');
INSERT INTO movies VALUES(201116, 'Deadpool & Wolverine', 'en', 2024, 90);
INSERT INTO credits VALUES(201116, 200362, 'D');
INSERT INTO credits VALUES(201116, 200549, 'A');
INSERT INTO movies VALUES(201117, 'Spithood', 'en', 2024, 90);
INSERT INTO people VALUES(201790, 'Tim', 'Pine', NULL, NULL, 'M');
INSERT INTO credits VALUES(201117, 201790, 'D');
INSERT INTO people VALUES(201791, 'Thibul', 'Nettle', NULL, NULL, 'M');
INSERT INTO credits VALUES(201117, 201791, 'A');
INSERT INTO movies VALUES(201118, 'Abyss', 'fr', 2024, 90);
INSERT INTO people VALUES(201792, 'Juan', 'Carlos Medina', NULL, NULL, 'M');
INSERT INTO credits VALUES(201118, 201792, 'D');
INSERT INTO people VALUES(201793, 'Sami', 'Bouajila', NULL, NULL, 'M');
INSERT INTO credits VALUES(201118, 201793, 'A');
INSERT INTO movies VALUES(201119, 'Red One', 'en', 2024, 90);
INSERT INTO credits VALUES(201119, 201124, 'D');
INSERT INTO credits VALUES(201119, 201092, 'A');
INSERT INTO movies VALUES(201120, 'Pacific Fear', 'fr', 2024, 90);
INSERT INTO people VALUES(201794, 'Jacques', 'Kluger', NULL, NULL, 'M');
INSERT INTO credits VALUES(201120, 201794, 'D');
INSERT INTO people VALUES(201795, 'Adèle', 'Galloy', NULL, NULL, 'F');
INSERT INTO credits VALUES(201120, 201795, 'A');
INSERT INTO movies VALUES(201121, 'Sonic the Hedgehog 3', 'en', 2024, 90);
INSERT INTO credits VALUES(201121, 201187, 'D');
INSERT INTO people VALUES(201796, 'Jim', 'Carrey', NULL, NULL, 'M');
INSERT INTO credits VALUES(201121, 201796, 'A');
INSERT INTO movies VALUES(201122, 'Lover', 'ta', 2024, 90);
INSERT INTO people VALUES(201797, 'Prabhuram', 'Vyas', NULL, NULL, 'M');
INSERT INTO credits VALUES(201122, 201797, 'D');
INSERT INTO people VALUES(201798, 'Manikandan', '', NULL, NULL, 'M');
INSERT INTO credits VALUES(201122, 201798, 'A');
INSERT INTO movies VALUES(201123, 'Moana 2', 'en', 2024, 90);
INSERT INTO people VALUES(201799, 'David', 'G. Derrick Jr.', NULL, NULL, 'M');
INSERT INTO credits VALUES(201123, 201799, 'D');
INSERT INTO people VALUES(201800, 'Auliʻi', 'Cravalho', NULL, NULL, 'F');
INSERT INTO credits VALUES(201123, 201800, 'A');
INSERT INTO movies VALUES(201124, 'The Wild Robot', 'en', 2024, 90);
INSERT INTO credits VALUES(201124, 201313, 'D');
INSERT INTO people VALUES(201801, 'Lupita', 'Nyong''o', NULL, NULL, 'F');
INSERT INTO credits VALUES(201124, 201801, 'A');
INSERT INTO movies VALUES(201125, 'Marco', 'ml', 2024, 90);
INSERT INTO people VALUES(201802, 'Haneef', 'Adeni', NULL, NULL, 'M');
INSERT INTO credits VALUES(201125, 201802, 'D');
INSERT INTO people VALUES(201803, 'Unni', 'Mukundan', NULL, NULL, 'M');
INSERT INTO credits VALUES(201125, 201803, 'A');
INSERT INTO movies VALUES(201126, 'Martin', 'kn', 2024, 90);
INSERT INTO people VALUES(201804, 'A.', 'P. Arjun', NULL, NULL, 'M');
INSERT INTO credits VALUES(201126, 201804, 'D');
INSERT INTO people VALUES(201805, 'Dhruva', 'Sarja', NULL, NULL, 'M');
INSERT INTO credits VALUES(201126, 201805, 'A');
INSERT INTO movies VALUES(201127, 'Venom: The Last Dance', 'en', 2024, 90);
INSERT INTO people VALUES(201806, 'Kelly', 'Marcel', NULL, NULL, 'M');
INSERT INTO credits VALUES(201127, 201806, 'D');
INSERT INTO credits VALUES(201127, 200386, 'A');
INSERT INTO movies VALUES(201128, 'Kraven the Hunter', 'en', 2024, 90);
INSERT INTO people VALUES(201807, 'J.C.', 'Chandor', NULL, NULL, 'M');
INSERT INTO credits VALUES(201128, 201807, 'D');
INSERT INTO people VALUES(201808, 'Aaron', 'Taylor-Johnson', NULL, NULL, 'M');
INSERT INTO credits VALUES(201128, 201808, 'A');
INSERT INTO movies VALUES(201129, 'Striking Rescue', 'zh', 2024, 90);
INSERT INTO people VALUES(201809, 'Cheng', 'Siyi', NULL, NULL, 'M');
INSERT INTO credits VALUES(201129, 201809, 'D');
INSERT INTO people VALUES(201810, 'Tony', 'Jaa', NULL, NULL, 'M');
INSERT INTO credits VALUES(201129, 201810, 'A');
INSERT INTO movies VALUES(201130, 'Flow', 'lv', 2024, 90);
INSERT INTO people VALUES(201811, 'Gints', 'Zilbalodis', NULL, NULL, 'M');
INSERT INTO credits VALUES(201130, 201811, 'D');
INSERT INTO movies VALUES(201131, 'Despicable Me 4', 'en', 2024, 90);
INSERT INTO credits VALUES(201131, 200063, 'D');
INSERT INTO credits VALUES(201131, 200064, 'A');
INSERT INTO movies VALUES(201132, 'Ask Me What You Want', 'es', 2024, 90);
INSERT INTO people VALUES(201812, 'Lucía', 'Alemany', NULL, NULL, 'M');
INSERT INTO credits VALUES(201132, 201812, 'D');
INSERT INTO people VALUES(201813, 'Gabriela', 'Andrada', NULL, NULL, 'F');
INSERT INTO credits VALUES(201132, 201813, 'A');
INSERT INTO movies VALUES(201133, 'Dune: Part Two', 'en', 2024, 90);
INSERT INTO credits VALUES(201133, 200073, 'D');
INSERT INTO credits VALUES(201133, 201322, 'A');
INSERT INTO movies VALUES(201134, 'Your Fault', 'es', 2024, 90);
INSERT INTO credits VALUES(201134, 201622, 'D');
INSERT INTO credits VALUES(201134, 201623, 'A');
INSERT INTO movies VALUES(201135, 'Godzilla x Kong: The New Empire', 'en', 2024, 90);
INSERT INTO people VALUES(201814, 'Adam', 'Wingard', NULL, NULL, 'M');
INSERT INTO credits VALUES(201135, 201814, 'D');
INSERT INTO people VALUES(201815, 'Rebecca', 'Hall', NULL, NULL, 'F');
INSERT INTO credits VALUES(201135, 201815, 'A');
INSERT INTO movies VALUES(201136, 'Kung Fu Panda 4', 'en', 2024, 90);
INSERT INTO credits VALUES(201136, 200687, 'D');
INSERT INTO people VALUES(201816, 'Jack', 'Black', NULL, NULL, 'M');
INSERT INTO credits VALUES(201136, 201816, 'A');
INSERT INTO movies VALUES(201137, 'Witchy Ways', 'en', 2024, 90);
INSERT INTO people VALUES(201817, 'Jane', 'Clark', NULL, NULL, 'M');
INSERT INTO credits VALUES(201137, 201817, 'D');
INSERT INTO people VALUES(201818, 'Diora', 'Baird', NULL, NULL, 'F');
INSERT INTO credits VALUES(201137, 201818, 'A');
INSERT INTO movies VALUES(201138, 'Mufasa: The Lion King', 'en', 2024, 90);
INSERT INTO people VALUES(201819, 'Barry', 'Jenkins', NULL, NULL, 'M');
INSERT INTO credits VALUES(201138, 201819, 'D');
INSERT INTO people VALUES(201820, 'Aaron', 'Pierre', NULL, NULL, 'M');
INSERT INTO credits VALUES(201138, 201820, 'A');
INSERT INTO movies VALUES(201139, 'Rita', 'tl', 2024, 90);
INSERT INTO people VALUES(201821, 'Christine', 'Bermas', NULL, NULL, 'F');
INSERT INTO credits VALUES(201139, 201821, 'A');
INSERT INTO movies VALUES(201140, 'Kingdom of the Planet of the Apes', 'en', 2024, 90);
INSERT INTO credits VALUES(201140, 200193, 'D');
INSERT INTO people VALUES(201822, 'Owen', 'Teague', NULL, NULL, 'M');
INSERT INTO credits VALUES(201140, 201822, 'A');
INSERT INTO movies VALUES(201141, 'The Substance', 'en', 2024, 90);
INSERT INTO people VALUES(201823, 'Coralie', 'Fargeat', NULL, NULL, 'M');
INSERT INTO credits VALUES(201141, 201823, 'D');
INSERT INTO people VALUES(201824, 'Demi', 'Moore', NULL, NULL, 'F');
INSERT INTO credits VALUES(201141, 201824, 'A');
INSERT INTO movies VALUES(201142, 'Night Shift', 'es', 2024, 90);
INSERT INTO people VALUES(201825, 'Rigoberto', 'Castañeda', NULL, NULL, 'M');
INSERT INTO credits VALUES(201142, 201825, 'D');
INSERT INTO people VALUES(201826, 'Paulina', 'Gaitán', NULL, NULL, 'F');
INSERT INTO credits VALUES(201142, 201826, 'A');
INSERT INTO movies VALUES(201143, 'Bad Boys: Ride or Die', 'en', 2024, 90);
INSERT INTO people VALUES(201827, 'Adil', 'El Arbi', NULL, NULL, 'M');
INSERT INTO credits VALUES(201143, 201827, 'D');
INSERT INTO credits VALUES(201143, 201085, 'A');
INSERT INTO movies VALUES(201144, 'Young Hearts', 'nl', 2024, 90);
INSERT INTO people VALUES(201828, 'Anthony', 'Schatteman', NULL, NULL, 'M');
INSERT INTO credits VALUES(201144, 201828, 'D');
INSERT INTO people VALUES(201829, 'Lou', 'Goossens', NULL, NULL, 'M');
INSERT INTO credits VALUES(201144, 201829, 'A');
INSERT INTO movies VALUES(201145, 'First Taste', 'tl', 2024, 90);
INSERT INTO credits VALUES(201145, 201782, 'D');
INSERT INTO credits VALUES(201145, 201442, 'A');
INSERT INTO movies VALUES(201146, 'The Day the Earth Blew Up: A Looney Tunes Movie', 'en', 2024, 90);
INSERT INTO people VALUES(201830, 'Peter', 'Browngardt', NULL, NULL, 'M');
INSERT INTO credits VALUES(201146, 201830, 'D');
INSERT INTO people VALUES(201831, 'Eric', 'Bauza', NULL, NULL, 'M');
INSERT INTO credits VALUES(201146, 201831, 'A');
INSERT INTO movies VALUES(201147, 'Django Undisputed', 'it', 2024, 90);
INSERT INTO people VALUES(201832, 'Claudio', 'Del Falco', NULL, NULL, 'M');
INSERT INTO credits VALUES(201147, 201832, 'D');
INSERT INTO credits VALUES(201147, 201832, 'A');
INSERT INTO movies VALUES(201148, 'Wake', 'en', 2024, 90);
INSERT INTO people VALUES(201833, 'Thom', 'Arizmendi', NULL, NULL, 'M');
INSERT INTO credits VALUES(201148, 201833, 'D');
INSERT INTO people VALUES(201834, 'Fivel', 'Stewart', NULL, NULL, 'F');
INSERT INTO credits VALUES(201148, 201834, 'A');
INSERT INTO movies VALUES(201149, 'Fury 12 Hours', 'zh', 2024, 90);
INSERT INTO people VALUES(201835, 'Wu', 'Hao', NULL, NULL, 'M');
INSERT INTO credits VALUES(201149, 201835, 'D');
INSERT INTO people VALUES(201836, 'Andy', 'On', NULL, NULL, 'M');
INSERT INTO credits VALUES(201149, 201836, 'A');
INSERT INTO movies VALUES(201150, 'Alien: Romulus', 'en', 2024, 90);
INSERT INTO people VALUES(201837, 'Fede', 'Álvarez', NULL, NULL, 'M');
INSERT INTO credits VALUES(201150, 201837, 'D');
INSERT INTO people VALUES(201838, 'Cailee', 'Spaeny', NULL, NULL, 'F');
INSERT INTO credits VALUES(201150, 201838, 'A');
INSERT INTO movies VALUES(201151, 'How to Date Billy Walsh', 'en', 2024, 90);
INSERT INTO people VALUES(201839, 'Alex', 'Pillai', NULL, NULL, 'M');
INSERT INTO credits VALUES(201151, 201839, 'D');
INSERT INTO people VALUES(201840, 'Sebastian', 'Croft', NULL, NULL, 'M');
INSERT INTO credits VALUES(201151, 201840, 'A');
INSERT INTO movies VALUES(201152, 'Apocalypse Z: The Beginning of the End', 'es', 2024, 90);
INSERT INTO people VALUES(201841, 'Carles', 'Torrens', NULL, NULL, 'M');
INSERT INTO credits VALUES(201152, 201841, 'D');
INSERT INTO people VALUES(201842, 'Francisco', 'Ortiz', NULL, NULL, 'M');
INSERT INTO credits VALUES(201152, 201842, 'A');
INSERT INTO movies VALUES(201153, 'Justice League: Crisis on Infinite Earths Part Three', 'en', 2024, 90);
INSERT INTO people VALUES(201843, 'Jeff', 'Wamester', NULL, NULL, 'M');
INSERT INTO credits VALUES(201153, 201843, 'D');
INSERT INTO people VALUES(201844, 'Jensen', 'Ackles', NULL, NULL, 'M');
INSERT INTO credits VALUES(201153, 201844, 'A');
INSERT INTO movies VALUES(201154, 'Gladiator II', 'en', 2024, 90);
INSERT INTO credits VALUES(201154, 200379, 'D');
INSERT INTO people VALUES(201845, 'Paul', 'Mescal', NULL, NULL, 'M');
INSERT INTO credits VALUES(201154, 201845, 'A');
INSERT INTO movies VALUES(201155, 'Justice League: Crisis on Infinite Earths Part One', 'en', 2024, 90);
INSERT INTO credits VALUES(201155, 201843, 'D');
INSERT INTO people VALUES(201846, 'Matt', 'Bomer', NULL, NULL, 'M');
INSERT INTO credits VALUES(201155, 201846, 'A');
INSERT INTO movies VALUES(201156, 'The Beekeeper', 'en', 2024, 90);
INSERT INTO credits VALUES(201156, 200202, 'D');
INSERT INTO credits VALUES(201156, 200114, 'A');
INSERT INTO movies VALUES(201157, 'May I Speak with the Enemy?', 'es', 2024, 90);
INSERT INTO people VALUES(201847, 'Alexis', 'Morante', NULL, NULL, 'M');
INSERT INTO credits VALUES(201157, 201847, 'D');
INSERT INTO people VALUES(201848, 'Óscar', 'Lasarte', NULL, NULL, 'M');
INSERT INTO credits VALUES(201157, 201848, 'A');
INSERT INTO movies VALUES(201158, 'Kiskisan', 'tl', 2024, 90);
INSERT INTO people VALUES(201849, 'Bobby', 'Bonifacio', NULL, NULL, 'M');
INSERT INTO credits VALUES(201158, 201849, 'D');
INSERT INTO people VALUES(201850, 'Apple', 'Dy', NULL, NULL, 'F');
INSERT INTO credits VALUES(201158, 201850, 'A');
INSERT INTO movies VALUES(201159, 'The Strangers: Chapter 1', 'en', 2024, 90);
INSERT INTO people VALUES(201851, 'Renny', 'Harlin', NULL, NULL, 'M');
INSERT INTO credits VALUES(201159, 201851, 'D');
INSERT INTO people VALUES(201852, 'Madelaine', 'Petsch', NULL, NULL, 'F');
INSERT INTO credits VALUES(201159, 201852, 'A');
INSERT INTO movies VALUES(201160, 'Defying Gravity: The Curtain Rises on Wicked', 'en', 2024, 90);
INSERT INTO people VALUES(201853, 'Julia', 'Knowles', NULL, NULL, 'M');
INSERT INTO credits VALUES(201160, 201853, 'D');
INSERT INTO credits VALUES(201160, 201775, 'A');
INSERT INTO movies VALUES(201161, 'La Lucha Invade el Cine Mexicano', 'pt', 2024, 90);
INSERT INTO people VALUES(201854, 'Jonathan', 'Rodrigues', NULL, NULL, 'M');
INSERT INTO credits VALUES(201161, 201854, 'D');
INSERT INTO people VALUES(201855, 'Luciano', 'de Miranda', NULL, NULL, 'M');
INSERT INTO credits VALUES(201161, 201855, 'A');
INSERT INTO movies VALUES(201162, 'Anora', 'en', 2024, 90);
INSERT INTO people VALUES(201856, 'Sean', 'Baker', NULL, NULL, 'M');
INSERT INTO credits VALUES(201162, 201856, 'D');
INSERT INTO people VALUES(201857, 'Mikey', 'Madison', NULL, NULL, 'F');
INSERT INTO credits VALUES(201162, 201857, 'A');
INSERT INTO movies VALUES(201163, 'The Garfield Movie', 'en', 2024, 90);
INSERT INTO people VALUES(201858, 'Mark', 'Dindal', NULL, NULL, 'M');
INSERT INTO credits VALUES(201163, 201858, 'D');
INSERT INTO credits VALUES(201163, 200413, 'A');
INSERT INTO movies VALUES(201164, 'Anaconda', 'zh', 2024, 90);
INSERT INTO people VALUES(201859, 'Xiang', 'Qiuliang', NULL, NULL, 'M');
INSERT INTO credits VALUES(201164, 201859, 'D');
INSERT INTO people VALUES(201860, 'Nita', 'Xia', NULL, NULL, 'F');
INSERT INTO credits VALUES(201164, 201860, 'A');
INSERT INTO movies VALUES(201165, 'Tyler Perry''s Divorce in the Black', 'en', 2024, 90);
INSERT INTO people VALUES(201861, 'Tyler', 'Perry', NULL, NULL, 'M');
INSERT INTO credits VALUES(201165, 201861, 'D');
INSERT INTO people VALUES(201862, 'Meagan', 'Good', NULL, NULL, 'F');
INSERT INTO credits VALUES(201165, 201862, 'A');
INSERT INTO movies VALUES(201166, 'Nosferatu', 'en', 2024, 90);
INSERT INTO people VALUES(201863, 'Robert', 'Eggers', NULL, NULL, 'M');
INSERT INTO credits VALUES(201166, 201863, 'D');
INSERT INTO people VALUES(201864, 'Lily-Rose', 'Depp', NULL, NULL, 'F');
INSERT INTO credits VALUES(201166, 201864, 'A');
INSERT INTO movies VALUES(201167, 'Solo Leveling -ReAwakening-', 'ja', 2024, 90);
INSERT INTO people VALUES(201865, 'Shunsuke', 'Nakashige', NULL, NULL, 'M');
INSERT INTO credits VALUES(201167, 201865, 'D');
INSERT INTO people VALUES(201866, 'Taito', 'Ban', NULL, NULL, 'M');
INSERT INTO credits VALUES(201167, 201866, 'A');
INSERT INTO movies VALUES(201168, 'Captain Avispa', 'es', 2024, 90);
INSERT INTO people VALUES(201867, 'Jean', 'Gabriel Guerra', NULL, NULL, 'M');
INSERT INTO credits VALUES(201168, 201867, 'D');
INSERT INTO people VALUES(201868, 'Luis', 'Fonsi', NULL, NULL, 'M');
INSERT INTO credits VALUES(201168, 201868, 'A');
INSERT INTO movies VALUES(201169, 'Fuuto PI: The Portrait of Kamen Rider Skull', 'ja', 2024, 90);
INSERT INTO people VALUES(201869, 'Yosuke', 'Kabashima', NULL, NULL, 'M');
INSERT INTO credits VALUES(201169, 201869, 'D');
INSERT INTO people VALUES(201870, 'Kenjiro', 'Tsuda', NULL, NULL, 'M');
INSERT INTO credits VALUES(201169, 201870, 'A');
INSERT INTO movies VALUES(201170, 'A Dream Called Khushi', 'en', 2024, 90);
INSERT INTO people VALUES(201871, 'Rishabh', 'Raj Jain', NULL, NULL, 'M');
INSERT INTO credits VALUES(201170, 201871, 'D');
INSERT INTO people VALUES(201872, 'Rahima', '''Khushi'' Akter', NULL, NULL, 'M');
INSERT INTO credits VALUES(201170, 201872, 'A');
INSERT INTO movies VALUES(201171, 'The Initiated: Written from the Shadows', 'es', 2024, 90);
INSERT INTO people VALUES(201873, 'Carlos', 'Moreno', NULL, NULL, 'M');
INSERT INTO credits VALUES(201171, 201873, 'D');
INSERT INTO people VALUES(201874, 'Andrés', 'Parra', NULL, NULL, 'M');
INSERT INTO credits VALUES(201171, 201874, 'A');
INSERT INTO movies VALUES(201172, 'The Book', 'es', 2024, 90);
INSERT INTO people VALUES(201875, 'Bernardo', 'Hernández', NULL, NULL, 'M');
INSERT INTO credits VALUES(201172, 201875, 'D');
INSERT INTO people VALUES(201876, 'Nahia', 'Laiz', NULL, NULL, 'F');
INSERT INTO credits VALUES(201172, 201876, 'A');
INSERT INTO movies VALUES(201173, 'Justice League: Crisis on Infinite Earths Part Two', 'en', 2024, 90);
INSERT INTO credits VALUES(201173, 201843, 'D');
INSERT INTO credits VALUES(201173, 201844, 'A');
INSERT INTO movies VALUES(201174, 'Civil War', 'en', 2024, 90);
INSERT INTO people VALUES(201877, 'Alex', 'Garland', NULL, NULL, 'M');
INSERT INTO credits VALUES(201174, 201877, 'D');
INSERT INTO people VALUES(201878, 'Kirsten', 'Dunst', NULL, NULL, 'F');
INSERT INTO credits VALUES(201174, 201878, 'A');
INSERT INTO movies VALUES(201175, 'Angels Fallen: Warriors of Peace', 'en', 2024, 90);
INSERT INTO people VALUES(201879, 'Ali', 'Zamani', NULL, NULL, 'M');
INSERT INTO credits VALUES(201175, 201879, 'D');
INSERT INTO people VALUES(201880, 'Josh', 'Burdett', NULL, NULL, 'M');
INSERT INTO credits VALUES(201175, 201880, 'A');
INSERT INTO movies VALUES(201176, 'Balinsasayaw', 'tl', 2024, 90);
INSERT INTO people VALUES(201881, 'Rodante', 'Pajemna Jr.', NULL, NULL, 'M');
INSERT INTO credits VALUES(201176, 201881, 'D');
INSERT INTO credits VALUES(201176, 201850, 'A');
INSERT INTO movies VALUES(201177, 'ClearMind', 'en', 2024, 90);
INSERT INTO people VALUES(201882, 'Rebecca', 'Eskreis', NULL, NULL, 'M');
INSERT INTO credits VALUES(201177, 201882, 'D');
INSERT INTO people VALUES(201883, 'Rebecca', 'Creskoff', NULL, NULL, 'F');
INSERT INTO credits VALUES(201177, 201883, 'A');
INSERT INTO movies VALUES(201178, 'The People In The Walls', 'en', 2024, 90);
INSERT INTO people VALUES(201884, 'Michael', 'Crum', NULL, NULL, 'M');
INSERT INTO credits VALUES(201178, 201884, 'D');
INSERT INTO people VALUES(201885, 'Natalia', 'Santacoloma', NULL, NULL, 'F');
INSERT INTO credits VALUES(201178, 201885, 'A');
INSERT INTO movies VALUES(201179, 'American Music Awards 50th Anniversary Special', 'en', 2024, 90);
INSERT INTO people VALUES(201886, 'Brad', 'Paisley', NULL, NULL, 'M');
INSERT INTO credits VALUES(201179, 201886, 'A');
INSERT INTO movies VALUES(201180, 'Terrifier 3', 'en', 2024, 90);
INSERT INTO people VALUES(201887, 'Damien', 'Leone', NULL, NULL, 'M');
INSERT INTO credits VALUES(201180, 201887, 'D');
INSERT INTO people VALUES(201888, 'Lauren', 'LaVera', NULL, NULL, 'F');
INSERT INTO credits VALUES(201180, 201888, 'A');
INSERT INTO movies VALUES(201181, 'God & Country: The Rise of Christian Nationalism', 'en', 2024, 90);
INSERT INTO people VALUES(201889, 'Dan', 'Partland', NULL, NULL, 'M');
INSERT INTO credits VALUES(201181, 201889, 'D');
INSERT INTO people VALUES(201890, 'David', 'French', NULL, NULL, 'M');
INSERT INTO credits VALUES(201181, 201890, 'A');
INSERT INTO movies VALUES(201182, '18×2 Beyond Youthful Days', 'zh', 2024, 90);
INSERT INTO people VALUES(201891, 'Michihito', 'Fujii', NULL, NULL, 'M');
INSERT INTO credits VALUES(201182, 201891, 'D');
INSERT INTO people VALUES(201892, 'Greg', 'Hsu', NULL, NULL, 'M');
INSERT INTO credits VALUES(201182, 201892, 'A');
INSERT INTO movies VALUES(201183, 'A Quiet Place: Day One', 'en', 2024, 90);
INSERT INTO people VALUES(201893, 'Michael', 'Sarnoski', NULL, NULL, 'M');
INSERT INTO credits VALUES(201183, 201893, 'D');
INSERT INTO credits VALUES(201183, 201801, 'A');
INSERT INTO movies VALUES(201184, 'Survive', 'fr', 2024, 90);
INSERT INTO people VALUES(201894, 'Frédéric', 'Jardin', NULL, NULL, 'M');
INSERT INTO credits VALUES(201184, 201894, 'D');
INSERT INTO people VALUES(201895, 'Émilie', 'Dequenne', NULL, NULL, 'F');
INSERT INTO credits VALUES(201184, 201895, 'A');
INSERT INTO movies VALUES(201185, 'Damsel', 'en', 2024, 90);
INSERT INTO people VALUES(201896, 'Juan', 'Carlos Fresnadillo', NULL, NULL, 'M');
INSERT INTO credits VALUES(201185, 201896, 'D');
INSERT INTO people VALUES(201897, 'Millie', 'Bobby Brown', NULL, NULL, 'F');
INSERT INTO credits VALUES(201185, 201897, 'A');
INSERT INTO movies VALUES(201186, 'From Darkness', 'sv', 2024, 90);
INSERT INTO people VALUES(201898, 'Philip', 'W. da Silva', NULL, NULL, 'M');
INSERT INTO credits VALUES(201186, 201898, 'D');
INSERT INTO people VALUES(201899, 'Rakel', 'Benér', NULL, NULL, 'F');
INSERT INTO credits VALUES(201186, 201899, 'A');
INSERT INTO movies VALUES(201187, 'Stockholm Bloodbath', 'en', 2024, 90);
INSERT INTO people VALUES(201900, 'Mikael', 'Håfström', NULL, NULL, 'M');
INSERT INTO credits VALUES(201187, 201900, 'D');
INSERT INTO people VALUES(201901, 'Sophie', 'Cookson', NULL, NULL, 'F');
INSERT INTO credits VALUES(201187, 201901, 'A');
INSERT INTO movies VALUES(201188, 'Babygirl', 'en', 2024, 90);
INSERT INTO people VALUES(201902, 'Halina', 'Reijn', NULL, NULL, 'M');
INSERT INTO credits VALUES(201188, 201902, 'D');
INSERT INTO people VALUES(201903, 'Nicole', 'Kidman', NULL, NULL, 'F');
INSERT INTO credits VALUES(201188, 201903, 'A');
INSERT INTO movies VALUES(201189, 'Butchers Book Two: Raghorn', 'en', 2024, 90);
INSERT INTO people VALUES(201904, 'Adrian', 'Langley', NULL, NULL, 'M');
INSERT INTO credits VALUES(201189, 201904, 'D');
INSERT INTO people VALUES(201905, 'Nick', 'Biskupek', NULL, NULL, 'M');
INSERT INTO credits VALUES(201189, 201905, 'A');
INSERT INTO movies VALUES(201190, 'My Cousin the Sexologist 2', 'es', 2024, 90);
INSERT INTO people VALUES(201906, 'Miguel', 'Chávez', NULL, NULL, 'M');
INSERT INTO credits VALUES(201190, 201906, 'D');
INSERT INTO people VALUES(201907, 'Stephanie', 'Herela', NULL, NULL, 'F');
INSERT INTO credits VALUES(201190, 201907, 'A');
INSERT INTO movies VALUES(201191, 'Heretic', 'en', 2024, 90);
INSERT INTO people VALUES(201908, 'Scott', 'Beck', NULL, NULL, 'M');
INSERT INTO credits VALUES(201191, 201908, 'D');
INSERT INTO people VALUES(201909, 'Hugh', 'Grant', NULL, NULL, 'M');
INSERT INTO credits VALUES(201191, 201909, 'A');
INSERT INTO movies VALUES(201192, 'Dirty Angels', 'en', 2024, 90);
INSERT INTO people VALUES(201910, 'Martin', 'Campbell', NULL, NULL, 'M');
INSERT INTO credits VALUES(201192, 201910, 'D');
INSERT INTO people VALUES(201911, 'Eva', 'Green', NULL, NULL, 'F');
INSERT INTO credits VALUES(201192, 201911, 'A');
INSERT INTO movies VALUES(201193, 'The Roundup: Punishment', 'ko', 2024, 90);
INSERT INTO people VALUES(201912, 'Heo', 'Myeong-haeng', NULL, NULL, 'M');
INSERT INTO credits VALUES(201193, 201912, 'D');
INSERT INTO credits VALUES(201193, 201131, 'A');
INSERT INTO movies VALUES(201194, 'The Idea of You', 'en', 2024, 90);
INSERT INTO people VALUES(201913, 'Michael', 'Showalter', NULL, NULL, 'M');
INSERT INTO credits VALUES(201194, 201913, 'D');
INSERT INTO people VALUES(201914, 'Anne', 'Hathaway', NULL, NULL, 'F');
INSERT INTO credits VALUES(201194, 201914, 'A');
INSERT INTO movies VALUES(201195, 'Mormon Mom Gone Wrong: The Ruby Franke Story', 'en', 2024, 90);
INSERT INTO credits VALUES(201195, 200516, 'D');
INSERT INTO people VALUES(201915, 'Heather', 'Locklear', NULL, NULL, 'F');
INSERT INTO credits VALUES(201195, 201915, 'A');
INSERT INTO movies VALUES(201196, 'De Grote Sinterklaasfilm: Stampij in de bakkerij', 'nl', 2024, 90);
INSERT INTO people VALUES(201916, 'Lucio', 'Messercola', NULL, NULL, 'M');
INSERT INTO credits VALUES(201196, 201916, 'D');
INSERT INTO people VALUES(201917, 'Robert', 'ten Brink', NULL, NULL, 'M');
INSERT INTO credits VALUES(201196, 201917, 'A');
INSERT INTO movies VALUES(201197, 'C''era una volta il Derby Club', 'it', 2024, 90);
INSERT INTO credits VALUES(201197, 200227, 'D');
INSERT INTO people VALUES(201918, 'Elio', '', NULL, NULL, 'M');
INSERT INTO credits VALUES(201197, 201918, 'A');
INSERT INTO movies VALUES(201198, 'How Kids Roll', 'it', 2024, 90);
INSERT INTO people VALUES(201919, 'Loris', 'Lai', NULL, NULL, 'M');
INSERT INTO credits VALUES(201198, 201919, 'D');
INSERT INTO people VALUES(201920, 'Marwan', 'Hamdan', NULL, NULL, 'M');
INSERT INTO credits VALUES(201198, 201920, 'A');
INSERT INTO movies VALUES(201199, 'Transformers One', 'en', 2024, 90);
INSERT INTO credits VALUES(201199, 201127, 'D');
INSERT INTO credits VALUES(201199, 200072, 'A');

COMMIT;
