-- Auto-generated update for Project 2
BEGIN;

INSERT INTO movies VALUES(200000, 'Frozen', 'en', 2013, 90);
INSERT INTO people VALUES(200000, 'Chris', 'Buck', NULL, NULL, 'M');
INSERT INTO credits VALUES(200000, 200000, 'D');
INSERT INTO movies VALUES(200001, 'The Wolf of Wall Street', 'en', 2013, 90);
INSERT INTO people VALUES(200001, 'Martin', 'Scorsese', NULL, NULL, 'M');
INSERT INTO credits VALUES(200001, 200001, 'D');
INSERT INTO movies VALUES(200002, 'Now You See Me', 'en', 2013, 90);
INSERT INTO people VALUES(200002, 'Louis', 'Leterrier', NULL, NULL, 'M');
INSERT INTO credits VALUES(200002, 200002, 'D');
INSERT INTO movies VALUES(200003, 'The Conjuring', 'en', 2013, 90);
INSERT INTO people VALUES(200003, 'James', 'Wan', NULL, NULL, 'M');
INSERT INTO credits VALUES(200003, 200003, 'D');
INSERT INTO movies VALUES(200004, 'Her', 'en', 2013, 90);
INSERT INTO people VALUES(200004, 'Spike', 'Jonze', NULL, NULL, 'M');
INSERT INTO credits VALUES(200004, 200004, 'D');
INSERT INTO movies VALUES(200005, 'The Haunting in Connecticut 2: Ghosts of Georgia', 'en', 2013, 90);
INSERT INTO people VALUES(200005, 'Tom', 'Elkins', NULL, NULL, 'M');
INSERT INTO credits VALUES(200005, 200005, 'D');
INSERT INTO movies VALUES(200006, 'Iron Man 3', 'en', 2013, 90);
INSERT INTO people VALUES(200006, 'Shane', 'Black', NULL, NULL, 'M');
INSERT INTO credits VALUES(200006, 200006, 'D');
INSERT INTO movies VALUES(200007, 'And Now a Word from Our Sponsor', 'en', 2013, 90);
INSERT INTO people VALUES(200007, 'Zack', 'Bernbaum', NULL, NULL, 'M');
INSERT INTO credits VALUES(200007, 200007, 'D');
INSERT INTO movies VALUES(200008, 'No Half Measures: Creating the Final Season of Breaking Bad', 'en', 2013, 90);
INSERT INTO people VALUES(200008, 'Stuart', 'Richardson', NULL, NULL, 'M');
INSERT INTO credits VALUES(200008, 200008, 'D');
INSERT INTO movies VALUES(200009, 'The Hobbit: The Desolation of Smaug', 'en', 2013, 90);
INSERT INTO people VALUES(200009, 'Peter', 'Jackson', NULL, NULL, 'M');
INSERT INTO credits VALUES(200009, 200009, 'D');
INSERT INTO movies VALUES(200010, 'The Outsider: The Cinema of Antonio Margheriti', 'en', 2013, 90);
INSERT INTO people VALUES(200010, 'Edoardo', 'Margheriti', NULL, NULL, 'M');
INSERT INTO credits VALUES(200010, 200010, 'D');
INSERT INTO movies VALUES(200011, 'The Luck of the Ugly The Beauty Does Not Desire', 'es', 2013, 90);
INSERT INTO people VALUES(200011, 'Aurora', 'Martínez', NULL, NULL, 'M');
INSERT INTO credits VALUES(200011, 200011, 'D');
INSERT INTO movies VALUES(200012, 'Zip & Zap and the Marble Gang', 'es', 2013, 90);
INSERT INTO people VALUES(200012, 'Oskar', 'Santos', NULL, NULL, 'M');
INSERT INTO credits VALUES(200012, 200012, 'D');
INSERT INTO movies VALUES(200013, 'V/H/S/2', 'en', 2013, 90);
INSERT INTO people VALUES(200013, 'Simon', 'Barrett', NULL, NULL, 'M');
INSERT INTO credits VALUES(200013, 200013, 'D');
INSERT INTO movies VALUES(200014, 'Batman: The Dark Knight Returns, Part 2', 'en', 2013, 90);
INSERT INTO people VALUES(200014, 'Jay', 'Oliva', NULL, NULL, 'M');
INSERT INTO credits VALUES(200014, 200014, 'D');
INSERT INTO movies VALUES(200015, 'That Thing You Love', 'es', 2013, 90);
INSERT INTO people VALUES(200015, 'Alvaro', 'Velarde', NULL, NULL, 'M');
INSERT INTO credits VALUES(200015, 200015, 'D');
INSERT INTO movies VALUES(200016, 'The Murder in Angel Lane', 'en', 2013, 90);
INSERT INTO people VALUES(200016, 'Christopher', 'Menaul', NULL, NULL, 'M');
INSERT INTO credits VALUES(200016, 200016, 'D');
INSERT INTO movies VALUES(200017, 'House of Anubis: The Touchstone of Ra', 'en', 2013, 90);
INSERT INTO people VALUES(200017, 'Angelo', 'Abela', NULL, NULL, 'M');
INSERT INTO credits VALUES(200017, 200017, 'D');
INSERT INTO movies VALUES(200018, 'TPB AFK: The Pirate Bay - Away from Keyboard', 'sv', 2013, 90);
INSERT INTO people VALUES(200018, 'Simon', 'Klose', NULL, NULL, 'M');
INSERT INTO credits VALUES(200018, 200018, 'D');
INSERT INTO movies VALUES(200019, 'Man of Steel', 'en', 2013, 90);
INSERT INTO people VALUES(200019, 'Zack', 'Snyder', NULL, NULL, 'M');
INSERT INTO credits VALUES(200019, 200019, 'D');
INSERT INTO movies VALUES(200020, 'The Fire Rises: The Creation and Impact of The Dark Knight Trilogy', 'en', 2013, 90);
INSERT INTO people VALUES(200020, 'Jason', 'Hillhouse', NULL, NULL, 'M');
INSERT INTO credits VALUES(200020, 200020, 'D');
INSERT INTO movies VALUES(200021, 'The Smurfs: The Legend of Smurfy Hollow', 'en', 2013, 90);
INSERT INTO people VALUES(200021, 'Stephan', 'Franck', NULL, NULL, 'M');
INSERT INTO credits VALUES(200021, 200021, 'D');
INSERT INTO movies VALUES(200022, 'Grown Ups 2', 'en', 2013, 90);
INSERT INTO people VALUES(200022, 'Dennis', 'Dugan', NULL, NULL, 'M');
INSERT INTO credits VALUES(200022, 200022, 'D');
INSERT INTO movies VALUES(200023, 'Comment j''ai détesté les maths', 'fr', 2013, 90);
INSERT INTO people VALUES(200023, 'Olivier', 'Peyon', NULL, NULL, 'M');
INSERT INTO credits VALUES(200023, 200023, 'D');
INSERT INTO movies VALUES(200024, 'The World’s End: The Legacy of ''Day of the Dead''', 'en', 2013, 90);
INSERT INTO people VALUES(200024, 'Michael', 'Felsher', NULL, NULL, 'M');
INSERT INTO credits VALUES(200024, 200024, 'D');
INSERT INTO movies VALUES(200025, 'Pacific Rim', 'en', 2013, 90);
INSERT INTO people VALUES(200025, 'Guillermo', 'Toro', NULL, NULL, 'M');
INSERT INTO credits VALUES(200025, 200025, 'D');
INSERT INTO movies VALUES(200026, 'Queens of Jazz: The Joy and Pain of the Jazz Divas', 'en', 2013, 90);
INSERT INTO people VALUES(200026, 'Chris', 'Rodley', NULL, NULL, 'M');
INSERT INTO credits VALUES(200026, 200026, 'D');
INSERT INTO movies VALUES(200027, 'Don''t Go In The Backwoods - Rural Rampages and the Horror Film', 'en', 2013, 90);
INSERT INTO people VALUES(200027, 'Calum', 'Waddell', NULL, NULL, 'M');
INSERT INTO credits VALUES(200027, 200027, 'D');
INSERT INTO movies VALUES(200028, 'The Smurfs 2', 'en', 2013, 90);
INSERT INTO people VALUES(200028, 'Raja', 'Gosnell', NULL, NULL, 'M');
INSERT INTO credits VALUES(200028, 200028, 'D');
INSERT INTO movies VALUES(200029, 'Pleasure Spa', 'en', 2013, 90);
INSERT INTO people VALUES(200029, 'Jim', 'Wynorski', NULL, NULL, 'M');
INSERT INTO credits VALUES(200029, 200029, 'D');
INSERT INTO movies VALUES(200030, 'The Adventurer: The Curse of the Midas Box', 'en', 2013, 90);
INSERT INTO people VALUES(200030, 'Jonathan', 'Newman', NULL, NULL, 'M');
INSERT INTO credits VALUES(200030, 200030, 'D');
INSERT INTO movies VALUES(200031, 'Move Me Brightly - Celebrating Jerry Garcia''s 70th Birthday', 'en', 2013, 90);
INSERT INTO people VALUES(200031, 'Justin', 'Kreutzmann', NULL, NULL, 'M');
INSERT INTO credits VALUES(200031, 200031, 'D');
INSERT INTO movies VALUES(200032, 'Despicable Me 2', 'en', 2013, 90);
INSERT INTO people VALUES(200032, 'Chris', 'Renaud', NULL, NULL, 'M');
INSERT INTO credits VALUES(200032, 200032, 'D');
INSERT INTO movies VALUES(200033, 'Between Night and Day', 'es', 2013, 90);
INSERT INTO people VALUES(200033, 'Bernardo', 'Arellano', NULL, NULL, 'M');
INSERT INTO credits VALUES(200033, 200033, 'D');
INSERT INTO movies VALUES(200034, 'Mama', 'en', 2013, 90);
INSERT INTO people VALUES(200034, 'Andy', 'Muschietti', NULL, NULL, 'M');
INSERT INTO credits VALUES(200034, 200034, 'D');
INSERT INTO movies VALUES(200035, 'When Calls the Heart', 'en', 2013, 90);
INSERT INTO people VALUES(200035, 'Michael', 'Jr.', NULL, NULL, 'M');
INSERT INTO credits VALUES(200035, 200035, 'D');
INSERT INTO movies VALUES(200036, 'Thor: The Dark World', 'en', 2013, 90);
INSERT INTO people VALUES(200036, 'Alan', 'Taylor', NULL, NULL, 'M');
INSERT INTO credits VALUES(200036, 200036, 'D');
INSERT INTO movies VALUES(200037, 'Prisoners', 'en', 2013, 90);
INSERT INTO people VALUES(200037, 'Denis', 'Villeneuve', NULL, NULL, 'M');
INSERT INTO credits VALUES(200037, 200037, 'D');
INSERT INTO movies VALUES(200038, 'World War Z', 'en', 2013, 90);
INSERT INTO people VALUES(200038, 'Marc', 'Forster', NULL, NULL, 'M');
INSERT INTO credits VALUES(200038, 200038, 'D');
INSERT INTO movies VALUES(200039, 'I Don''t Know Whether to Slit My Wrists or Leave Them Long', 'es', 2013, 90);
INSERT INTO people VALUES(200039, 'Manolo', 'Caro', NULL, NULL, 'M');
INSERT INTO credits VALUES(200039, 200039, 'D');
INSERT INTO movies VALUES(200040, 'Seventh Code', 'ja', 2013, 90);
INSERT INTO people VALUES(200040, 'Kiyoshi', 'Kurosawa', NULL, NULL, 'M');
INSERT INTO credits VALUES(200040, 200040, 'D');
INSERT INTO movies VALUES(200041, 'I am not a great actor', 'fr', 2013, 90);
INSERT INTO people VALUES(200041, 'Jean-Guillaume', 'Bastien', NULL, NULL, 'M');
INSERT INTO credits VALUES(200041, 200041, 'D');
INSERT INTO movies VALUES(200042, 'Dr. Frankenstein''s Wax Museum of the Hungry Dead', 'en', 2013, 90);
INSERT INTO people VALUES(200042, 'Richard', 'Griffin', NULL, NULL, 'M');
INSERT INTO credits VALUES(200042, 200042, 'D');
INSERT INTO movies VALUES(200043, 'The Improv: 50 Years Behind the Brick Wall', 'en', 2013, 90);
INSERT INTO movies VALUES(200044, 'A World Beyond', 'de', 2013, 90);
INSERT INTO people VALUES(200043, 'Heidi', 'Kranz', NULL, NULL, 'M');
INSERT INTO credits VALUES(200044, 200043, 'D');
INSERT INTO movies VALUES(200045, 'Snowpiercer', 'ko', 2013, 90);
INSERT INTO people VALUES(200044, 'Bong', 'Ho', NULL, NULL, 'M');
INSERT INTO credits VALUES(200045, 200044, 'D');
INSERT INTO movies VALUES(200046, 'The Croods', 'en', 2013, 90);
INSERT INTO people VALUES(200045, 'Kirk', 'DeMicco', NULL, NULL, 'M');
INSERT INTO credits VALUES(200046, 200045, 'D');
INSERT INTO movies VALUES(200047, 'Nymphomaniac: Vol. II', 'en', 2013, 90);
INSERT INTO people VALUES(200046, 'Lars', 'Trier', NULL, NULL, 'M');
INSERT INTO credits VALUES(200047, 200046, 'D');
INSERT INTO movies VALUES(200048, 'The Purge', 'en', 2013, 90);
INSERT INTO people VALUES(200047, 'James', 'DeMonaco', NULL, NULL, 'M');
INSERT INTO credits VALUES(200048, 200047, 'D');
INSERT INTO movies VALUES(200049, 'Der Ring des Nibelungen: Die Tetralogie an einem Abend mit Marionetten und Menschen', 'en', 2013, 90);
INSERT INTO movies VALUES(200050, 'The Wiggles: Go Santa Go', 'en', 2013, 90);
INSERT INTO people VALUES(200048, 'Paul', 'Field', NULL, NULL, 'M');
INSERT INTO credits VALUES(200050, 200048, 'D');
INSERT INTO movies VALUES(200051, 'Insidious: Chapter 2', 'en', 2013, 90);
INSERT INTO credits VALUES(200051, 200003, 'D');
INSERT INTO movies VALUES(200052, 'After the Death of Volker Figge', 'de', 2013, 90);
INSERT INTO people VALUES(200049, 'Mujtaba', 'Saeed', NULL, NULL, 'M');
INSERT INTO credits VALUES(200052, 200049, 'D');
INSERT INTO movies VALUES(200053, 'About Time', 'en', 2013, 90);
INSERT INTO people VALUES(200050, 'Richard', 'Curtis', NULL, NULL, 'M');
INSERT INTO credits VALUES(200053, 200050, 'D');
INSERT INTO movies VALUES(200054, 'Ein Sommer in Portugal', 'de', 2013, 90);
INSERT INTO people VALUES(200051, 'Michael', 'Keusch', NULL, NULL, 'M');
INSERT INTO credits VALUES(200054, 200051, 'D');
INSERT INTO movies VALUES(200055, 'Alpha and Omega 2: A Howl-iday Adventure', 'en', 2013, 90);
INSERT INTO people VALUES(200052, 'Richard', 'Rich', NULL, NULL, 'M');
INSERT INTO credits VALUES(200055, 200052, 'D');
INSERT INTO movies VALUES(200056, 'Ce sera tout pour aujourd''hui', 'fr', 2013, 90);
INSERT INTO people VALUES(200053, 'Élodie', 'Navarre', NULL, NULL, 'M');
INSERT INTO credits VALUES(200056, 200053, 'D');
INSERT INTO movies VALUES(200057, 'The Ultimate Life', 'en', 2013, 90);
INSERT INTO credits VALUES(200057, 200035, 'D');
INSERT INTO movies VALUES(200058, 'The Mortal Instruments: City of Bones', 'en', 2013, 90);
INSERT INTO people VALUES(200054, 'Harald', 'Zwart', NULL, NULL, 'M');
INSERT INTO credits VALUES(200058, 200054, 'D');
INSERT INTO movies VALUES(200059, 'Mein Sommer ''88 - Wie die Stars die DDR rockten', 'de', 2013, 90);
INSERT INTO people VALUES(200055, 'Daniel', 'Remsperger', NULL, NULL, 'M');
INSERT INTO credits VALUES(200059, 200055, 'D');
INSERT INTO movies VALUES(200060, 'Homefront', 'en', 2013, 90);
INSERT INTO people VALUES(200056, 'Gary', 'Fleder', NULL, NULL, 'M');
INSERT INTO credits VALUES(200060, 200056, 'D');
INSERT INTO movies VALUES(200061, 'Final Recipe', 'en', 2013, 90);
INSERT INTO people VALUES(200057, 'Gina', 'Kim', NULL, NULL, 'M');
INSERT INTO credits VALUES(200061, 200057, 'D');
INSERT INTO movies VALUES(200062, 'My Time with Terror with Jamie Lee Curtis', 'en', 2013, 90);
INSERT INTO movies VALUES(200063, 'Fighting for a Generation: 20 Years of the UFC', 'en', 2013, 90);
INSERT INTO people VALUES(200058, 'Adam', 'Condal', NULL, NULL, 'M');
INSERT INTO credits VALUES(200063, 200058, 'D');
INSERT INTO movies VALUES(200064, '12 Years a Slave', 'en', 2013, 90);
INSERT INTO people VALUES(200059, 'Steve', 'McQueen', NULL, NULL, 'M');
INSERT INTO credits VALUES(200064, 200059, 'D');
INSERT INTO movies VALUES(200065, 'Monsters University', 'en', 2013, 90);
INSERT INTO people VALUES(200060, 'Dan', 'Scanlon', NULL, NULL, 'M');
INSERT INTO credits VALUES(200065, 200060, 'D');
INSERT INTO movies VALUES(200066, 'Don''t Say No Until I Finish Talking: The Story of Richard D. Zanuck', 'en', 2013, 90);
INSERT INTO people VALUES(200061, 'Laurent', 'Bouzereau', NULL, NULL, 'M');
INSERT INTO credits VALUES(200066, 200061, 'D');
INSERT INTO movies VALUES(200067, 'Ninpuu Sentai Hurricaneger: 10 YEARS AFTER', 'ja', 2013, 90);
INSERT INTO people VALUES(200062, 'Katsuya', 'Watanabe', NULL, NULL, 'M');
INSERT INTO credits VALUES(200067, 200062, 'D');
INSERT INTO movies VALUES(200068, 'The Arrested Development Documentary Project', 'en', 2013, 90);
INSERT INTO people VALUES(200063, 'Jeff', 'Smith', NULL, NULL, 'M');
INSERT INTO credits VALUES(200068, 200063, 'D');
INSERT INTO movies VALUES(200069, 'Aashiqui 2', 'hi', 2013, 90);
INSERT INTO people VALUES(200064, 'Mohit', 'Suri', NULL, NULL, 'M');
INSERT INTO credits VALUES(200069, 200064, 'D');
INSERT INTO movies VALUES(200070, 'Shortcuts to Hell: Volume 1', 'en', 2013, 90);
INSERT INTO people VALUES(200065, 'Alex', 'Chandon', NULL, NULL, 'M');
INSERT INTO credits VALUES(200070, 200065, 'D');
INSERT INTO movies VALUES(200071, 'Java Heat', 'en', 2013, 90);
INSERT INTO people VALUES(200066, 'Conor', 'Allyn', NULL, NULL, 'M');
INSERT INTO credits VALUES(200071, 200066, 'D');
INSERT INTO movies VALUES(200072, 'Rush', 'en', 2013, 90);
INSERT INTO people VALUES(200067, 'Ron', 'Howard', NULL, NULL, 'M');
INSERT INTO credits VALUES(200072, 200067, 'D');
INSERT INTO movies VALUES(200073, 'Rodgers and Hammerstein''s Carousel: Live from Lincoln Center', 'en', 2013, 90);
INSERT INTO people VALUES(200068, 'Glenn', 'Weiss', NULL, NULL, 'M');
INSERT INTO credits VALUES(200073, 200068, 'D');
INSERT INTO movies VALUES(200074, 'It Boy', 'fr', 2013, 90);
INSERT INTO people VALUES(200069, 'David', 'Moreau', NULL, NULL, 'M');
INSERT INTO credits VALUES(200074, 200069, 'D');
INSERT INTO movies VALUES(200075, 'I Thought It Was a Party', 'es', 2013, 90);
INSERT INTO people VALUES(200070, 'Victoria', 'Galardi', NULL, NULL, 'M');
INSERT INTO credits VALUES(200075, 200070, 'D');
INSERT INTO movies VALUES(200076, 'The Hunger Games: Catching Fire', 'en', 2013, 90);
INSERT INTO people VALUES(200071, 'Francis', 'Lawrence', NULL, NULL, 'M');
INSERT INTO credits VALUES(200076, 200071, 'D');
INSERT INTO movies VALUES(200077, 'Once Upon a Time... ''The Discreet Charm of the Bourgeoisie''', 'fr', 2013, 90);
INSERT INTO people VALUES(200072, 'Anne', 'Andreu', NULL, NULL, 'M');
INSERT INTO credits VALUES(200077, 200072, 'D');
INSERT INTO movies VALUES(200078, 'If These Knishes Could Talk: The Story of the NY Accent', 'en', 2013, 90);
INSERT INTO people VALUES(200073, 'Heather', 'Quinlan', NULL, NULL, 'M');
INSERT INTO credits VALUES(200078, 200073, 'D');
INSERT INTO movies VALUES(200079, 'Mobília em Casa – Móveis Coloniais de Acaju e a Cidade', 'pt', 2013, 90);
INSERT INTO people VALUES(200074, 'José', 'Belmonte', NULL, NULL, 'M');
INSERT INTO credits VALUES(200079, 200074, 'D');
INSERT INTO movies VALUES(200080, 'Return to Nim''s Island', 'en', 2013, 90);
INSERT INTO people VALUES(200075, 'Brendan', 'Maher', NULL, NULL, 'M');
INSERT INTO credits VALUES(200080, 200075, 'D');
INSERT INTO movies VALUES(200081, 'Adjust Your Tracking: The Untold Story of the VHS Collector', 'en', 2013, 90);
INSERT INTO people VALUES(200076, 'Dan', 'Kinem', NULL, NULL, 'M');
INSERT INTO credits VALUES(200081, 200076, 'D');
INSERT INTO movies VALUES(200082, 'Blue Is the Warmest Color', 'fr', 2013, 90);
INSERT INTO people VALUES(200077, 'Abdellatif', 'Kechiche', NULL, NULL, 'M');
INSERT INTO credits VALUES(200082, 200077, 'D');
INSERT INTO movies VALUES(200083, 'Oblivion', 'en', 2013, 90);
INSERT INTO people VALUES(200078, 'Joseph', 'Kosinski', NULL, NULL, 'M');
INSERT INTO credits VALUES(200083, 200078, 'D');
INSERT INTO movies VALUES(200084, 'Don Jon', 'en', 2013, 90);
INSERT INTO people VALUES(200079, 'Joseph', 'Gordon-Levitt', NULL, NULL, 'M');
INSERT INTO credits VALUES(200084, 200079, 'D');
INSERT INTO movies VALUES(200085, 'I Just to want live - train 8017 last stop (Volevo solo vivere -treno 8017 Ultima fermata', 'it', 2013, 90);
INSERT INTO movies VALUES(200086, 'A Life in the Death of Joe Meek', 'en', 2013, 90);
INSERT INTO people VALUES(200080, 'Susan', 'Stahman', NULL, NULL, 'M');
INSERT INTO credits VALUES(200086, 200080, 'D');
INSERT INTO movies VALUES(200087, '30 Nights of Paranormal Activity With the Devil Inside the Girl With the Dragon Tattoo', 'en', 2013, 90);
INSERT INTO people VALUES(200081, 'Craig', 'Moss', NULL, NULL, 'M');
INSERT INTO credits VALUES(200087, 200081, 'D');
INSERT INTO movies VALUES(200088, 'Galileo XX', 'ja', 2013, 90);
INSERT INTO people VALUES(200082, 'Hiroshi', 'Nishitani', NULL, NULL, 'M');
INSERT INTO credits VALUES(200088, 200082, 'D');
INSERT INTO movies VALUES(200089, 'Life Is Not for Cowards', 'de', 2013, 90);
INSERT INTO people VALUES(200083, 'André', 'Erkau', NULL, NULL, 'M');
INSERT INTO credits VALUES(200089, 200083, 'D');
INSERT INTO movies VALUES(200090, 'Sinais de Cinza, A Peleja de Olney Contra o Dragão da Maldade', 'pt', 2013, 90);
INSERT INTO people VALUES(200084, 'Henrique', 'Dantas', NULL, NULL, 'M');
INSERT INTO credits VALUES(200090, 200084, 'D');
INSERT INTO movies VALUES(200091, 'Help Me I Am Dead - Die Geschichte der Anderen', 'de', 2013, 90);
INSERT INTO people VALUES(200085, 'Andreas', 'Bethmann', NULL, NULL, 'M');
INSERT INTO credits VALUES(200091, 200085, 'D');
INSERT INTO movies VALUES(200092, 'The Five(ish) Doctors Reboot', 'en', 2013, 90);
INSERT INTO people VALUES(200086, 'Peter', 'Davison', NULL, NULL, 'M');
INSERT INTO credits VALUES(200092, 200086, 'D');
INSERT INTO movies VALUES(200093, 'Adriano Olivetti - La forza di un sogno', 'it', 2013, 90);
INSERT INTO people VALUES(200087, 'Michele', 'Soavi', NULL, NULL, 'M');
INSERT INTO credits VALUES(200093, 200087, 'D');
INSERT INTO movies VALUES(200094, 'The Hangover Part III', 'en', 2013, 90);
INSERT INTO people VALUES(200088, 'Todd', 'Phillips', NULL, NULL, 'M');
INSERT INTO credits VALUES(200094, 200088, 'D');
INSERT INTO movies VALUES(200095, 'The Longest Distance', 'es', 2013, 90);
INSERT INTO people VALUES(200089, 'Claudia', 'Emperador', NULL, NULL, 'M');
INSERT INTO credits VALUES(200095, 200089, 'D');
INSERT INTO movies VALUES(200096, 'Barber''s Tales', 'tl', 2013, 90);
INSERT INTO people VALUES(200090, 'Jun', 'Lana', NULL, NULL, 'M');
INSERT INTO credits VALUES(200096, 200090, 'D');
INSERT INTO movies VALUES(200097, 'Dead Man''s Party: The Making of Halloween 5', 'en', 2013, 90);
INSERT INTO people VALUES(200091, 'Andrew', 'Kasch', NULL, NULL, 'M');
INSERT INTO credits VALUES(200097, 200091, 'D');
INSERT INTO movies VALUES(200098, 'Rich Man, Poor Woman in New York', 'ja', 2013, 90);
INSERT INTO people VALUES(200092, 'Masaki', 'Nishiura', NULL, NULL, 'M');
INSERT INTO credits VALUES(200098, 200092, 'D');
INSERT INTO movies VALUES(200099, 'Martin Luther King and the March on Washington', 'en', 2013, 90);
INSERT INTO people VALUES(200093, 'John', 'Akomfrah', NULL, NULL, 'M');
INSERT INTO credits VALUES(200099, 200093, 'D');
INSERT INTO movies VALUES(200100, 'Interstellar', 'en', 2014, 90);
INSERT INTO people VALUES(200094, 'Christopher', 'Nolan', NULL, NULL, 'M');
INSERT INTO credits VALUES(200100, 200094, 'D');
INSERT INTO movies VALUES(200101, 'The Monuments Men', 'en', 2014, 90);
INSERT INTO people VALUES(200095, 'George', 'Clooney', NULL, NULL, 'M');
INSERT INTO credits VALUES(200101, 200095, 'D');
INSERT INTO movies VALUES(200102, 'How to Train Your Dragon 2', 'en', 2014, 90);
INSERT INTO people VALUES(200096, 'Dean', 'DeBlois', NULL, NULL, 'M');
INSERT INTO credits VALUES(200102, 200096, 'D');
INSERT INTO movies VALUES(200103, 'The Hobbit: The Battle of the Five Armies', 'en', 2014, 90);
INSERT INTO movies VALUES(200104, 'The Maze Runner', 'en', 2014, 90);
INSERT INTO people VALUES(200097, 'Wes', 'Ball', NULL, NULL, 'M');
INSERT INTO credits VALUES(200104, 200097, 'D');
INSERT INTO movies VALUES(200105, 'I Am Happiness on Earth', 'es', 2014, 90);
INSERT INTO people VALUES(200098, 'Julián', 'Hernández', NULL, NULL, 'M');
INSERT INTO credits VALUES(200105, 200098, 'D');
INSERT INTO movies VALUES(200106, 'The Equalizer', 'en', 2014, 90);
INSERT INTO people VALUES(200099, 'Antoine', 'Fuqua', NULL, NULL, 'M');
INSERT INTO credits VALUES(200106, 200099, 'D');
INSERT INTO movies VALUES(200107, 'JFK to 9/11: Everything is a Rich Man''s Trick', 'en', 2014, 90);
INSERT INTO movies VALUES(200108, 'The Signal', 'en', 2014, 90);
INSERT INTO people VALUES(200100, 'William', 'Eubank', NULL, NULL, 'M');
INSERT INTO credits VALUES(200108, 200100, 'D');
INSERT INTO movies VALUES(200109, 'Fury', 'en', 2014, 90);
INSERT INTO people VALUES(200101, 'David', 'Ayer', NULL, NULL, 'M');
INSERT INTO credits VALUES(200109, 200101, 'D');
INSERT INTO movies VALUES(200110, 'Big Hero 6', 'en', 2014, 90);
INSERT INTO people VALUES(200102, 'Chris', 'Williams', NULL, NULL, 'M');
INSERT INTO credits VALUES(200110, 200102, 'D');
INSERT INTO movies VALUES(200111, 'The Satellite Girl and Milk Cow', 'ko', 2014, 90);
INSERT INTO people VALUES(200103, 'Chang', 'Hyung-yun', NULL, NULL, 'M');
INSERT INTO credits VALUES(200111, 200103, 'D');
INSERT INTO movies VALUES(200112, 'Whiplash', 'en', 2014, 90);
INSERT INTO people VALUES(200104, 'Damien', 'Chazelle', NULL, NULL, 'M');
INSERT INTO credits VALUES(200112, 200104, 'D');
INSERT INTO movies VALUES(200113, 'The Outlaw League', 'fr', 2014, 90);
INSERT INTO people VALUES(200105, 'Jean', 'Beaudry', NULL, NULL, 'M');
INSERT INTO credits VALUES(200113, 200105, 'D');
INSERT INTO movies VALUES(200114, 'Ingrid & Lola: Road to Manta Corridor', 'fr', 2014, 90);
INSERT INTO people VALUES(200106, 'Jérôme', 'Foulon', NULL, NULL, 'M');
INSERT INTO credits VALUES(200114, 200106, 'D');
INSERT INTO movies VALUES(200115, 'The Woman Who Speaks With the Dead', 'es', 2014, 90);
INSERT INTO people VALUES(200107, 'César', 'Álamo', NULL, NULL, 'M');
INSERT INTO credits VALUES(200115, 200107, 'D');
INSERT INTO movies VALUES(200116, 'Dying Beyond Their Means', 'es', 2014, 90);
INSERT INTO people VALUES(200108, 'Isaki', 'Lacuesta', NULL, NULL, 'M');
INSERT INTO credits VALUES(200116, 200108, 'D');
INSERT INTO movies VALUES(200117, 'Gone Girl', 'en', 2014, 90);
INSERT INTO people VALUES(200109, 'David', 'Fincher', NULL, NULL, 'M');
INSERT INTO credits VALUES(200117, 200109, 'D');
INSERT INTO movies VALUES(200118, 'The Hunger Games: Mockingjay - Part 1', 'en', 2014, 90);
INSERT INTO credits VALUES(200118, 200071, 'D');
INSERT INTO movies VALUES(200119, 'C''era una volta il prossimamente', 'en', 2014, 90);
INSERT INTO people VALUES(200110, 'Fabio', 'Micolano', NULL, NULL, 'M');
INSERT INTO credits VALUES(200119, 200110, 'D');
INSERT INTO movies VALUES(200120, 'The Metropolitan Opera: Il Barbiere di Siviglia', 'it', 2014, 90);
INSERT INTO movies VALUES(200121, 'The Imitation Game', 'en', 2014, 90);
INSERT INTO people VALUES(200111, 'Morten', 'Tyldum', NULL, NULL, 'M');
INSERT INTO credits VALUES(200121, 200111, 'D');
INSERT INTO movies VALUES(200122, 'A Million Ways to Die in the West', 'en', 2014, 90);
INSERT INTO people VALUES(200112, 'Seth', 'MacFarlane', NULL, NULL, 'M');
INSERT INTO credits VALUES(200122, 200112, 'D');
INSERT INTO movies VALUES(200123, 'The Amazing Spider-Man 2', 'en', 2014, 90);
INSERT INTO people VALUES(200113, 'Marc', 'Webb', NULL, NULL, 'M');
INSERT INTO credits VALUES(200123, 200113, 'D');
INSERT INTO movies VALUES(200124, 'Walt Disney e l''Italia - Una storia d''amore', 'it', 2014, 90);
INSERT INTO people VALUES(200114, 'Marco', 'Spagnoli', NULL, NULL, 'M');
INSERT INTO credits VALUES(200124, 200114, 'D');
INSERT INTO movies VALUES(200125, 'A Haunted House 2', 'en', 2014, 90);
INSERT INTO people VALUES(200115, 'Michael', 'Tiddes', NULL, NULL, 'M');
INSERT INTO credits VALUES(200125, 200115, 'D');
INSERT INTO movies VALUES(200126, 'Prim: el asesinato de la calle del Turco', 'es', 2014, 90);
INSERT INTO people VALUES(200116, 'Miguel', 'Bardem', NULL, NULL, 'M');
INSERT INTO credits VALUES(200126, 200116, 'D');
INSERT INTO movies VALUES(200127, 'A Pigeon Sat on a Branch Reflecting on Existence', 'sv', 2014, 90);
INSERT INTO people VALUES(200117, 'Roy', 'Andersson', NULL, NULL, 'M');
INSERT INTO credits VALUES(200127, 200117, 'D');
INSERT INTO movies VALUES(200128, 'Better Living Through Chemistry', 'en', 2014, 90);
INSERT INTO people VALUES(200118, 'Geoff', 'Moore', NULL, NULL, 'M');
INSERT INTO credits VALUES(200128, 200118, 'D');
INSERT INTO movies VALUES(200129, 'Transformers: Age of Extinction', 'en', 2014, 90);
INSERT INTO people VALUES(200119, 'Michael', 'Bay', NULL, NULL, 'M');
INSERT INTO credits VALUES(200129, 200119, 'D');
INSERT INTO movies VALUES(200130, 'How I Learned to Love the Numbers', 'de', 2014, 90);
INSERT INTO people VALUES(200120, 'Oliver', 'Sechting', NULL, NULL, 'M');
INSERT INTO credits VALUES(200130, 200120, 'D');
INSERT INTO movies VALUES(200131, 'Obsessed', 'ko', 2014, 90);
INSERT INTO people VALUES(200121, 'Kim', 'Dae-woo', NULL, NULL, 'M');
INSERT INTO credits VALUES(200131, 200121, 'D');
INSERT INTO movies VALUES(200132, 'The Horrors of Hamilton High: The Making of Prom Night', 'en', 2014, 90);
INSERT INTO credits VALUES(200132, 200024, 'D');
INSERT INTO movies VALUES(200133, 'The 50 Best Horror Movies You''ve Never Seen', 'en', 2014, 90);
INSERT INTO people VALUES(200122, 'Anthony', 'Masi', NULL, NULL, 'M');
INSERT INTO credits VALUES(200133, 200122, 'D');
INSERT INTO movies VALUES(200134, 'Dawn of the Planet of the Apes', 'en', 2014, 90);
INSERT INTO people VALUES(200123, 'Matt', 'Reeves', NULL, NULL, 'M');
INSERT INTO credits VALUES(200134, 200123, 'D');
INSERT INTO movies VALUES(200135, 'Sweeney Todd: The Demon Barber of Fleet Street', 'en', 2014, 90);
INSERT INTO people VALUES(200124, 'Lonny', 'Price', NULL, NULL, 'M');
INSERT INTO credits VALUES(200135, 200124, 'D');
INSERT INTO movies VALUES(200136, 'Annabelle', 'en', 2014, 90);
INSERT INTO people VALUES(200125, 'John', 'Leonetti', NULL, NULL, 'M');
INSERT INTO credits VALUES(200136, 200125, 'D');
INSERT INTO movies VALUES(200137, 'The Metropolitan Opera: The Marriage of Figaro', 'it', 2014, 90);
INSERT INTO people VALUES(200126, 'Gary', 'Halvorson', NULL, NULL, 'M');
INSERT INTO credits VALUES(200137, 200126, 'D');
INSERT INTO movies VALUES(200138, 'The Jungle Bunch 2: The Great Treasure Quest', 'fr', 2014, 90);
INSERT INTO people VALUES(200127, 'Julien', 'Fournet', NULL, NULL, 'M');
INSERT INTO credits VALUES(200138, 200127, 'D');
INSERT INTO movies VALUES(200139, 'At the Waterfront After the Social: The Legacy of Sleepaway Camp', 'en', 2014, 90);
INSERT INTO people VALUES(200128, 'Justin', 'Beahm', NULL, NULL, 'M');
INSERT INTO credits VALUES(200139, 200128, 'D');
INSERT INTO movies VALUES(200140, 'X-Men: Days of Future Past', 'en', 2014, 90);
INSERT INTO people VALUES(200129, 'Bryan', 'Singer', NULL, NULL, 'M');
INSERT INTO credits VALUES(200140, 200129, 'D');
INSERT INTO movies VALUES(200141, 'Magician: The Astonishing Life and Work of Orson Welles', 'en', 2014, 90);
INSERT INTO people VALUES(200130, 'Chuck', 'Workman', NULL, NULL, 'M');
INSERT INTO credits VALUES(200141, 200130, 'D');
INSERT INTO movies VALUES(200142, 'The Expendables 3', 'en', 2014, 90);
INSERT INTO people VALUES(200131, 'Patrick', 'Hughes', NULL, NULL, 'M');
INSERT INTO credits VALUES(200142, 200131, 'D');
INSERT INTO movies VALUES(200143, 'Maleficent', 'en', 2014, 90);
INSERT INTO people VALUES(200132, 'Robert', 'Stromberg', NULL, NULL, 'M');
INSERT INTO credits VALUES(200143, 200132, 'D');
INSERT INTO movies VALUES(200144, 'Winston Churchill: A Giant in the Century', 'fr', 2014, 90);
INSERT INTO people VALUES(200133, 'David', 'Korn-Brzoza', NULL, NULL, 'M');
INSERT INTO credits VALUES(200144, 200133, 'D');
INSERT INTO movies VALUES(200145, 'Mortadelo & Filemon: Mission Implausible', 'es', 2014, 90);
INSERT INTO movies VALUES(200146, 'Charlottes Welt - Geht nicht, gibt''s nicht', 'de', 2014, 90);
INSERT INTO people VALUES(200134, 'Thomas', 'Nennstiel', NULL, NULL, 'M');
INSERT INTO credits VALUES(200146, 200134, 'D');
INSERT INTO movies VALUES(200147, 'Robot Chicken DC Comics Special II: Villains in Paradise', 'en', 2014, 90);
INSERT INTO people VALUES(200135, 'Zeb', 'Wells', NULL, NULL, 'M');
INSERT INTO credits VALUES(200147, 200135, 'D');
INSERT INTO movies VALUES(200148, 'La scuola più bella del mondo', 'it', 2014, 90);
INSERT INTO movies VALUES(200149, '50 Years of BBC Two Comedy', 'en', 2014, 90);
INSERT INTO people VALUES(200136, 'Sean', 'Doherty', NULL, NULL, 'M');
INSERT INTO credits VALUES(200149, 200136, 'D');
INSERT INTO movies VALUES(200150, 'Penguins of Madagascar', 'en', 2014, 90);
INSERT INTO people VALUES(200137, 'Simon', 'Smith', NULL, NULL, 'M');
INSERT INTO credits VALUES(200150, 200137, 'D');
INSERT INTO movies VALUES(200151, '99 Cahaya di Langit Eropa: Part 2', 'id', 2014, 90);
INSERT INTO people VALUES(200138, 'Guntur', 'Soeharjanto', NULL, NULL, 'M');
INSERT INTO credits VALUES(200151, 200138, 'D');
INSERT INTO movies VALUES(200152, 'Serial (Bad) Weddings', 'fr', 2014, 90);
INSERT INTO people VALUES(200139, 'Philippe', 'Chauveron', NULL, NULL, 'M');
INSERT INTO credits VALUES(200152, 200139, 'D');
INSERT INTO movies VALUES(200153, 'Alexander and the Terrible, Horrible, No Good, Very Bad Day', 'en', 2014, 90);
INSERT INTO people VALUES(200140, 'Miguel', 'Arteta', NULL, NULL, 'M');
INSERT INTO credits VALUES(200153, 200140, 'D');
INSERT INTO movies VALUES(200154, 'Strong Coffee Isn''t That Bad', 'pl', 2014, 90);
INSERT INTO people VALUES(200141, 'Aleksander', 'Pietrzak', NULL, NULL, 'M');
INSERT INTO credits VALUES(200154, 200141, 'D');
INSERT INTO movies VALUES(200155, 'No Good Deed', 'en', 2014, 90);
INSERT INTO people VALUES(200142, 'Sam', 'Miller', NULL, NULL, 'M');
INSERT INTO credits VALUES(200155, 200142, 'D');
INSERT INTO movies VALUES(200156, 'Made in Japan: The Rise of Deep Purple Mk II', 'en', 2014, 90);
INSERT INTO people VALUES(200143, 'Drew', 'Thompson', NULL, NULL, 'M');
INSERT INTO credits VALUES(200156, 200143, 'D');
INSERT INTO movies VALUES(200157, 'Ma tu di che segno 6?', 'it', 2014, 90);
INSERT INTO people VALUES(200144, 'Neri', 'Parenti', NULL, NULL, 'M');
INSERT INTO credits VALUES(200157, 200144, 'D');
INSERT INTO movies VALUES(200158, '(Filipino: In the Name of the Father, Mother, and Children)', 'tl', 2014, 90);
INSERT INTO people VALUES(200145, 'Jon', 'Villarin', NULL, NULL, 'M');
INSERT INTO credits VALUES(200158, 200145, 'D');
INSERT INTO movies VALUES(200159, 'Una tarde en la vida de dos niños kelpers', 'es', 2014, 90);
INSERT INTO people VALUES(200146, 'Flávio', 'Tambellini', NULL, NULL, 'M');
INSERT INTO credits VALUES(200159, 200146, 'D');
INSERT INTO movies VALUES(200160, 'Edge of Tomorrow', 'en', 2014, 90);
INSERT INTO people VALUES(200147, 'Doug', 'Liman', NULL, NULL, 'M');
INSERT INTO credits VALUES(200160, 200147, 'D');
INSERT INTO movies VALUES(200161, '99 Cahaya Di Langit Eropa The Final Edition', 'id', 2014, 90);
INSERT INTO credits VALUES(200161, 200138, 'D');
INSERT INTO movies VALUES(200162, 'Mobile Suit Gundam Unicorn Film And Live The Final - A Mon Seul Desir', 'ja', 2014, 90);
INSERT INTO people VALUES(200148, 'Kazuhiro', 'Furuhashi', NULL, NULL, 'M');
INSERT INTO credits VALUES(200162, 200148, 'D');
INSERT INTO movies VALUES(200163, 'Attacking the Devil: Harold Evans and the Last Nazi War Crime', 'en', 2014, 90);
INSERT INTO people VALUES(200149, 'Jacqui', 'Morris', NULL, NULL, 'M');
INSERT INTO credits VALUES(200163, 200149, 'D');
INSERT INTO movies VALUES(200164, 'Turtle Power: The Definitive History of the Teenage Mutant Ninja Turtles', 'en', 2014, 90);
INSERT INTO people VALUES(200150, 'Randall', 'Lobb', NULL, NULL, 'M');
INSERT INTO credits VALUES(200164, 200150, 'D');
INSERT INTO movies VALUES(200165, 'Giuseppe Tornatore - Ogni film un''opera prima', 'it', 2014, 90);
INSERT INTO people VALUES(200151, 'Luciano', 'Barcaroli', NULL, NULL, 'M');
INSERT INTO credits VALUES(200165, 200151, 'D');
INSERT INTO movies VALUES(200166, 'Lolita from Interstellar Space', 'en', 2014, 90);
INSERT INTO people VALUES(200152, 'Dean', 'McKendrick', NULL, NULL, 'M');
INSERT INTO credits VALUES(200166, 200152, 'D');
INSERT INTO movies VALUES(200167, 'Marvel: 75 Years, from Pulp to Pop!', 'en', 2014, 90);
INSERT INTO people VALUES(200153, 'Zak', 'Knutson', NULL, NULL, 'M');
INSERT INTO credits VALUES(200167, 200153, 'D');
INSERT INTO movies VALUES(200168, 'Reiff für die Insel – Katharina und die Dänen', 'de', 2014, 90);
INSERT INTO movies VALUES(200169, 'Mystical Traveler: The Life and Times of Dr. John-Roger', 'en', 2014, 90);
INSERT INTO people VALUES(200154, 'John-Roger', '', NULL, NULL, 'M');
INSERT INTO credits VALUES(200169, 200154, 'D');
INSERT INTO movies VALUES(200170, 'Return to Zero', 'en', 2014, 90);
INSERT INTO people VALUES(200155, 'Sean', 'Hanish', NULL, NULL, 'M');
INSERT INTO credits VALUES(200170, 200155, 'D');
INSERT INTO movies VALUES(200171, 'John Wick', 'en', 2014, 90);
INSERT INTO people VALUES(200156, 'Chad', 'Stahelski', NULL, NULL, 'M');
INSERT INTO credits VALUES(200171, 200156, 'D');
INSERT INTO movies VALUES(200172, 'Nightcrawler', 'en', 2014, 90);
INSERT INTO people VALUES(200157, 'Dan', 'Gilroy', NULL, NULL, 'M');
INSERT INTO credits VALUES(200172, 200157, 'D');
INSERT INTO movies VALUES(200173, 'The Secret to My Silky Skin', 'ja', 2014, 90);
INSERT INTO people VALUES(200158, 'Kōichi', 'Imaizumi', NULL, NULL, 'M');
INSERT INTO credits VALUES(200173, 200158, 'D');
INSERT INTO movies VALUES(200174, 'Sex, Love & Therapy', 'fr', 2014, 90);
INSERT INTO people VALUES(200159, 'Tonie', 'Marshall', NULL, NULL, 'M');
INSERT INTO credits VALUES(200174, 200159, 'D');
INSERT INTO movies VALUES(200175, 'The Final Shot: A Farewell to Boardwalk Empire', 'en', 2014, 90);
INSERT INTO movies VALUES(200176, 'Eine Liebe für den Frieden – Bertha von Suttner und Alfred Nobel', 'de', 2014, 90);
INSERT INTO people VALUES(200160, 'Urs', 'Egger', NULL, NULL, 'M');
INSERT INTO credits VALUES(200176, 200160, 'D');
INSERT INTO movies VALUES(200177, 'Der Bulle und das Landei - von Mäusen, Miezen und Moneten', 'de', 2014, 90);
INSERT INTO people VALUES(200161, 'Vivian', 'Naefe', NULL, NULL, 'M');
INSERT INTO credits VALUES(200177, 200161, 'D');
INSERT INTO movies VALUES(200178, 'Lucy', 'en', 2014, 90);
INSERT INTO people VALUES(200162, 'Luc', 'Besson', NULL, NULL, 'M');
INSERT INTO credits VALUES(200178, 200162, 'D');
INSERT INTO movies VALUES(200179, 'Monty Python: The Meaning of Live', 'en', 2014, 90);
INSERT INTO people VALUES(200163, 'Roger', 'Graef', NULL, NULL, 'M');
INSERT INTO credits VALUES(200179, 200163, 'D');
INSERT INTO movies VALUES(200180, 'Das Voynich-Manuskript - Die geheimnisvollste Handschrift der Welt', 'de', 2014, 90);
INSERT INTO people VALUES(200164, 'Klaus', 'Steindl', NULL, NULL, 'M');
INSERT INTO credits VALUES(200180, 200164, 'D');
INSERT INTO movies VALUES(200181, 'NOW: In the Wings on a World Stage', 'en', 2014, 90);
INSERT INTO people VALUES(200165, 'Jeremy', 'Whelehan', NULL, NULL, 'M');
INSERT INTO credits VALUES(200181, 200165, 'D');
INSERT INTO movies VALUES(200182, 'Burying the Ex', 'en', 2014, 90);
INSERT INTO people VALUES(200166, 'Joe', 'Dante', NULL, NULL, 'M');
INSERT INTO credits VALUES(200182, 200166, 'D');
INSERT INTO movies VALUES(200183, 'Showrunners: The Art of Running a TV Show', 'en', 2014, 90);
INSERT INTO people VALUES(200167, 'Des', 'Doyle', NULL, NULL, 'M');
INSERT INTO credits VALUES(200183, 200167, 'D');
INSERT INTO movies VALUES(200184, 'Don''t Get Killed In Alaska', 'en', 2014, 90);
INSERT INTO people VALUES(200168, 'Bill', 'Taylor', NULL, NULL, 'M');
INSERT INTO credits VALUES(200184, 200168, 'D');
INSERT INTO movies VALUES(200185, 'Die Toten Hosen Live -  Der Krach der Republik - Das Tourfinale', 'de', 2014, 90);
INSERT INTO people VALUES(200169, 'Paul', 'Dugdale', NULL, NULL, 'M');
INSERT INTO credits VALUES(200185, 200169, 'D');
INSERT INTO movies VALUES(200186, 'The Spy Who Brought Down Mary, Queen of Scots', 'en', 2014, 90);
INSERT INTO people VALUES(200170, 'Mark', 'Fielder', NULL, NULL, 'M');
INSERT INTO credits VALUES(200186, 200170, 'D');
INSERT INTO movies VALUES(200187, 'A Blind Hero: The Love of Otto Weidt', 'de', 2014, 90);
INSERT INTO people VALUES(200171, 'Kai', 'Christiansen', NULL, NULL, 'M');
INSERT INTO credits VALUES(200187, 200171, 'D');
INSERT INTO movies VALUES(200188, 'Interesting Ball', 'en', 2014, 90);
INSERT INTO people VALUES(200172, 'Daniel', 'Scheinert', NULL, NULL, 'M');
INSERT INTO credits VALUES(200188, 200172, 'D');
INSERT INTO movies VALUES(200189, 'Taken 3', 'en', 2014, 90);
INSERT INTO people VALUES(200173, 'Olivier', 'Megaton', NULL, NULL, 'M');
INSERT INTO credits VALUES(200189, 200173, 'D');
INSERT INTO movies VALUES(200190, 'Naked Ambition 3D', 'cn', 2014, 90);
INSERT INTO people VALUES(200174, 'Lee', 'Kung-Lok', NULL, NULL, 'M');
INSERT INTO credits VALUES(200190, 200174, 'D');
INSERT INTO movies VALUES(200191, 'Teenage Mutant Ninja Turtles', 'en', 2014, 90);
INSERT INTO people VALUES(200175, 'Jonathan', 'Liebesman', NULL, NULL, 'M');
INSERT INTO credits VALUES(200191, 200175, 'D');
INSERT INTO movies VALUES(200192, 'La Joya and the Warriors in the Mist', 'es', 2014, 90);
INSERT INTO people VALUES(200176, 'José', 'Novoa', NULL, NULL, 'M');
INSERT INTO credits VALUES(200192, 200176, 'D');
INSERT INTO movies VALUES(200193, 'One Day Since Yesterday: Peter Bogdanovich & the Lost American Film', 'en', 2014, 90);
INSERT INTO people VALUES(200177, 'Bill', 'Teck', NULL, NULL, 'M');
INSERT INTO credits VALUES(200193, 200177, 'D');
INSERT INTO movies VALUES(200194, 'Clawing! A Journey Through the Spanish Horror', 'es', 2014, 90);
INSERT INTO people VALUES(200178, 'Víctor', 'Matellano', NULL, NULL, 'M');
INSERT INTO credits VALUES(200194, 200178, 'D');
INSERT INTO movies VALUES(200195, 'Million Dollar Arm', 'en', 2014, 90);
INSERT INTO people VALUES(200179, 'Craig', 'Gillespie', NULL, NULL, 'M');
INSERT INTO credits VALUES(200195, 200179, 'D');
INSERT INTO movies VALUES(200196, 'Von einem, der auszog, das Fürchten zu lernen', 'de', 2014, 90);
INSERT INTO people VALUES(200180, 'Tobias', 'Wiemann', NULL, NULL, 'M');
INSERT INTO credits VALUES(200196, 200180, 'D');
INSERT INTO movies VALUES(200197, 'Night at the Museum: Secret of the Tomb', 'en', 2014, 90);
INSERT INTO people VALUES(200181, 'Shawn', 'Levy', NULL, NULL, 'M');
INSERT INTO credits VALUES(200197, 200181, 'D');
INSERT INTO movies VALUES(200198, 'Wrong Turn 6: Last Resort', 'en', 2014, 90);
INSERT INTO people VALUES(200182, 'Valeri', 'Milev', NULL, NULL, 'M');
INSERT INTO credits VALUES(200198, 200182, 'D');
INSERT INTO movies VALUES(200199, '300: Rise of an Empire', 'en', 2014, 90);
INSERT INTO people VALUES(200183, 'Noam', 'Murro', NULL, NULL, 'M');
INSERT INTO credits VALUES(200199, 200183, 'D');
INSERT INTO movies VALUES(200200, 'Lost Boy', 'en', 2015, 90);
INSERT INTO people VALUES(200184, 'Tara', 'Miele', NULL, NULL, 'M');
INSERT INTO credits VALUES(200200, 200184, 'D');
INSERT INTO movies VALUES(200201, 'Fifty Shades of Grey', 'en', 2015, 90);
INSERT INTO people VALUES(200185, 'Sam', 'Taylor-Johnson', NULL, NULL, 'M');
INSERT INTO credits VALUES(200201, 200185, 'D');
INSERT INTO movies VALUES(200202, 'Furious 7', 'en', 2015, 90);
INSERT INTO credits VALUES(200202, 200003, 'D');
INSERT INTO movies VALUES(200203, 'Inside Out', 'en', 2015, 90);
INSERT INTO people VALUES(200186, 'Pete', 'Docter', NULL, NULL, 'M');
INSERT INTO credits VALUES(200203, 200186, 'D');
INSERT INTO movies VALUES(200204, 'Mom''s Friend', 'ko', 2015, 90);
INSERT INTO people VALUES(200187, 'Myeong', 'Hwan', NULL, NULL, 'M');
INSERT INTO credits VALUES(200204, 200187, 'D');
INSERT INTO movies VALUES(200205, 'No One Loves Anyone For More Than Two Years', 'pt', 2015, 90);
INSERT INTO people VALUES(200188, 'Clovis', 'Mello', NULL, NULL, 'M');
INSERT INTO credits VALUES(200205, 200188, 'D');
INSERT INTO movies VALUES(200206, 'The Martian', 'en', 2015, 90);
INSERT INTO people VALUES(200189, 'Ridley', 'Scott', NULL, NULL, 'M');
INSERT INTO credits VALUES(200206, 200189, 'D');
INSERT INTO movies VALUES(200207, 'How to Plan an Orgy in a Small Town', 'en', 2015, 90);
INSERT INTO people VALUES(200190, 'Jeremy', 'Lalonde', NULL, NULL, 'M');
INSERT INTO credits VALUES(200207, 200190, 'D');
INSERT INTO movies VALUES(200208, 'Slow Learners', 'en', 2015, 90);
INSERT INTO people VALUES(200191, 'Don', 'Argott', NULL, NULL, 'M');
INSERT INTO credits VALUES(200208, 200191, 'D');
INSERT INTO movies VALUES(200209, 'Mad Max: Fury Road', 'en', 2015, 90);
INSERT INTO people VALUES(200192, 'George', 'Miller', NULL, NULL, 'M');
INSERT INTO credits VALUES(200209, 200192, 'D');
INSERT INTO movies VALUES(200210, 'Yankee-kun na Yamada-kun to Megane-chan to Majo', 'ja', 2015, 90);
INSERT INTO people VALUES(200193, 'Tomoko', 'Takano', NULL, NULL, 'M');
INSERT INTO credits VALUES(200210, 200193, 'D');
INSERT INTO movies VALUES(200211, 'Avengers: Age of Ultron', 'en', 2015, 90);
INSERT INTO people VALUES(200194, 'Joss', 'Whedon', NULL, NULL, 'M');
INSERT INTO credits VALUES(200211, 200194, 'D');
INSERT INTO movies VALUES(200212, 'Cinderella', 'en', 2015, 90);
INSERT INTO people VALUES(200195, 'Kenneth', 'Branagh', NULL, NULL, 'M');
INSERT INTO credits VALUES(200212, 200195, 'D');
INSERT INTO movies VALUES(200213, 'Shivam', 'te', 2015, 90);
INSERT INTO people VALUES(200196, 'Sreenivasa', 'Reddy', NULL, NULL, 'M');
INSERT INTO credits VALUES(200213, 200196, 'D');
INSERT INTO movies VALUES(200214, 'Mutual Relations', 'ko', 2015, 90);
INSERT INTO people VALUES(200197, 'Kim', 'Hyeon-Bin', NULL, NULL, 'M');
INSERT INTO credits VALUES(200214, 200197, 'D');
INSERT INTO movies VALUES(200215, 'Raw, Rough and Rabid: The Lacerating Legacy of Cinépix', 'en', 2015, 90);
INSERT INTO credits VALUES(200215, 200027, 'D');
INSERT INTO movies VALUES(200216, 'Maintenance Man', 'en', 2015, 90);
INSERT INTO people VALUES(200198, 'Christian', 'Taylor', NULL, NULL, 'M');
INSERT INTO credits VALUES(200216, 200198, 'D');
INSERT INTO movies VALUES(200217, 'Come What May', 'fr', 2015, 90);
INSERT INTO people VALUES(200199, 'Christian', 'Carion', NULL, NULL, 'M');
INSERT INTO credits VALUES(200217, 200199, 'D');
INSERT INTO movies VALUES(200218, 'Luz, Câmera, 50 Anos: Presença de Anita - O Filme', 'pt', 2015, 90);
INSERT INTO people VALUES(200200, 'Alexandre', 'Avancini', NULL, NULL, 'M');
INSERT INTO credits VALUES(200218, 200200, 'D');
INSERT INTO movies VALUES(200219, 'Return to Sender', 'en', 2015, 90);
INSERT INTO people VALUES(200201, 'Fouad', 'Mikati', NULL, NULL, 'M');
INSERT INTO credits VALUES(200219, 200201, 'D');
INSERT INTO movies VALUES(200220, 'Luz, Câmera, 50 Anos: Maysa: Quando Fala o Coração - O Filme', 'pt', 2015, 90);
INSERT INTO people VALUES(200202, 'Jayme', 'Monjardim', NULL, NULL, 'M');
INSERT INTO credits VALUES(200220, 200202, 'D');
INSERT INTO movies VALUES(200221, 'Southpaw', 'en', 2015, 90);
INSERT INTO credits VALUES(200221, 200099, 'D');
INSERT INTO movies VALUES(200222, 'Here in Lisbon', 'pt', 2015, 90);
INSERT INTO people VALUES(200203, 'Dominga', 'Sotomayor', NULL, NULL, 'M');
INSERT INTO credits VALUES(200222, 200203, 'D');
INSERT INTO movies VALUES(200223, 'Getaway of Love', 'it', 2015, 90);
INSERT INTO people VALUES(200204, 'Tonino', 'Zangardi', NULL, NULL, 'M');
INSERT INTO credits VALUES(200223, 200204, 'D');
INSERT INTO movies VALUES(200224, 'The Lady in the Car with Glasses and a Gun', 'fr', 2015, 90);
INSERT INTO people VALUES(200205, 'Joann', 'Sfar', NULL, NULL, 'M');
INSERT INTO credits VALUES(200224, 200205, 'D');
INSERT INTO movies VALUES(200225, 'Jurassic World', 'en', 2015, 90);
INSERT INTO people VALUES(200206, 'Colin', 'Trevorrow', NULL, NULL, 'M');
INSERT INTO credits VALUES(200225, 200206, 'D');
INSERT INTO movies VALUES(200226, 'Krampus', 'en', 2015, 90);
INSERT INTO people VALUES(200207, 'Michael', 'Dougherty', NULL, NULL, 'M');
INSERT INTO credits VALUES(200226, 200207, 'D');
INSERT INTO movies VALUES(200227, 'Animal Kingdom: Let''s Go Ape', 'fr', 2015, 90);
INSERT INTO people VALUES(200208, 'Jamel', 'Debbouze', NULL, NULL, 'M');
INSERT INTO credits VALUES(200227, 200208, 'D');
INSERT INTO movies VALUES(200228, 'I Don''t Know the Men of this City', 'it', 2015, 90);
INSERT INTO people VALUES(200209, 'Franco', 'Maresco', NULL, NULL, 'M');
INSERT INTO credits VALUES(200228, 200209, 'D');
INSERT INTO movies VALUES(200229, 'Beautiful & Twisted', 'en', 2015, 90);
INSERT INTO people VALUES(200210, 'Christopher', 'Zalla', NULL, NULL, 'M');
INSERT INTO credits VALUES(200229, 200210, 'D');
INSERT INTO movies VALUES(200230, 'The Hunger Games: Mockingjay - Part 2', 'en', 2015, 90);
INSERT INTO credits VALUES(200230, 200071, 'D');
INSERT INTO movies VALUES(200231, 'Call Me Francis', 'it', 2015, 90);
INSERT INTO people VALUES(200211, 'Daniele', 'Luchetti', NULL, NULL, 'M');
INSERT INTO credits VALUES(200231, 200211, 'D');
INSERT INTO movies VALUES(200232, 'Hooligans at War: North vs South', 'de', 2015, 90);
INSERT INTO people VALUES(200212, 'Chris', 'Bell', NULL, NULL, 'M');
INSERT INTO credits VALUES(200232, 200212, 'D');
INSERT INTO movies VALUES(200233, 'μ''s 5th Go→Go! LoveLive! 2015 ~Dream Sensation!~ Day2', 'ja', 2015, 90);
INSERT INTO movies VALUES(200234, 'Ted 2', 'en', 2015, 90);
INSERT INTO credits VALUES(200234, 200112, 'D');
INSERT INTO movies VALUES(200235, 'μ''s 5th Go→Go! LoveLive! 2015 ~Dream Sensation!~ Day1', 'ja', 2015, 90);
INSERT INTO movies VALUES(200236, 'That Gal...Who Was in That Thing: That Guy 2', 'en', 2015, 90);
INSERT INTO people VALUES(200213, 'Ian', 'Roumain', NULL, NULL, 'M');
INSERT INTO credits VALUES(200236, 200213, 'D');
INSERT INTO movies VALUES(200237, 'Barbie & Her Sisters in the Great Puppy Adventure', 'en', 2015, 90);
INSERT INTO people VALUES(200214, 'Andrew', 'Tan', NULL, NULL, 'M');
INSERT INTO credits VALUES(200237, 200214, 'D');
INSERT INTO movies VALUES(200238, 'The Revenant', 'en', 2015, 90);
INSERT INTO people VALUES(200215, 'Alejandro', 'Iñárritu', NULL, NULL, 'M');
INSERT INTO credits VALUES(200238, 200215, 'D');
INSERT INTO movies VALUES(200239, 'Sneeuwwitje en de zeven kleine mensen: Een modern sprookje', 'nl', 2015, 90);
INSERT INTO people VALUES(200216, 'Will', 'Koopman', NULL, NULL, 'M');
INSERT INTO credits VALUES(200239, 200216, 'D');
INSERT INTO movies VALUES(200240, 'The Complexity of Happiness', 'it', 2015, 90);
INSERT INTO people VALUES(200217, 'Gianni', 'Zanasi', NULL, NULL, 'M');
INSERT INTO credits VALUES(200240, 200217, 'D');
INSERT INTO movies VALUES(200241, 'Phineas and Ferb: Last Day of Summer', 'en', 2015, 90);
INSERT INTO people VALUES(200218, 'Sue', 'Perrotto', NULL, NULL, 'M');
INSERT INTO credits VALUES(200241, 200218, 'D');
INSERT INTO movies VALUES(200242, 'Wenn du wüsstest, wie schön es hier ist', 'de', 2015, 90);
INSERT INTO people VALUES(200219, 'Andreas', 'Prochaska', NULL, NULL, 'M');
INSERT INTO credits VALUES(200242, 200219, 'D');
INSERT INTO movies VALUES(200243, 'The Man from U.N.C.L.E.', 'en', 2015, 90);
INSERT INTO people VALUES(200220, 'Guy', 'Ritchie', NULL, NULL, 'M');
INSERT INTO credits VALUES(200243, 200220, 'D');
INSERT INTO movies VALUES(200244, 'Cinema Perverso', 'de', 2015, 90);
INSERT INTO people VALUES(200221, 'Oliver', 'Schwehm', NULL, NULL, 'M');
INSERT INTO credits VALUES(200244, 200221, 'D');
INSERT INTO movies VALUES(200245, 'The Return of the Dead', 'es', 2015, 90);
INSERT INTO people VALUES(200222, 'Gustavo', 'Gamou', NULL, NULL, 'M');
INSERT INTO credits VALUES(200245, 200222, 'D');
INSERT INTO movies VALUES(200246, 'Murder, She Baked: A Chocolate Chip Cookie Mystery', 'en', 2015, 90);
INSERT INTO people VALUES(200223, 'Mark', 'Jean', NULL, NULL, 'M');
INSERT INTO credits VALUES(200246, 200223, 'D');
INSERT INTO movies VALUES(200247, 'Luz, Câmera, 50 Anos: Dona Flor e Seus 2 Maridos - O Filme', 'pt', 2015, 90);
INSERT INTO people VALUES(200224, 'Mauro', 'Filho', NULL, NULL, 'M');
INSERT INTO credits VALUES(200247, 200224, 'D');
INSERT INTO movies VALUES(200248, 'Kingsman: The Secret Service', 'en', 2015, 90);
INSERT INTO people VALUES(200225, 'Matthew', 'Vaughn', NULL, NULL, 'M');
INSERT INTO credits VALUES(200248, 200225, 'D');
INSERT INTO movies VALUES(200249, 'SXSW Comedy Night Two with W. Kamau Bell', 'en', 2015, 90);
INSERT INTO people VALUES(200226, 'Steven', 'Feinartz', NULL, NULL, 'M');
INSERT INTO credits VALUES(200249, 200226, 'D');
INSERT INTO movies VALUES(200250, 'Buddy''s Mom', 'ko', 2015, 90);
INSERT INTO people VALUES(200227, 'Kong', 'Ja-kwan', NULL, NULL, 'M');
INSERT INTO credits VALUES(200250, 200227, 'D');
INSERT INTO movies VALUES(200251, 'Vacanze ai Caraibi - Il film di Natale', 'it', 2015, 90);
INSERT INTO credits VALUES(200251, 200144, 'D');
INSERT INTO movies VALUES(200252, 'From Rocky to Creed: The Legacy Continues', 'en', 2015, 90);
INSERT INTO movies VALUES(200253, 'Royal Opera House: I Due Foscari', 'it', 2015, 90);
INSERT INTO people VALUES(200228, 'Thaddeus', 'Strassberger', NULL, NULL, 'M');
INSERT INTO credits VALUES(200253, 200228, 'D');
INSERT INTO movies VALUES(200254, 'Insidious: Chapter 3', 'en', 2015, 90);
INSERT INTO people VALUES(200229, 'Leigh', 'Whannell', NULL, NULL, 'M');
INSERT INTO credits VALUES(200254, 200229, 'D');
INSERT INTO movies VALUES(200255, 'My Daughter''s First Time', 'it', 2015, 90);
INSERT INTO people VALUES(200230, 'Riccardo', 'Rossi', NULL, NULL, 'M');
INSERT INTO credits VALUES(200255, 200230, 'D');
INSERT INTO movies VALUES(200256, 'When Calls The Heart: New Year''s Wish', 'en', 2015, 90);
INSERT INTO people VALUES(200231, 'Neill', 'Fearnley', NULL, NULL, 'M');
INSERT INTO credits VALUES(200256, 200231, 'D');
INSERT INTO movies VALUES(200257, 'Cavern of Anti-Matter - Liquid Gate', 'en', 2015, 90);
INSERT INTO people VALUES(200232, 'Peter', 'Strickland', NULL, NULL, 'M');
INSERT INTO credits VALUES(200257, 200232, 'D');
INSERT INTO movies VALUES(200258, 'What Our Fathers Did: A Nazi Legacy', 'en', 2015, 90);
INSERT INTO people VALUES(200233, 'David', 'Evans', NULL, NULL, 'M');
INSERT INTO credits VALUES(200258, 200233, 'D');
INSERT INTO movies VALUES(200259, 'Campus Code', 'en', 2015, 90);
INSERT INTO people VALUES(200234, 'Cathy', 'Scorsese', NULL, NULL, 'M');
INSERT INTO credits VALUES(200259, 200234, 'D');
INSERT INTO movies VALUES(200260, 'Terminator Genisys', 'en', 2015, 90);
INSERT INTO credits VALUES(200260, 200036, 'D');
INSERT INTO movies VALUES(200261, 'The Robot Chicken Christmas Special: The X-Mas United', 'en', 2015, 90);
INSERT INTO people VALUES(200235, 'Tom', 'Sheppard', NULL, NULL, 'M');
INSERT INTO credits VALUES(200261, 200235, 'D');
INSERT INTO movies VALUES(200262, 'The von Trapp Family: A Life of Music', 'de', 2015, 90);
INSERT INTO people VALUES(200236, 'Ben', 'Verbong', NULL, NULL, 'M');
INSERT INTO credits VALUES(200262, 200236, 'D');
INSERT INTO movies VALUES(200263, 'Star Wars: The Force Awakens', 'en', 2015, 90);
INSERT INTO people VALUES(200237, 'J.J.', 'Abrams', NULL, NULL, 'M');
INSERT INTO credits VALUES(200263, 200237, 'D');
INSERT INTO movies VALUES(200264, 'How to Vajaculate: If You Build It, She Will Come', 'en', 2015, 90);
INSERT INTO people VALUES(200238, 'Joey', 'Soloway', NULL, NULL, 'M');
INSERT INTO credits VALUES(200264, 200238, 'D');
INSERT INTO movies VALUES(200265, '42nd Street Memories: The Rise and Fall of America''s Most Notorious Street', 'en', 2015, 90);
INSERT INTO credits VALUES(200265, 200027, 'D');
INSERT INTO movies VALUES(200266, 'La voce - Il talento può uccidere', 'it', 2015, 90);
INSERT INTO people VALUES(200239, 'Augusto', 'Zucchi', NULL, NULL, 'M');
INSERT INTO credits VALUES(200266, 200239, 'D');
INSERT INTO movies VALUES(200267, 'Sweet 20', 'vi', 2015, 90);
INSERT INTO people VALUES(200240, 'Phan', 'Linh', NULL, NULL, 'M');
INSERT INTO credits VALUES(200267, 200240, 'D');
INSERT INTO movies VALUES(200268, 'Biggest Band Break Ups and Make Ups', 'en', 2015, 90);
INSERT INTO people VALUES(200241, 'Guy', 'Evans', NULL, NULL, 'M');
INSERT INTO credits VALUES(200268, 200241, 'D');
INSERT INTO movies VALUES(200269, 'A Man Called Ove', 'sv', 2015, 90);
INSERT INTO people VALUES(200242, 'Hannes', 'Holm', NULL, NULL, 'M');
INSERT INTO credits VALUES(200269, 200242, 'D');
INSERT INTO movies VALUES(200270, 'The Mockingjay Lives: The Making of the Hunger Games: Mockingjay Part 1', 'en', 2015, 90);
INSERT INTO people VALUES(200243, 'Jon', 'Mefford', NULL, NULL, 'M');
INSERT INTO credits VALUES(200270, 200243, 'D');
INSERT INTO movies VALUES(200271, 'One Soldier''s Story: The Journey of American Sniper', 'en', 2015, 90);
INSERT INTO people VALUES(200244, 'Gary', 'Leva', NULL, NULL, 'M');
INSERT INTO credits VALUES(200271, 200244, 'D');
INSERT INTO movies VALUES(200272, 'The Screwball Comedy - When Hollywood Went Mad', 'fr', 2015, 90);
INSERT INTO people VALUES(200245, 'Clara', 'Kuperberg', NULL, NULL, 'M');
INSERT INTO credits VALUES(200272, 200245, 'D');
INSERT INTO movies VALUES(200273, 'Most Likely to Die', 'en', 2015, 90);
INSERT INTO people VALUES(200246, 'Anthony', 'DiBlasi', NULL, NULL, 'M');
INSERT INTO credits VALUES(200273, 200246, 'D');
INSERT INTO movies VALUES(200274, 'The Elevator: Three Minutes Can Change Your Life', 'en', 2015, 90);
INSERT INTO people VALUES(200247, 'Massimo', 'Coglitore', NULL, NULL, 'M');
INSERT INTO credits VALUES(200274, 200247, 'D');
INSERT INTO movies VALUES(200275, 'The Intern', 'en', 2015, 90);
INSERT INTO people VALUES(200248, 'Nancy', 'Meyers', NULL, NULL, 'M');
INSERT INTO credits VALUES(200275, 200248, 'D');
INSERT INTO movies VALUES(200276, 'Pixels', 'en', 2015, 90);
INSERT INTO people VALUES(200249, 'Chris', 'Columbus', NULL, NULL, 'M');
INSERT INTO credits VALUES(200276, 200249, 'D');
INSERT INTO movies VALUES(200277, 'Vacation', 'en', 2015, 90);
INSERT INTO people VALUES(200250, 'John', 'Daley', NULL, NULL, 'M');
INSERT INTO credits VALUES(200277, 200250, 'D');
INSERT INTO movies VALUES(200278, 'I''m All Yours', 'fr', 2015, 90);
INSERT INTO people VALUES(200251, 'Baya', 'Kasmi', NULL, NULL, 'M');
INSERT INTO credits VALUES(200278, 200251, 'D');
INSERT INTO movies VALUES(200279, 'Sicario', 'en', 2015, 90);
INSERT INTO credits VALUES(200279, 200037, 'D');
INSERT INTO movies VALUES(200280, 'Going Clear: Scientology and the Prison of Belief', 'en', 2015, 90);
INSERT INTO people VALUES(200252, 'Alex', 'Gibney', NULL, NULL, 'M');
INSERT INTO credits VALUES(200280, 200252, 'D');
INSERT INTO movies VALUES(200281, 'How to Beat a Bully', 'en', 2015, 90);
INSERT INTO people VALUES(200253, 'Doug', 'Bilitch', NULL, NULL, 'M');
INSERT INTO credits VALUES(200281, 200253, 'D');
INSERT INTO movies VALUES(200282, 'Bleak Street', 'es', 2015, 90);
INSERT INTO people VALUES(200254, 'Arturo', 'Ripstein', NULL, NULL, 'M');
INSERT INTO credits VALUES(200282, 200254, 'D');
INSERT INTO movies VALUES(200283, 'Lo que vale un peine', 'es', 2015, 90);
INSERT INTO people VALUES(200255, 'Rosa', 'Serrano', NULL, NULL, 'M');
INSERT INTO credits VALUES(200283, 200255, 'D');
INSERT INTO movies VALUES(200284, 'Professor Branestawm Returns', 'en', 2015, 90);
INSERT INTO people VALUES(200256, 'Sandy', 'Johnson', NULL, NULL, 'M');
INSERT INTO credits VALUES(200284, 200256, 'D');
INSERT INTO movies VALUES(200285, 'LEGO DC Comics Super Heroes: Justice League - Attack of the Legion of Doom!', 'en', 2015, 90);
INSERT INTO people VALUES(200257, 'Rick', 'Morales', NULL, NULL, 'M');
INSERT INTO credits VALUES(200285, 200257, 'D');
INSERT INTO movies VALUES(200286, 'Girls'' Night Out', 'es', 2015, 90);
INSERT INTO people VALUES(200258, 'Manuela', 'Moreno', NULL, NULL, 'M');
INSERT INTO credits VALUES(200286, 200258, 'D');
INSERT INTO movies VALUES(200287, 'Chappie', 'en', 2015, 90);
INSERT INTO people VALUES(200259, 'Neill', 'Blomkamp', NULL, NULL, 'M');
INSERT INTO credits VALUES(200287, 200259, 'D');
INSERT INTO movies VALUES(200288, 'The Hateful Eight', 'en', 2015, 90);
INSERT INTO people VALUES(200260, 'Quentin', 'Tarantino', NULL, NULL, 'M');
INSERT INTO credits VALUES(200288, 200260, 'D');
INSERT INTO movies VALUES(200289, 'Signed, Sealed, Delivered: From Paris with Love', 'en', 2015, 90);
INSERT INTO people VALUES(200261, 'Kevin', 'Fair', NULL, NULL, 'M');
INSERT INTO credits VALUES(200289, 200261, 'D');
INSERT INTO movies VALUES(200290, 'Female War: A Nasty Deal', 'ko', 2015, 90);
INSERT INTO people VALUES(200262, 'No', 'Zin-soo', NULL, NULL, 'M');
INSERT INTO credits VALUES(200290, 200262, 'D');
INSERT INTO movies VALUES(200291, 'In the Grayscale', 'es', 2015, 90);
INSERT INTO people VALUES(200263, 'Claudio', 'Marcone', NULL, NULL, 'M');
INSERT INTO credits VALUES(200291, 200263, 'D');
INSERT INTO movies VALUES(200292, 'The Man with the Iron Fists 2', 'en', 2015, 90);
INSERT INTO people VALUES(200264, 'Roel', 'Reiné', NULL, NULL, 'M');
INSERT INTO credits VALUES(200292, 200264, 'D');
INSERT INTO movies VALUES(200293, 'Ant-Man', 'en', 2015, 90);
INSERT INTO movies VALUES(200294, 'Mission: Impossible - Rogue Nation', 'en', 2015, 90);
INSERT INTO people VALUES(200265, 'Christopher', 'McQuarrie', NULL, NULL, 'M');
INSERT INTO credits VALUES(200294, 200265, 'D');
INSERT INTO movies VALUES(200295, 'Scouts Guide to the Zombie Apocalypse', 'en', 2015, 90);
INSERT INTO people VALUES(200266, 'Christopher', 'Landon', NULL, NULL, 'M');
INSERT INTO credits VALUES(200295, 200266, 'D');
INSERT INTO movies VALUES(200296, 'Öl - Die Wahrheit über den Untergang der DDR', 'de', 2015, 90);
INSERT INTO people VALUES(200267, 'Niki', 'Stein', NULL, NULL, 'M');
INSERT INTO credits VALUES(200296, 200267, 'D');
INSERT INTO movies VALUES(200297, 'Creed', 'en', 2015, 90);
INSERT INTO people VALUES(200268, 'Ryan', 'Coogler', NULL, NULL, 'M');
INSERT INTO credits VALUES(200297, 200268, 'D');
INSERT INTO movies VALUES(200298, 'Twilight Storytellers: The Mary Alice Brandon File', 'en', 2015, 90);
INSERT INTO people VALUES(200269, 'Sam', 'Spear', NULL, NULL, 'M');
INSERT INTO credits VALUES(200298, 200269, 'D');
INSERT INTO movies VALUES(200299, 'Atomic: Living in Dread and Promise', 'en', 2015, 90);
INSERT INTO people VALUES(200270, 'Mark', 'Cousins', NULL, NULL, 'M');
INSERT INTO credits VALUES(200299, 200270, 'D');
INSERT INTO movies VALUES(200300, 'Zootopia', 'en', 2016, 90);
INSERT INTO people VALUES(200271, 'Byron', 'Howard', NULL, NULL, 'M');
INSERT INTO credits VALUES(200300, 200271, 'D');
INSERT INTO movies VALUES(200301, 'Your Name.', 'ja', 2016, 90);
INSERT INTO people VALUES(200272, 'Makoto', 'Shinkai', NULL, NULL, 'M');
INSERT INTO credits VALUES(200301, 200272, 'D');
INSERT INTO movies VALUES(200302, 'Me Before You', 'en', 2016, 90);
INSERT INTO people VALUES(200273, 'Thea', 'Sharrock', NULL, NULL, 'M');
INSERT INTO credits VALUES(200302, 200273, 'D');
INSERT INTO movies VALUES(200303, 'The World''s Greatest Head Massage: An ASMR Journey', 'en', 2016, 90);
INSERT INTO people VALUES(200274, 'Mat', 'Hames', NULL, NULL, 'M');
INSERT INTO credits VALUES(200303, 200274, 'D');
INSERT INTO movies VALUES(200304, 'Captain America: Civil War', 'en', 2016, 90);
INSERT INTO people VALUES(200275, 'Joe', 'Russo', NULL, NULL, 'M');
INSERT INTO credits VALUES(200304, 200275, 'D');
INSERT INTO movies VALUES(200305, 'Hacksaw Ridge', 'en', 2016, 90);
INSERT INTO people VALUES(200276, 'Mel', 'Gibson', NULL, NULL, 'M');
INSERT INTO credits VALUES(200305, 200276, 'D');
INSERT INTO movies VALUES(200306, 'Now You See Me 2', 'en', 2016, 90);
INSERT INTO people VALUES(200277, 'Jon', 'Chu', NULL, NULL, 'M');
INSERT INTO credits VALUES(200306, 200277, 'D');
INSERT INTO movies VALUES(200307, 'Train to Busan', 'ko', 2016, 90);
INSERT INTO people VALUES(200278, 'Yeon', 'Sang-ho', NULL, NULL, 'M');
INSERT INTO credits VALUES(200307, 200278, 'D');
INSERT INTO movies VALUES(200308, 'Deadpool', 'en', 2016, 90);
INSERT INTO people VALUES(200279, 'Tim', 'Miller', NULL, NULL, 'M');
INSERT INTO credits VALUES(200308, 200279, 'D');
INSERT INTO movies VALUES(200309, 'Science Fiction Volume One: The Osiris Child', 'en', 2016, 90);
INSERT INTO people VALUES(200280, 'Shane', 'Abbess', NULL, NULL, 'M');
INSERT INTO credits VALUES(200309, 200280, 'D');
INSERT INTO movies VALUES(200310, 'Pop in Q', 'ja', 2016, 90);
INSERT INTO people VALUES(200281, 'Naoki', 'Miyahara', NULL, NULL, 'M');
INSERT INTO credits VALUES(200310, 200281, 'D');
INSERT INTO movies VALUES(200311, 'Batman v Superman: Dawn of Justice', 'en', 2016, 90);
INSERT INTO credits VALUES(200311, 200019, 'D');
INSERT INTO movies VALUES(200312, 'The Past Inside The Present', 'en', 2016, 90);
INSERT INTO people VALUES(200282, 'James', 'Siewert', NULL, NULL, 'M');
INSERT INTO credits VALUES(200312, 200282, 'D');
INSERT INTO movies VALUES(200313, 'Versus: The Life and Films of Ken Loach', 'en', 2016, 90);
INSERT INTO people VALUES(200283, 'Louise', 'Osmond', NULL, NULL, 'M');
INSERT INTO credits VALUES(200313, 200283, 'D');
INSERT INTO movies VALUES(200314, 'Metti, una sera a cena con Peppino', 'it', 2016, 90);
INSERT INTO people VALUES(200284, 'Antonio', 'Castaldo', NULL, NULL, 'M');
INSERT INTO credits VALUES(200314, 200284, 'D');
INSERT INTO movies VALUES(200315, 'Boyka: Undisputed IV', 'en', 2016, 90);
INSERT INTO people VALUES(200285, 'Todor', 'Chapkanov', NULL, NULL, 'M');
INSERT INTO credits VALUES(200315, 200285, 'D');
INSERT INTO movies VALUES(200316, 'Grand Hotel', 'no', 2016, 90);
INSERT INTO people VALUES(200286, 'Arild', 'Fröhlich', NULL, NULL, 'M');
INSERT INTO credits VALUES(200316, 200286, 'D');
INSERT INTO movies VALUES(200317, 'Du vent dans les branches de sassafras', 'fr', 2016, 90);
INSERT INTO people VALUES(200287, 'Emmanuel', 'Murat', NULL, NULL, 'M');
INSERT INTO credits VALUES(200317, 200287, 'D');
INSERT INTO movies VALUES(200318, 'The Handmaiden', 'ko', 2016, 90);
INSERT INTO people VALUES(200288, 'Park', 'Chan-wook', NULL, NULL, 'M');
INSERT INTO credits VALUES(200318, 200288, 'D');
INSERT INTO movies VALUES(200319, 'Between Cuba and Mexico, Everything is Bonito & Sabroso', 'en', 2016, 90);
INSERT INTO people VALUES(200289, 'Idalmis', 'Risco', NULL, NULL, 'M');
INSERT INTO credits VALUES(200319, 200289, 'D');
INSERT INTO movies VALUES(200320, 'De Puerto Rico para el mundo', 'es', 2016, 90);
INSERT INTO people VALUES(200290, 'Carlitos', 'Ruiz', NULL, NULL, 'M');
INSERT INTO credits VALUES(200320, 200290, 'D');
INSERT INTO movies VALUES(200321, 'How to Lose Weight in 4 Easy Steps!', 'en', 2016, 90);
INSERT INTO people VALUES(200291, 'Ben', 'Berman', NULL, NULL, 'M');
INSERT INTO credits VALUES(200321, 200291, 'D');
INSERT INTO movies VALUES(200322, 'Close Encounters with Vilmos Zsigmond', 'en', 2016, 90);
INSERT INTO people VALUES(200292, 'Pierre', 'Filmon', NULL, NULL, 'M');
INSERT INTO credits VALUES(200322, 200292, 'D');
INSERT INTO movies VALUES(200323, 'Ninjago: Masters of Spinjitzu - Day of the Departed', 'en', 2016, 90);
INSERT INTO people VALUES(200293, 'Peter', 'Hausner', NULL, NULL, 'M');
INSERT INTO credits VALUES(200323, 200293, 'D');
INSERT INTO movies VALUES(200324, 'The Best Democracy Money Can Buy', 'en', 2016, 90);
INSERT INTO people VALUES(200294, 'David', 'Ambrose', NULL, NULL, 'M');
INSERT INTO credits VALUES(200324, 200294, 'D');
INSERT INTO movies VALUES(200325, 'Abandoned', 'en', 2016, 90);
INSERT INTO people VALUES(200295, 'John', 'Laing', NULL, NULL, 'M');
INSERT INTO credits VALUES(200325, 200295, 'D');
INSERT INTO movies VALUES(200326, 'La La Land', 'en', 2016, 90);
INSERT INTO credits VALUES(200326, 200104, 'D');
INSERT INTO movies VALUES(200327, 'Surviving Compton: Dre, Suge and Michel''le', 'en', 2016, 90);
INSERT INTO people VALUES(200296, 'Janice', 'Cooke', NULL, NULL, 'M');
INSERT INTO credits VALUES(200327, 200296, 'D');
INSERT INTO movies VALUES(200328, 'Waffles and Bullet Holes: A Return to Sioux Falls', 'en', 2016, 90);
INSERT INTO people VALUES(200297, 'Keith', 'Gordon', NULL, NULL, 'M');
INSERT INTO credits VALUES(200328, 200297, 'D');
INSERT INTO movies VALUES(200329, 'Rustom', 'hi', 2016, 90);
INSERT INTO people VALUES(200298, 'Tinu', 'Desai', NULL, NULL, 'M');
INSERT INTO credits VALUES(200329, 200298, 'D');
INSERT INTO movies VALUES(200330, 'LEGO DC Comics Super Heroes: Justice League - Gotham City Breakout', 'en', 2016, 90);
INSERT INTO people VALUES(200299, 'Matt', 'Peters', NULL, NULL, 'M');
INSERT INTO credits VALUES(200330, 200299, 'D');
INSERT INTO movies VALUES(200331, 'Eat That Question: Frank Zappa in His Own Words', 'en', 2016, 90);
INSERT INTO people VALUES(200300, 'Thorsten', 'Schütte', NULL, NULL, 'M');
INSERT INTO credits VALUES(200331, 200300, 'D');
INSERT INTO movies VALUES(200332, 'Rasberries', 'en', 2016, 90);
INSERT INTO people VALUES(200301, 'Ahamed', 'Weinberg', NULL, NULL, 'M');
INSERT INTO credits VALUES(200332, 200301, 'D');
INSERT INTO movies VALUES(200333, 'Let''s Do It: A Tribute to Victoria Wood', 'en', 2016, 90);
INSERT INTO people VALUES(200302, 'Andrew', 'Nicholson', NULL, NULL, 'M');
INSERT INTO credits VALUES(200333, 200302, 'D');
INSERT INTO movies VALUES(200334, 'Ainda Não Acabámos: Como Se Fosse Uma Carta', 'pt', 2016, 90);
INSERT INTO people VALUES(200303, 'Jorge', 'Melo', NULL, NULL, 'M');
INSERT INTO credits VALUES(200334, 200303, 'D');
INSERT INTO movies VALUES(200335, 'Struggle for Life', 'fr', 2016, 90);
INSERT INTO people VALUES(200304, 'Antonin', 'Peretjatko', NULL, NULL, 'M');
INSERT INTO credits VALUES(200335, 200304, 'D');
INSERT INTO movies VALUES(200336, 'Emma nach Mitternacht - Der Wolf und die sieben Geiseln', 'de', 2016, 90);
INSERT INTO people VALUES(200305, 'Torsten', 'Fischer', NULL, NULL, 'M');
INSERT INTO credits VALUES(200336, 200305, 'D');
INSERT INTO movies VALUES(200337, 'Must See TV: An All Star Tribute to James Burrows', 'en', 2016, 90);
INSERT INTO people VALUES(200306, 'Ryan', 'Polito', NULL, NULL, 'M');
INSERT INTO credits VALUES(200337, 200306, 'D');
INSERT INTO movies VALUES(200338, 'Donald Trump''s The Art of the Deal: The Movie', 'en', 2016, 90);
INSERT INTO people VALUES(200307, 'Jeremy', 'Konner', NULL, NULL, 'M');
INSERT INTO credits VALUES(200338, 200307, 'D');
INSERT INTO movies VALUES(200339, 'Il était une fois... « Le procès de Viviane Amsalem »', 'fr', 2016, 90);
INSERT INTO people VALUES(200308, 'Yossi', 'Aviram', NULL, NULL, 'M');
INSERT INTO credits VALUES(200339, 200308, 'D');
INSERT INTO movies VALUES(200340, 'Disney''s Broadway Hits at London''s Royal Albert Hall', 'en', 2016, 90);
INSERT INTO people VALUES(200309, 'Jay', 'Hatcher', NULL, NULL, 'M');
INSERT INTO credits VALUES(200340, 200309, 'D');
INSERT INTO movies VALUES(200341, 'The Beatles: Eight Days a Week - The Touring Years', 'en', 2016, 90);
INSERT INTO credits VALUES(200341, 200067, 'D');
INSERT INTO movies VALUES(200342, 'Arrival', 'en', 2016, 90);
INSERT INTO credits VALUES(200342, 200037, 'D');
INSERT INTO movies VALUES(200343, 'Zombi Apocalipsis Sensuale 2: Zombis Nazis en la Yungla', 'es', 2016, 90);
INSERT INTO people VALUES(200310, 'Germán', 'Magariños', NULL, NULL, 'M');
INSERT INTO credits VALUES(200343, 200310, 'D');
INSERT INTO movies VALUES(200344, 'Ken Jacobs / diNMachine @ The Nervous Magic Lantern Festival', 'xx', 2016, 90);
INSERT INTO people VALUES(200311, 'Ken', 'Jacobs', NULL, NULL, 'M');
INSERT INTO credits VALUES(200344, 200311, 'D');
INSERT INTO movies VALUES(200345, 'Art-house Martial Arts — Tony Rayns on A Touch of Zen', 'en', 2016, 90);
INSERT INTO people VALUES(200312, 'Angie', 'Bucknell', NULL, NULL, 'M');
INSERT INTO credits VALUES(200345, 200312, 'D');
INSERT INTO movies VALUES(200346, 'All Roads Lead to Rome', 'en', 2016, 90);
INSERT INTO people VALUES(200313, 'Ella', 'Lemhagen', NULL, NULL, 'M');
INSERT INTO credits VALUES(200346, 200313, 'D');
INSERT INTO movies VALUES(200347, 'Fantastic Beasts and Where to Find Them', 'en', 2016, 90);
INSERT INTO people VALUES(200314, 'David', 'Yates', NULL, NULL, 'M');
INSERT INTO credits VALUES(200347, 200314, 'D');
INSERT INTO movies VALUES(200348, 'Seattle Road', 'en', 2016, 90);
INSERT INTO people VALUES(200315, 'Ryan', 'David', NULL, NULL, 'M');
INSERT INTO credits VALUES(200348, 200315, 'D');
INSERT INTO movies VALUES(200349, 'The Cat In The Hat Knows A Lot About Halloween!', 'en', 2016, 90);
INSERT INTO movies VALUES(200350, 'Hillary''s America: The Secret History of the Democratic Party', 'en', 2016, 90);
INSERT INTO people VALUES(200316, 'Dinesh', 'D''Souza', NULL, NULL, 'M');
INSERT INTO credits VALUES(200350, 200316, 'D');
INSERT INTO movies VALUES(200351, 'Independence Day: Resurgence', 'en', 2016, 90);
INSERT INTO people VALUES(200317, 'Roland', 'Emmerich', NULL, NULL, 'M');
INSERT INTO credits VALUES(200351, 200317, 'D');
INSERT INTO movies VALUES(200352, 'God''s Not Dead 2', 'en', 2016, 90);
INSERT INTO people VALUES(200318, 'Harold', 'Cronk', NULL, NULL, 'M');
INSERT INTO credits VALUES(200352, 200318, 'D');
INSERT INTO movies VALUES(200353, 'Norman: The Moderate Rise and Tragic Fall of a New York Fixer', 'en', 2016, 90);
INSERT INTO people VALUES(200319, 'Joseph', 'Cedar', NULL, NULL, 'M');
INSERT INTO credits VALUES(200353, 200319, 'D');
INSERT INTO movies VALUES(200354, 'Doctor Strange', 'en', 2016, 90);
INSERT INTO people VALUES(200320, 'Scott', 'Derrickson', NULL, NULL, 'M');
INSERT INTO credits VALUES(200354, 200320, 'D');
INSERT INTO movies VALUES(200355, 'The Conjuring 2', 'en', 2016, 90);
INSERT INTO credits VALUES(200355, 200003, 'D');
INSERT INTO movies VALUES(200356, 'Les Enfoirés 2016 - Au rendez-vous des Enfoirés', 'fr', 2016, 90);
INSERT INTO people VALUES(200321, 'Pascal', 'Duchêne', NULL, NULL, 'M');
INSERT INTO credits VALUES(200356, 200321, 'D');
INSERT INTO movies VALUES(200357, 'Livers of Darkness: Making "Dude Bro Party Massacre III"', 'en', 2016, 90);
INSERT INTO people VALUES(200322, 'Mike', 'James', NULL, NULL, 'M');
INSERT INTO credits VALUES(200357, 200322, 'D');
INSERT INTO movies VALUES(200358, 'Pelé: Birth of a Legend', 'en', 2016, 90);
INSERT INTO people VALUES(200323, 'Jeff', 'Zimbalist', NULL, NULL, 'M');
INSERT INTO credits VALUES(200358, 200323, 'D');
INSERT INTO movies VALUES(200359, 'It Takes a Village: The Making of Village of the Damned', 'en', 2016, 90);
INSERT INTO people VALUES(200324, 'Sean', 'Clark', NULL, NULL, 'M');
INSERT INTO credits VALUES(200359, 200324, 'D');
INSERT INTO movies VALUES(200360, 'RE:BORN', 'ja', 2016, 90);
INSERT INTO people VALUES(200325, 'Yuji', 'Shimomura', NULL, NULL, 'M');
INSERT INTO credits VALUES(200360, 200325, 'D');
INSERT INTO movies VALUES(200361, 'De Prinses Op De Erwt: Een Modern Sprookje', 'nl', 2016, 90);
INSERT INTO movies VALUES(200362, 'Milli Vanilli: From Fame to Shame', 'en', 2016, 90);
INSERT INTO credits VALUES(200362, 200221, 'D');
INSERT INTO movies VALUES(200363, 'Bulan Terbelah di Langit Amerika 2', 'id', 2016, 90);
INSERT INTO people VALUES(200326, 'Rizal', 'Mantovani', NULL, NULL, 'M');
INSERT INTO credits VALUES(200363, 200326, 'D');
INSERT INTO movies VALUES(200364, 'The Jungle Book', 'en', 2016, 90);
INSERT INTO people VALUES(200327, 'Jon', 'Favreau', NULL, NULL, 'M');
INSERT INTO credits VALUES(200364, 200327, 'D');
INSERT INTO movies VALUES(200365, 'Mom''s Friend 2', 'ko', 2016, 90);
INSERT INTO people VALUES(200328, 'Lim', 'Hyun-tae', NULL, NULL, 'M');
INSERT INTO credits VALUES(200365, 200328, 'D');
INSERT INTO movies VALUES(200366, 'Tales of an Immoral Couple', 'es', 2016, 90);
INSERT INTO credits VALUES(200366, 200039, 'D');
INSERT INTO movies VALUES(200367, 'Almuth und Rita - Zwei wie Pech und Schwefel', 'de', 2016, 90);
INSERT INTO people VALUES(200329, 'Nikolai', 'Müllerschön', NULL, NULL, 'M');
INSERT INTO credits VALUES(200367, 200329, 'D');
INSERT INTO movies VALUES(200368, 'New Girls in Town: A Resurgence of Women''s Wrestling', 'en', 2016, 90);
INSERT INTO people VALUES(200330, 'Gezus', 'Zaire', NULL, NULL, 'M');
INSERT INTO credits VALUES(200368, 200330, 'D');
INSERT INTO movies VALUES(200369, 'On Air: Storia di Un Successo', 'it', 2016, 90);
INSERT INTO people VALUES(200331, 'Davide', 'Mazzoli', NULL, NULL, 'M');
INSERT INTO credits VALUES(200369, 200331, 'D');
INSERT INTO movies VALUES(200370, 'Hidden Figures', 'en', 2016, 90);
INSERT INTO people VALUES(200332, 'Theodore', 'Melfi', NULL, NULL, 'M');
INSERT INTO credits VALUES(200370, 200332, 'D');
INSERT INTO movies VALUES(200371, 'No Letting Go', 'en', 2016, 90);
INSERT INTO people VALUES(200333, 'Jonathan', 'Bucari', NULL, NULL, 'M');
INSERT INTO credits VALUES(200371, 200333, 'D');
INSERT INTO movies VALUES(200372, 'The Rocky Horror Picture Show: Let''s Do the Time Warp Again', 'en', 2016, 90);
INSERT INTO people VALUES(200334, 'Kenny', 'Ortega', NULL, NULL, 'M');
INSERT INTO credits VALUES(200372, 200334, 'D');
INSERT INTO movies VALUES(200373, 'Sing', 'en', 2016, 90);
INSERT INTO people VALUES(200335, 'Garth', 'Jennings', NULL, NULL, 'M');
INSERT INTO credits VALUES(200373, 200335, 'D');
INSERT INTO movies VALUES(200374, 'Jak básníci čekají na zázrak', 'cs', 2016, 90);
INSERT INTO people VALUES(200336, 'Dušan', 'Klein', NULL, NULL, 'M');
INSERT INTO credits VALUES(200374, 200336, 'D');
INSERT INTO movies VALUES(200375, 'Party Time: The Music of Return of the Living Dead', 'en', 2016, 90);
INSERT INTO people VALUES(200337, 'David', 'Gregory', NULL, NULL, 'M');
INSERT INTO credits VALUES(200375, 200337, 'D');
INSERT INTO movies VALUES(200376, 'Winnetou - A New World', 'de', 2016, 90);
INSERT INTO people VALUES(200338, 'Philipp', 'Stölzl', NULL, NULL, 'M');
INSERT INTO credits VALUES(200376, 200338, 'D');
INSERT INTO movies VALUES(200377, 'Signed, Sealed, Delivered: One in a Million', 'en', 2016, 90);
INSERT INTO credits VALUES(200377, 200261, 'D');
INSERT INTO movies VALUES(200378, 'Enlighten Us: The Rise and Fall of James Arthur Ray', 'en', 2016, 90);
INSERT INTO people VALUES(200339, 'Jenny', 'Carchman', NULL, NULL, 'M');
INSERT INTO credits VALUES(200378, 200339, 'D');
INSERT INTO movies VALUES(200379, 'Ka Ka Ka Po', 'ta', 2016, 90);
INSERT INTO people VALUES(200340, 'P.', 'Vijay', NULL, NULL, 'M');
INSERT INTO credits VALUES(200379, 200340, 'D');
INSERT INTO movies VALUES(200380, 'Gods of Egypt', 'en', 2016, 90);
INSERT INTO people VALUES(200341, 'Alex', 'Proyas', NULL, NULL, 'M');
INSERT INTO credits VALUES(200380, 200341, 'D');
INSERT INTO movies VALUES(200381, 'The Cold Front Brought by the Rain', 'pt', 2016, 90);
INSERT INTO people VALUES(200342, 'Neville', 'D''Almeida', NULL, NULL, 'M');
INSERT INTO credits VALUES(200381, 200342, 'D');
INSERT INTO movies VALUES(200382, 'A Silent Voice: The Movie', 'ja', 2016, 90);
INSERT INTO people VALUES(200343, 'Naoko', 'Yamada', NULL, NULL, 'M');
INSERT INTO credits VALUES(200382, 200343, 'D');
INSERT INTO movies VALUES(200383, 'BET Presents Love & Happiness: An Obama Celebration', 'en', 2016, 90);
INSERT INTO people VALUES(200344, 'Chris', 'Robinson', NULL, NULL, 'M');
INSERT INTO credits VALUES(200383, 200344, 'D');
INSERT INTO movies VALUES(200384, 'Hard Target 2', 'en', 2016, 90);
INSERT INTO credits VALUES(200384, 200264, 'D');
INSERT INTO movies VALUES(200385, 'Kill Command', 'en', 2016, 90);
INSERT INTO people VALUES(200345, 'Steven', 'Gomez', NULL, NULL, 'M');
INSERT INTO credits VALUES(200385, 200345, 'D');
INSERT INTO movies VALUES(200386, 'Secrets of the Force Awakens: A Cinematic Journey', 'en', 2016, 90);
INSERT INTO credits VALUES(200386, 200061, 'D');
INSERT INTO movies VALUES(200387, 'Meet the Donors: Does Money Talk?', 'en', 2016, 90);
INSERT INTO people VALUES(200346, 'Alexandra', 'Pelosi', NULL, NULL, 'M');
INSERT INTO credits VALUES(200387, 200346, 'D');
INSERT INTO movies VALUES(200388, 'He Does Not Want Peace', 'en', 2016, 90);
INSERT INTO people VALUES(200347, 'Stephen', 'Bozzo', NULL, NULL, 'M');
INSERT INTO credits VALUES(200388, 200347, 'D');
INSERT INTO movies VALUES(200389, 'Le romane - Storie di donne e di quartieri', 'it', 2016, 90);
INSERT INTO people VALUES(200348, 'Giovanna', 'Gagliardo', NULL, NULL, 'M');
INSERT INTO credits VALUES(200389, 200348, 'D');
INSERT INTO movies VALUES(200390, 'Yellow Fever: The Rise and Fall of the Giallo', 'en', 2016, 90);
INSERT INTO credits VALUES(200390, 200027, 'D');
INSERT INTO movies VALUES(200391, 'Trolls', 'en', 2016, 90);
INSERT INTO people VALUES(200349, 'Mike', 'Mitchell', NULL, NULL, 'M');
INSERT INTO credits VALUES(200391, 200349, 'D');
INSERT INTO movies VALUES(200392, 'Now More than Ever: The History of Chicago', 'en', 2016, 90);
INSERT INTO people VALUES(200350, 'Peter', 'Pardini', NULL, NULL, 'M');
INSERT INTO credits VALUES(200392, 200350, 'D');
INSERT INTO movies VALUES(200393, 'Ice Age: Collision Course', 'en', 2016, 90);
INSERT INTO people VALUES(200351, 'Mike', 'Thurmeier', NULL, NULL, 'M');
INSERT INTO credits VALUES(200393, 200351, 'D');
INSERT INTO movies VALUES(200394, 'When Calls The Heart: Christmas', 'en', 2016, 90);
INSERT INTO credits VALUES(200394, 200231, 'D');
INSERT INTO movies VALUES(200395, 'Despite the Falling Snow', 'en', 2016, 90);
INSERT INTO people VALUES(200352, 'Shamim', 'Sarif', NULL, NULL, 'M');
INSERT INTO credits VALUES(200395, 200352, 'D');
INSERT INTO movies VALUES(200396, 'The Haunted House on Kirby Road', 'en', 2016, 90);
INSERT INTO people VALUES(200353, 'Stuart', 'Stone', NULL, NULL, 'M');
INSERT INTO credits VALUES(200396, 200353, 'D');
INSERT INTO movies VALUES(200397, 'Hailey Dean Mysteries: Murder, With Love', 'en', 2016, 90);
INSERT INTO people VALUES(200354, 'Terry', 'Ingram', NULL, NULL, 'M');
INSERT INTO credits VALUES(200397, 200354, 'D');
INSERT INTO movies VALUES(200398, 'Dragon Girls!', 'fr', 2016, 90);
INSERT INTO people VALUES(200355, 'Yves', 'Montmayeur', NULL, NULL, 'M');
INSERT INTO credits VALUES(200398, 200355, 'D');
INSERT INTO movies VALUES(200399, 'VHS Massacre: Cult Films and the Decline of Physical Media', 'en', 2016, 90);
INSERT INTO people VALUES(200356, 'Thomas', 'Seymour', NULL, NULL, 'M');
INSERT INTO credits VALUES(200399, 200356, 'D');
INSERT INTO movies VALUES(200400, 'It', 'en', 2017, 90);
INSERT INTO credits VALUES(200400, 200034, 'D');
INSERT INTO movies VALUES(200401, 'Japanese Mom', 'ko', 2017, 90);
INSERT INTO people VALUES(200357, 'Kim', 'Moo-won', NULL, NULL, 'M');
INSERT INTO credits VALUES(200401, 200357, 'D');
INSERT INTO movies VALUES(200402, 'John Wick: Chapter 2', 'en', 2017, 90);
INSERT INTO credits VALUES(200402, 200156, 'D');
INSERT INTO movies VALUES(200403, 'Coco', 'en', 2017, 90);
INSERT INTO people VALUES(200358, 'Lee', 'Unkrich', NULL, NULL, 'M');
INSERT INTO credits VALUES(200403, 200358, 'D');
INSERT INTO movies VALUES(200404, 'The Power of the Present', 'en', 2017, 90);
INSERT INTO people VALUES(200359, 'Cliff', 'Stephenson', NULL, NULL, 'M');
INSERT INTO credits VALUES(200404, 200359, 'D');
INSERT INTO movies VALUES(200405, 'Blade Runner 2049', 'en', 2017, 90);
INSERT INTO credits VALUES(200405, 200037, 'D');
INSERT INTO movies VALUES(200406, 'Spider-Man: Homecoming', 'en', 2017, 90);
INSERT INTO people VALUES(200360, 'Jon', 'Watts', NULL, NULL, 'M');
INSERT INTO credits VALUES(200406, 200360, 'D');
INSERT INTO movies VALUES(200407, 'Wonder Woman', 'en', 2017, 90);
INSERT INTO people VALUES(200361, 'Patty', 'Jenkins', NULL, NULL, 'M');
INSERT INTO credits VALUES(200407, 200361, 'D');
INSERT INTO movies VALUES(200408, 'La Story du rap français : 30 Ans de succès', 'fr', 2017, 90);
INSERT INTO people VALUES(200362, 'Wilfrid', 'Garcette', NULL, NULL, 'M');
INSERT INTO credits VALUES(200408, 200362, 'D');
INSERT INTO movies VALUES(200409, 'The Carousel Never Stops Turning', 'id', 2017, 90);
INSERT INTO people VALUES(200363, 'Ismail', 'Basbeth', NULL, NULL, 'M');
INSERT INTO credits VALUES(200409, 200363, 'D');
INSERT INTO movies VALUES(200410, 'Brawl in Cell Block 99', 'en', 2017, 90);
INSERT INTO people VALUES(200364, 'S.', 'Zahler', NULL, NULL, 'M');
INSERT INTO credits VALUES(200410, 200364, 'D');
INSERT INTO movies VALUES(200411, 'The Babysitter', 'en', 2017, 90);
INSERT INTO people VALUES(200365, 'McG', '', NULL, NULL, 'M');
INSERT INTO credits VALUES(200411, 200365, 'D');
INSERT INTO movies VALUES(200412, 'Logan', 'en', 2017, 90);
INSERT INTO people VALUES(200366, 'James', 'Mangold', NULL, NULL, 'M');
INSERT INTO credits VALUES(200412, 200366, 'D');
INSERT INTO movies VALUES(200413, 'Marlina the Murderer in Four Acts', 'id', 2017, 90);
INSERT INTO people VALUES(200367, 'Mouly', 'Surya', NULL, NULL, 'M');
INSERT INTO credits VALUES(200413, 200367, 'D');
INSERT INTO movies VALUES(200414, 'Beauty and the Beast', 'en', 2017, 90);
INSERT INTO people VALUES(200368, 'Bill', 'Condon', NULL, NULL, 'M');
INSERT INTO credits VALUES(200414, 200368, 'D');
INSERT INTO movies VALUES(200415, 'How the Beatles Changed the World', 'en', 2017, 90);
INSERT INTO people VALUES(200369, 'Tom', 'O''Dell', NULL, NULL, 'M');
INSERT INTO credits VALUES(200415, 200369, 'D');
INSERT INTO movies VALUES(200416, 'Guardians of the Galaxy Vol. 2', 'en', 2017, 90);
INSERT INTO people VALUES(200370, 'James', 'Gunn', NULL, NULL, 'M');
INSERT INTO credits VALUES(200416, 200370, 'D');
INSERT INTO movies VALUES(200417, 'Operation Carwash: A Worldwide Corruption Scandal Made in Brazil', 'pt', 2017, 90);
INSERT INTO people VALUES(200371, 'Marcelo', 'Antunez', NULL, NULL, 'M');
INSERT INTO credits VALUES(200417, 200371, 'D');
INSERT INTO movies VALUES(200418, 'Water and Sugar – Carlo Di Palma: The Colours of Life', 'it', 2017, 90);
INSERT INTO people VALUES(200372, 'Fariborz', 'Kamkari', NULL, NULL, 'M');
INSERT INTO credits VALUES(200418, 200372, 'D');
INSERT INTO movies VALUES(200419, 'The Heaven None Missed 2', 'id', 2017, 90);
INSERT INTO people VALUES(200373, 'Hanung', 'Bramantyo', NULL, NULL, 'M');
INSERT INTO credits VALUES(200419, 200373, 'D');
INSERT INTO movies VALUES(200420, 'LEGO Marvel Super Heroes: Guardians of the Galaxy - The Thanos Threat', 'en', 2017, 90);
INSERT INTO people VALUES(200374, 'Michael', 'Black', NULL, NULL, 'M');
INSERT INTO credits VALUES(200420, 200374, 'D');
INSERT INTO movies VALUES(200421, 'Power of Grayskull: The Definitive History of He-Man and the Masters of the Universe', 'en', 2017, 90);
INSERT INTO people VALUES(200375, 'Robert', 'McCallum', NULL, NULL, 'M');
INSERT INTO credits VALUES(200421, 200375, 'D');
INSERT INTO movies VALUES(200422, 'The Death and Life of Otto Bloom', 'en', 2017, 90);
INSERT INTO people VALUES(200376, 'Cris', 'Jones', NULL, NULL, 'M');
INSERT INTO credits VALUES(200422, 200376, 'D');
INSERT INTO movies VALUES(200423, 'Garage Sale Mystery: Murder Most Medieval', 'en', 2017, 90);
INSERT INTO credits VALUES(200423, 200231, 'D');
INSERT INTO movies VALUES(200424, 'Jedermann liebt Karli Spiehs – Einer Legende auf der Spur', 'de', 2017, 90);
INSERT INTO people VALUES(200377, 'Otto', 'Retzer', NULL, NULL, 'M');
INSERT INTO credits VALUES(200424, 200377, 'D');
INSERT INTO movies VALUES(200425, 'Get Out', 'en', 2017, 90);
INSERT INTO people VALUES(200378, 'Jordan', 'Peele', NULL, NULL, 'M');
INSERT INTO credits VALUES(200425, 200378, 'D');
INSERT INTO movies VALUES(200426, 'How to Talk to Girls at Parties', 'en', 2017, 90);
INSERT INTO people VALUES(200379, 'John', 'Mitchell', NULL, NULL, 'M');
INSERT INTO credits VALUES(200426, 200379, 'D');
INSERT INTO movies VALUES(200427, 'Mariah Carey''s All I Want for Christmas Is You', 'en', 2017, 90);
INSERT INTO people VALUES(200380, 'Guy', 'Vasilovich', NULL, NULL, 'M');
INSERT INTO credits VALUES(200427, 200380, 'D');
INSERT INTO movies VALUES(200428, 'Cars 3', 'en', 2017, 90);
INSERT INTO people VALUES(200381, 'Brian', 'Fee', NULL, NULL, 'M');
INSERT INTO credits VALUES(200428, 200381, 'D');
INSERT INTO movies VALUES(200429, 'It Was Fifty Years Ago Today! The Beatles: Sgt. Pepper & Beyond', 'en', 2017, 90);
INSERT INTO people VALUES(200382, 'Alan', 'Parker', NULL, NULL, 'M');
INSERT INTO credits VALUES(200429, 200382, 'D');
INSERT INTO movies VALUES(200430, 'Girls Trip', 'en', 2017, 90);
INSERT INTO people VALUES(200383, 'Malcolm', 'Lee', NULL, NULL, 'M');
INSERT INTO credits VALUES(200430, 200383, 'D');
INSERT INTO movies VALUES(200431, 'What Happened to Monday', 'en', 2017, 90);
INSERT INTO people VALUES(200384, 'Tommy', 'Wirkola', NULL, NULL, 'M');
INSERT INTO credits VALUES(200431, 200384, 'D');
INSERT INTO movies VALUES(200432, 'Thor: Ragnarok', 'en', 2017, 90);
INSERT INTO people VALUES(200385, 'Taika', 'Waititi', NULL, NULL, 'M');
INSERT INTO credits VALUES(200432, 200385, 'D');
INSERT INTO movies VALUES(200433, 'Malasartes e o Duelo com a Morte', 'pt', 2017, 90);
INSERT INTO people VALUES(200386, 'Paulo', 'Morelli', NULL, NULL, 'M');
INSERT INTO credits VALUES(200433, 200386, 'D');
INSERT INTO movies VALUES(200434, 'Let''s See How Fast This Baby Will Go', 'en', 2017, 90);
INSERT INTO people VALUES(200387, 'Julietta', 'Boscolo', NULL, NULL, 'M');
INSERT INTO credits VALUES(200434, 200387, 'D');
INSERT INTO movies VALUES(200435, 'One Percent More Humid', 'en', 2017, 90);
INSERT INTO movies VALUES(200436, 'xXx: Return of Xander Cage', 'en', 2017, 90);
INSERT INTO people VALUES(200388, 'D.J.', 'Caruso', NULL, NULL, 'M');
INSERT INTO credits VALUES(200436, 200388, 'D');
INSERT INTO movies VALUES(200437, 'Call Me by Your Name', 'en', 2017, 90);
INSERT INTO people VALUES(200389, 'Luca', 'Guadagnino', NULL, NULL, 'M');
INSERT INTO credits VALUES(200437, 200389, 'D');
INSERT INTO movies VALUES(200438, 'The Carlos Benede Story', 'de', 2017, 90);
INSERT INTO people VALUES(200390, 'Johannes', 'Fabrick', NULL, NULL, 'M');
INSERT INTO credits VALUES(200438, 200390, 'D');
INSERT INTO movies VALUES(200439, 'Cloudy with a Chance of Meatballs: Swallow-een Falls Spooktacular!', 'en', 2017, 90);
INSERT INTO people VALUES(200391, 'Johnny', 'Darrell', NULL, NULL, 'M');
INSERT INTO credits VALUES(200439, 200391, 'D');
INSERT INTO movies VALUES(200440, 'It', 'en', 2017, 90);
INSERT INTO people VALUES(200392, 'Anouk', 'Clercq', NULL, NULL, 'M');
INSERT INTO credits VALUES(200440, 200392, 'D');
INSERT INTO movies VALUES(200441, 'Mother''s Job', 'ko', 2017, 90);
INSERT INTO people VALUES(200393, 'Do', 'Bong-san', NULL, NULL, 'M');
INSERT INTO credits VALUES(200441, 200393, 'D');
INSERT INTO movies VALUES(200442, 'Allmen and the Pink Diamond', 'de', 2017, 90);
INSERT INTO people VALUES(200394, 'Thomas', 'Berger', NULL, NULL, 'M');
INSERT INTO credits VALUES(200442, 200394, 'D');
INSERT INTO movies VALUES(200443, 'Pitch Perfect 3', 'en', 2017, 90);
INSERT INTO people VALUES(200395, 'Trish', 'Sie', NULL, NULL, 'M');
INSERT INTO credits VALUES(200443, 200395, 'D');
INSERT INTO movies VALUES(200444, 'Sree Hari Hara Sudhan Swami Ayyappan', 'ta', 2017, 90);
INSERT INTO movies VALUES(200445, 'Pirates of the Caribbean: Dead Men Tell No Tales', 'en', 2017, 90);
INSERT INTO people VALUES(200396, 'Espen', 'Sandberg', NULL, NULL, 'M');
INSERT INTO credits VALUES(200445, 200396, 'D');
INSERT INTO movies VALUES(200446, 'The Greatest Showman', 'en', 2017, 90);
INSERT INTO people VALUES(200397, 'Michael', 'Gracey', NULL, NULL, 'M');
INSERT INTO credits VALUES(200446, 200397, 'D');
INSERT INTO movies VALUES(200447, 'If You Saw His Heart', 'fr', 2017, 90);
INSERT INTO people VALUES(200398, 'Joan', 'Chemla', NULL, NULL, 'M');
INSERT INTO credits VALUES(200447, 200398, 'D');
INSERT INTO movies VALUES(200448, '14,74 oder Das Streben nach Mittelmäßigkeit', 'de', 2017, 90);
INSERT INTO people VALUES(200399, 'Antoine', 'Dengler', NULL, NULL, 'M');
INSERT INTO credits VALUES(200448, 200399, 'D');
INSERT INTO movies VALUES(200449, 'Real: The Plan Behind History', 'pt', 2017, 90);
INSERT INTO people VALUES(200400, 'Rodrigo', 'Bittencourt', NULL, NULL, 'M');
INSERT INTO credits VALUES(200449, 200400, 'D');
INSERT INTO movies VALUES(200450, 'The Stories: The Making of ''Rogue One: A Star Wars Story''', 'en', 2017, 90);
INSERT INTO people VALUES(200401, 'Glen', 'Milner', NULL, NULL, 'M');
INSERT INTO credits VALUES(200450, 200401, 'D');
INSERT INTO movies VALUES(200451, 'Rosamunde Pilcher: Wie von einem anderen Stern', 'de', 2017, 90);
INSERT INTO people VALUES(200402, 'Marco', 'Serafini', NULL, NULL, 'M');
INSERT INTO credits VALUES(200451, 200402, 'D');
INSERT INTO movies VALUES(200452, 'Film Stars Don''t Die in Liverpool', 'en', 2017, 90);
INSERT INTO people VALUES(200403, 'Paul', 'McGuigan', NULL, NULL, 'M');
INSERT INTO credits VALUES(200452, 200403, 'D');
INSERT INTO movies VALUES(200453, 'Think and Grow Rich: The Legacy', 'en', 2017, 90);
INSERT INTO people VALUES(200404, 'Scott', 'Cervine', NULL, NULL, 'M');
INSERT INTO credits VALUES(200453, 200404, 'D');
INSERT INTO movies VALUES(200454, 'Chedeng & Apple', 'tl', 2017, 90);
INSERT INTO people VALUES(200405, 'Rae', 'Red', NULL, NULL, 'M');
INSERT INTO credits VALUES(200454, 200405, 'D');
INSERT INTO movies VALUES(200455, 'A Thousand Things I Would Do for You', 'es', 2017, 90);
INSERT INTO people VALUES(200406, 'Dídac', 'Cervera', NULL, NULL, 'M');
INSERT INTO credits VALUES(200455, 200406, 'D');
INSERT INTO movies VALUES(200456, 'Stayin'' Alive: A Grammy Salute to the Music of the Bee Gees', 'en', 2017, 90);
INSERT INTO people VALUES(200407, 'Leon', 'Knoles', NULL, NULL, 'M');
INSERT INTO credits VALUES(200456, 200407, 'D');
INSERT INTO movies VALUES(200457, 'Baby Driver', 'en', 2017, 90);
INSERT INTO people VALUES(200408, 'Edgar', 'Wright', NULL, NULL, 'M');
INSERT INTO credits VALUES(200457, 200408, 'D');
INSERT INTO movies VALUES(200458, 'Auf der anderen Seite ist das Gras viel Grüner', 'de', 2017, 90);
INSERT INTO people VALUES(200409, 'Pepe', 'Danquart', NULL, NULL, 'M');
INSERT INTO credits VALUES(200458, 200409, 'D');
INSERT INTO movies VALUES(200459, 'Drugs, Skate & Violence: Filmmaker Harmony Korine', 'en', 2017, 90);
INSERT INTO people VALUES(200410, 'Patrick', 'O''Dell', NULL, NULL, 'M');
INSERT INTO credits VALUES(200459, 200410, 'D');
INSERT INTO movies VALUES(200460, 'The Newspaperman: The Life and Times of Ben Bradlee', 'en', 2017, 90);
INSERT INTO people VALUES(200411, 'John', 'Maggio', NULL, NULL, 'M');
INSERT INTO credits VALUES(200460, 200411, 'D');
INSERT INTO movies VALUES(200461, 'Raymond Roussel: The Day of Glory', 'fr', 2017, 90);
INSERT INTO people VALUES(200412, 'Joan', 'Bofill', NULL, NULL, 'M');
INSERT INTO credits VALUES(200461, 200412, 'D');
INSERT INTO movies VALUES(200462, 'Shark E. Shark in "Which Way To The Ocean?', 'en', 2017, 90);
INSERT INTO people VALUES(200413, 'Doug', 'Nicholas', NULL, NULL, 'M');
INSERT INTO credits VALUES(200462, 200413, 'D');
INSERT INTO movies VALUES(200463, 'Night of Too Many Stars: America Unites for Autism Programs', 'en', 2017, 90);
INSERT INTO movies VALUES(200464, 'Cloudy with a Chance of Meatballs: Lobster Claus Is Coming to Town', 'en', 2017, 90);
INSERT INTO people VALUES(200414, 'Andrew', 'Duncan', NULL, NULL, 'M');
INSERT INTO credits VALUES(200464, 200414, 'D');
INSERT INTO movies VALUES(200465, 'Dark Glamour: The Blood and Guts of Hammer Productions', 'fr', 2017, 90);
INSERT INTO people VALUES(200415, 'Jérôme', 'Korkikian', NULL, NULL, 'M');
INSERT INTO credits VALUES(200465, 200415, 'D');
INSERT INTO movies VALUES(200466, 'Garage Sale Mystery: The Art of Murder', 'en', 2017, 90);
INSERT INTO people VALUES(200416, 'Kristoffer', 'Tabori', NULL, NULL, 'M');
INSERT INTO credits VALUES(200466, 200416, 'D');
INSERT INTO movies VALUES(200467, 'Too Funny to Fail: The Life & Death of The Dana Carvey Show', 'en', 2017, 90);
INSERT INTO people VALUES(200417, 'Josh', 'Greenbaum', NULL, NULL, 'M');
INSERT INTO credits VALUES(200467, 200417, 'D');
INSERT INTO movies VALUES(200468, 'Von Erholung war nie die Rede', 'de', 2017, 90);
INSERT INTO credits VALUES(200468, 200161, 'D');
INSERT INTO movies VALUES(200469, 'Alan Partridge: Why, When, Where, How And Whom?', 'en', 2017, 90);
INSERT INTO people VALUES(200418, 'Joe', 'Fraser', NULL, NULL, 'M');
INSERT INTO credits VALUES(200469, 200418, 'D');
INSERT INTO movies VALUES(200470, 'Covet: Island of Desire', 'ko', 2017, 90);
INSERT INTO people VALUES(200419, 'Kim', 'Jin-sung', NULL, NULL, 'M');
INSERT INTO credits VALUES(200470, 200419, 'D');
INSERT INTO movies VALUES(200471, 'NY Prison Break: The Seduction of Joyce Mitchell', 'en', 2017, 90);
INSERT INTO people VALUES(200420, 'Stephen', 'Tolkin', NULL, NULL, 'M');
INSERT INTO credits VALUES(200471, 200420, 'D');
INSERT INTO movies VALUES(200472, 'Return to... Return to Nuke ''Em High aka Vol. 2', 'en', 2017, 90);
INSERT INTO people VALUES(200421, 'Lloyd', 'Kaufman', NULL, NULL, 'M');
INSERT INTO credits VALUES(200472, 200421, 'D');
INSERT INTO movies VALUES(200473, 'The Truth About Love Is...', 'it', 2017, 90);
INSERT INTO people VALUES(200422, 'Max', 'Croci', NULL, NULL, 'M');
INSERT INTO credits VALUES(200473, 200422, 'D');
INSERT INTO movies VALUES(200474, 'Justice League', 'en', 2017, 90);
INSERT INTO credits VALUES(200474, 200019, 'D');
INSERT INTO movies VALUES(200475, 'Zembla - The Dubious Friends of Donald Trump Part 1: The Russians', 'en', 2017, 90);
INSERT INTO people VALUES(200423, 'Sander', 'Rietveld', NULL, NULL, 'M');
INSERT INTO credits VALUES(200475, 200423, 'D');
INSERT INTO movies VALUES(200476, 'Garage Sale Mystery: A Case Of Murder', 'en', 2017, 90);
INSERT INTO credits VALUES(200476, 200231, 'D');
INSERT INTO movies VALUES(200477, 'The Place', 'it', 2017, 90);
INSERT INTO people VALUES(200424, 'Paolo', 'Genovese', NULL, NULL, 'M');
INSERT INTO credits VALUES(200477, 200424, 'D');
INSERT INTO movies VALUES(200478, 'Turn It Around: The Story of East Bay Punk', 'en', 2017, 90);
INSERT INTO people VALUES(200425, 'Corbett', 'Redford', NULL, NULL, 'M');
INSERT INTO credits VALUES(200478, 200425, 'D');
INSERT INTO movies VALUES(200479, 'First They Killed My Father', 'en', 2017, 90);
INSERT INTO people VALUES(200426, 'Angelina', 'Jolie', NULL, NULL, 'M');
INSERT INTO credits VALUES(200479, 200426, 'D');
INSERT INTO movies VALUES(200480, 'Not for the Young', 'it', 2017, 90);
INSERT INTO people VALUES(200427, 'Giovanni', 'Veronesi', NULL, NULL, 'M');
INSERT INTO credits VALUES(200480, 200427, 'D');
INSERT INTO movies VALUES(200481, 'Martin Scorsese''s Journey Into Silence', 'en', 2017, 90);
INSERT INTO people VALUES(200428, 'Barbara', 'Toennies', NULL, NULL, 'M');
INSERT INTO credits VALUES(200481, 200428, 'D');
INSERT INTO movies VALUES(200482, 'The Further Adventures of Anse and Bhule in No-Man''s Land', 'en', 2017, 90);
INSERT INTO people VALUES(200429, 'Barry', 'Hunt', NULL, NULL, 'M');
INSERT INTO credits VALUES(200482, 200429, 'D');
INSERT INTO movies VALUES(200483, 'Joan Didion: The Center Will Not Hold', 'en', 2017, 90);
INSERT INTO people VALUES(200430, 'Griffin', 'Dunne', NULL, NULL, 'M');
INSERT INTO credits VALUES(200483, 200430, 'D');
INSERT INTO movies VALUES(200484, 'Garage Sale Mystery: The Beach Murder', 'en', 2017, 90);
INSERT INTO credits VALUES(200484, 200231, 'D');
INSERT INTO movies VALUES(200485, 'Better Watch Out', 'en', 2017, 90);
INSERT INTO people VALUES(200431, 'Chris', 'Peckover', NULL, NULL, 'M');
INSERT INTO credits VALUES(200485, 200431, 'D');
INSERT INTO movies VALUES(200486, 'Two Sevens Clash: Dread Meets Punk Rockers', 'en', 2017, 90);
INSERT INTO people VALUES(200432, 'Don', 'Letts', NULL, NULL, 'M');
INSERT INTO credits VALUES(200486, 200432, 'D');
INSERT INTO movies VALUES(200487, 'War for the Planet of the Apes', 'en', 2017, 90);
INSERT INTO credits VALUES(200487, 200123, 'D');
INSERT INTO movies VALUES(200488, 'Ophülsesque: The Look of Letter from an Unknown Woman', 'en', 2017, 90);
INSERT INTO people VALUES(200433, 'Gillian', 'Horvat', NULL, NULL, 'M');
INSERT INTO credits VALUES(200488, 200433, 'D');
INSERT INTO movies VALUES(200489, 'Mia', 'es', 2017, 90);
INSERT INTO people VALUES(200434, 'Oriol', 'Colomar', NULL, NULL, 'M');
INSERT INTO credits VALUES(200489, 200434, 'D');
INSERT INTO movies VALUES(200490, 'Stories of Love That Cannot Belong to This World', 'it', 2017, 90);
INSERT INTO people VALUES(200435, 'Francesca', 'Comencini', NULL, NULL, 'M');
INSERT INTO credits VALUES(200490, 200435, 'D');
INSERT INTO movies VALUES(200491, 'Like a Cat on a Highway', 'it', 2017, 90);
INSERT INTO people VALUES(200436, 'Riccardo', 'Milani', NULL, NULL, 'M');
INSERT INTO credits VALUES(200491, 200436, 'D');
INSERT INTO movies VALUES(200492, 'Harold and Lillian: A Hollywood Love Story', 'en', 2017, 90);
INSERT INTO people VALUES(200437, 'Daniel', 'Raim', NULL, NULL, 'M');
INSERT INTO credits VALUES(200492, 200437, 'D');
INSERT INTO movies VALUES(200493, 'Daddy''s Home 2', 'en', 2017, 90);
INSERT INTO people VALUES(200438, 'Sean', 'Anders', NULL, NULL, 'M');
INSERT INTO credits VALUES(200493, 200438, 'D');
INSERT INTO movies VALUES(200494, 'The Peppercorns and the Curse of the Black King', 'de', 2017, 90);
INSERT INTO people VALUES(200439, 'Christian', 'Theede', NULL, NULL, 'M');
INSERT INTO credits VALUES(200494, 200439, 'D');
INSERT INTO movies VALUES(200495, 'Transformers: The Last Knight', 'en', 2017, 90);
INSERT INTO credits VALUES(200495, 200119, 'D');
INSERT INTO movies VALUES(200496, 'All of My Heart: Inn Love', 'en', 2017, 90);
INSERT INTO credits VALUES(200496, 200354, 'D');
INSERT INTO movies VALUES(200497, 'Valerian and the City of a Thousand Planets', 'en', 2017, 90);
INSERT INTO credits VALUES(200497, 200162, 'D');
INSERT INTO movies VALUES(200498, 'Voyage of Time: Life''s Journey', 'en', 2017, 90);
INSERT INTO people VALUES(200440, 'Terrence', 'Malick', NULL, NULL, 'M');
INSERT INTO credits VALUES(200498, 200440, 'D');
INSERT INTO movies VALUES(200499, 'A New Dimension in Noir: Filming Inferno in 3D', 'en', 2017, 90);
INSERT INTO people VALUES(200441, 'Steven', 'Smith', NULL, NULL, 'M');
INSERT INTO credits VALUES(200499, 200441, 'D');
INSERT INTO movies VALUES(200500, 'The Grinch', 'en', 2018, 90);
INSERT INTO people VALUES(200442, 'Yarrow', 'Cheney', NULL, NULL, 'M');
INSERT INTO credits VALUES(200500, 200442, 'D');
INSERT INTO movies VALUES(200501, 'Avengers: Infinity War', 'en', 2018, 90);
INSERT INTO credits VALUES(200501, 200275, 'D');
INSERT INTO movies VALUES(200502, 'Fatal Pulse', 'en', 2018, 90);
INSERT INTO people VALUES(200443, 'Damon', 'Packard', NULL, NULL, 'M');
INSERT INTO credits VALUES(200502, 200443, 'D');
INSERT INTO movies VALUES(200503, 'To All the Boys I''ve Loved Before', 'en', 2018, 90);
INSERT INTO people VALUES(200444, 'Susan', 'Johnson', NULL, NULL, 'M');
INSERT INTO credits VALUES(200503, 200444, 'D');
INSERT INTO movies VALUES(200504, 'Rocco Chinnici: May Your Kiss Lie Lightly On My Head', 'it', 2018, 90);
INSERT INTO credits VALUES(200504, 200087, 'D');
INSERT INTO movies VALUES(200505, 'The Predator', 'en', 2018, 90);
INSERT INTO credits VALUES(200505, 200006, 'D');
INSERT INTO movies VALUES(200506, 'Spider-Man: Into the Spider-Verse', 'en', 2018, 90);
INSERT INTO people VALUES(200445, 'Bob', 'Persichetti', NULL, NULL, 'M');
INSERT INTO credits VALUES(200506, 200445, 'D');
INSERT INTO movies VALUES(200507, 'A Twelve-Year Night', 'es', 2018, 90);
INSERT INTO people VALUES(200446, 'Álvaro', 'Brechner', NULL, NULL, 'M');
INSERT INTO credits VALUES(200507, 200446, 'D');
INSERT INTO movies VALUES(200508, 'Carneval - Der Clown bringt den Tod', 'de', 2018, 90);
INSERT INTO people VALUES(200447, 'Nicolai', 'Rohde', NULL, NULL, 'M');
INSERT INTO credits VALUES(200508, 200447, 'D');
INSERT INTO movies VALUES(200509, 'Ready Player One', 'en', 2018, 90);
INSERT INTO people VALUES(200448, 'Steven', 'Spielberg', NULL, NULL, 'M');
INSERT INTO credits VALUES(200509, 200448, 'D');
INSERT INTO movies VALUES(200510, 'Venom', 'en', 2018, 90);
INSERT INTO people VALUES(200449, 'Ruben', 'Fleischer', NULL, NULL, 'M');
INSERT INTO credits VALUES(200510, 200449, 'D');
INSERT INTO movies VALUES(200511, 'Money. Murder. Zurich.: Borchert and the last hope', 'de', 2018, 90);
INSERT INTO people VALUES(200450, 'Roland', 'Richter', NULL, NULL, 'M');
INSERT INTO credits VALUES(200511, 200450, 'D');
INSERT INTO movies VALUES(200512, 'Dark Arts: Inside ''To the Devil a Daughter''', 'en', 2018, 90);
INSERT INTO people VALUES(200451, 'Marcus', 'Hearn', NULL, NULL, 'M');
INSERT INTO credits VALUES(200512, 200451, 'D');
INSERT INTO movies VALUES(200513, 'The Christmas Chronicles', 'en', 2018, 90);
INSERT INTO people VALUES(200452, 'Clay', 'Kaytis', NULL, NULL, 'M');
INSERT INTO credits VALUES(200513, 200452, 'D');
INSERT INTO movies VALUES(200514, 'PyeongChang 2018 Olympic Closing Ceremony: The Next Wave', 'ko', 2018, 90);
INSERT INTO people VALUES(200453, 'Song', 'Seung-hwan', NULL, NULL, 'M');
INSERT INTO credits VALUES(200514, 200453, 'D');
INSERT INTO movies VALUES(200515, 'The Nutcracker and the Four Realms', 'en', 2018, 90);
INSERT INTO people VALUES(200454, 'Lasse', 'Hallström', NULL, NULL, 'M');
INSERT INTO credits VALUES(200515, 200454, 'D');
INSERT INTO movies VALUES(200516, 'A Final Cut for Orson: 40 Years in the Making', 'en', 2018, 90);
INSERT INTO people VALUES(200455, 'Ryan', 'Suffern', NULL, NULL, 'M');
INSERT INTO credits VALUES(200516, 200455, 'D');
INSERT INTO movies VALUES(200517, 'Hailey Dean Mysteries: A Marriage Made for Murder', 'en', 2018, 90);
INSERT INTO people VALUES(200456, 'Michael', 'Robison', NULL, NULL, 'M');
INSERT INTO credits VALUES(200517, 200456, 'D');
INSERT INTO movies VALUES(200518, 'All Is True', 'en', 2018, 90);
INSERT INTO credits VALUES(200518, 200195, 'D');
INSERT INTO movies VALUES(200519, 'Amsterdam Undercover: Risen from the dead', 'de', 2018, 90);
INSERT INTO people VALUES(200457, 'Peter', 'Ladkani', NULL, NULL, 'M');
INSERT INTO credits VALUES(200519, 200457, 'D');
INSERT INTO movies VALUES(200520, 'Pauvres mais beaux, les débuts de la comédie à l''italienne', 'it', 2018, 90);
INSERT INTO people VALUES(200458, 'Lorenzo', 'Codelli', NULL, NULL, 'M');
INSERT INTO credits VALUES(200520, 200458, 'D');
INSERT INTO movies VALUES(200521, 'John Leguizamo''s Latin History for Morons', 'en', 2018, 90);
INSERT INTO people VALUES(200459, 'Tony', 'Taccone', NULL, NULL, 'M');
INSERT INTO credits VALUES(200521, 200459, 'D');
INSERT INTO movies VALUES(200522, 'Fifty Shades Freed', 'en', 2018, 90);
INSERT INTO people VALUES(200460, 'James', 'Foley', NULL, NULL, 'M');
INSERT INTO credits VALUES(200522, 200460, 'D');
INSERT INTO movies VALUES(200523, 'The Simone Biles Story: Courage to Soar', 'en', 2018, 90);
INSERT INTO people VALUES(200461, 'Vanessa', 'Parise', NULL, NULL, 'M');
INSERT INTO credits VALUES(200523, 200461, 'D');
INSERT INTO movies VALUES(200524, 'Through the Banks of the Red Cedar', 'en', 2018, 90);
INSERT INTO people VALUES(200462, 'Maya', 'Washington', NULL, NULL, 'M');
INSERT INTO credits VALUES(200524, 200462, 'D');
INSERT INTO movies VALUES(200525, 'Most Likely to Murder', 'en', 2018, 90);
INSERT INTO people VALUES(200463, 'Dan', 'Gregor', NULL, NULL, 'M');
INSERT INTO credits VALUES(200525, 200463, 'D');
INSERT INTO movies VALUES(200526, 'Better than Sex! or: How to Make a Wishman Film', 'en', 2018, 90);
INSERT INTO people VALUES(200464, 'Adelgunde', 'Korzycki', NULL, NULL, 'M');
INSERT INTO credits VALUES(200526, 200464, 'D');
INSERT INTO movies VALUES(200527, 'Return to Christmas Creek', 'en', 2018, 90);
INSERT INTO people VALUES(200465, 'Don', 'McBrearty', NULL, NULL, 'M');
INSERT INTO credits VALUES(200527, 200465, 'D');
INSERT INTO movies VALUES(200528, 'Der Streit um den Hirntod – Organspende auf dem Prüfstand', 'de', 2018, 90);
INSERT INTO people VALUES(200466, 'Ingo', 'Thöne', NULL, NULL, 'M');
INSERT INTO credits VALUES(200528, 200466, 'D');
INSERT INTO movies VALUES(200529, 'Otzi and the Mystery of Time', 'en', 2018, 90);
INSERT INTO people VALUES(200467, 'Gabriele', 'Pignotta', NULL, NULL, 'M');
INSERT INTO credits VALUES(200529, 200467, 'D');
INSERT INTO movies VALUES(200530, 'Bobby Robson: More Than a Manager', 'en', 2018, 90);
INSERT INTO people VALUES(200468, 'Torquil', 'Jones', NULL, NULL, 'M');
INSERT INTO credits VALUES(200530, 200468, 'D');
INSERT INTO movies VALUES(200531, 'Black Panther', 'en', 2018, 90);
INSERT INTO credits VALUES(200531, 200268, 'D');
INSERT INTO movies VALUES(200532, 'Aquaman', 'en', 2018, 90);
INSERT INTO credits VALUES(200532, 200003, 'D');
INSERT INTO movies VALUES(200533, 'Don''t Worry, He Won''t Get Far on Foot', 'en', 2018, 90);
INSERT INTO people VALUES(200469, 'Gus', 'Sant', NULL, NULL, 'M');
INSERT INTO credits VALUES(200533, 200469, 'D');
INSERT INTO movies VALUES(200534, 'Closing Gambit: 1978 Korchnoi versus Karpov and the Kremlin', 'en', 2018, 90);
INSERT INTO people VALUES(200470, 'Alan', 'Byron', NULL, NULL, 'M');
INSERT INTO credits VALUES(200534, 200470, 'D');
INSERT INTO movies VALUES(200535, 'Bohemian Rhapsody', 'en', 2018, 90);
INSERT INTO credits VALUES(200535, 200129, 'D');
INSERT INTO movies VALUES(200536, 'A Bread Factory, Part One: For the Sake of Gold', 'en', 2018, 90);
INSERT INTO people VALUES(200471, 'Patrick', 'Wang', NULL, NULL, 'M');
INSERT INTO credits VALUES(200536, 200471, 'D');
INSERT INTO movies VALUES(200537, 'Gosnell: The Trial of America''s Biggest Serial Killer', 'en', 2018, 90);
INSERT INTO people VALUES(200472, 'Nick', 'Searcy', NULL, NULL, 'M');
INSERT INTO credits VALUES(200537, 200472, 'D');
INSERT INTO movies VALUES(200538, 'God''s Not Dead: A Light in Darkness', 'en', 2018, 90);
INSERT INTO people VALUES(200473, 'Michael', 'Mason', NULL, NULL, 'M');
INSERT INTO credits VALUES(200538, 200473, 'D');
INSERT INTO movies VALUES(200539, 'Incredibles 2', 'en', 2018, 90);
INSERT INTO people VALUES(200474, 'Brad', 'Bird', NULL, NULL, 'M');
INSERT INTO credits VALUES(200539, 200474, 'D');
INSERT INTO movies VALUES(200540, 'Johnny English Strikes Again', 'en', 2018, 90);
INSERT INTO people VALUES(200475, 'David', 'Kerr', NULL, NULL, 'M');
INSERT INTO credits VALUES(200540, 200475, 'D');
INSERT INTO movies VALUES(200541, 'LEGO Marvel Super Heroes: Black Panther - Trouble in Wakanda', 'en', 2018, 90);
INSERT INTO credits VALUES(200541, 200374, 'D');
INSERT INTO movies VALUES(200542, 'Inspektor Jury - Der Tod des Harlekins', 'de', 2018, 90);
INSERT INTO people VALUES(200476, 'Marcus', 'Ulbricht', NULL, NULL, 'M');
INSERT INTO credits VALUES(200542, 200476, 'D');
INSERT INTO movies VALUES(200543, 'The Man Who Killed Don Quixote', 'en', 2018, 90);
INSERT INTO people VALUES(200477, 'Terry', 'Gilliam', NULL, NULL, 'M');
INSERT INTO credits VALUES(200543, 200477, 'D');
INSERT INTO movies VALUES(200544, 'Hocus Pocus 25th Anniversary Halloween Bash', 'en', 2018, 90);
INSERT INTO people VALUES(200478, 'Joe', 'DeMaio', NULL, NULL, 'M');
INSERT INTO credits VALUES(200544, 200478, 'D');
INSERT INTO movies VALUES(200545, 'Swiped: Hooking Up in the Digital Age', 'en', 2018, 90);
INSERT INTO people VALUES(200479, 'Nancy', 'Sales', NULL, NULL, 'M');
INSERT INTO credits VALUES(200545, 200479, 'D');
INSERT INTO movies VALUES(200546, 'Peter Rabbit', 'en', 2018, 90);
INSERT INTO people VALUES(200480, 'Will', 'Gluck', NULL, NULL, 'M');
INSERT INTO credits VALUES(200546, 200480, 'D');
INSERT INTO movies VALUES(200547, 'Jurassic World: Fallen Kingdom', 'en', 2018, 90);
INSERT INTO people VALUES(200481, 'J.A.', 'Bayona', NULL, NULL, 'M');
INSERT INTO credits VALUES(200547, 200481, 'D');
INSERT INTO movies VALUES(200548, 'Money. Murder. Zurich.: Borchert and the power of habit', 'de', 2018, 90);
INSERT INTO credits VALUES(200548, 200450, 'D');
INSERT INTO movies VALUES(200549, 'Mission: Impossible - Fallout', 'en', 2018, 90);
INSERT INTO credits VALUES(200549, 200265, 'D');
INSERT INTO movies VALUES(200550, 'ReMastered: Who Shot the Sheriff', 'en', 2018, 90);
INSERT INTO people VALUES(200482, 'Kief', 'Davidson', NULL, NULL, 'M');
INSERT INTO credits VALUES(200550, 200482, 'D');
INSERT INTO movies VALUES(200551, 'Hurricane Bianca: From Russia with Hate', 'en', 2018, 90);
INSERT INTO people VALUES(200483, 'Matt', 'Kugelman', NULL, NULL, 'M');
INSERT INTO credits VALUES(200551, 200483, 'D');
INSERT INTO movies VALUES(200552, 'Green Book', 'en', 2018, 90);
INSERT INTO people VALUES(200484, 'Peter', 'Farrelly', NULL, NULL, 'M');
INSERT INTO credits VALUES(200552, 200484, 'D');
INSERT INTO movies VALUES(200553, 'Scotty and the Secret History of Hollywood', 'en', 2018, 90);
INSERT INTO people VALUES(200485, 'Matt', 'Tyrnauer', NULL, NULL, 'M');
INSERT INTO credits VALUES(200553, 200485, 'D');
INSERT INTO movies VALUES(200554, 'Skeletons in the Closet', 'en', 2018, 90);
INSERT INTO people VALUES(200486, 'Tony', 'Wash', NULL, NULL, 'M');
INSERT INTO credits VALUES(200554, 200486, 'D');
INSERT INTO movies VALUES(200555, 'Worlds of Ursula K. Le Guin', 'en', 2018, 90);
INSERT INTO people VALUES(200487, 'Arwen', 'Curry', NULL, NULL, 'M');
INSERT INTO credits VALUES(200555, 200487, 'D');
INSERT INTO movies VALUES(200556, 'Shaquille O''Neal Presents: All Star Comedy Jam: I''m Still Laughing', 'en', 2018, 90);
INSERT INTO people VALUES(200488, 'Leslie', 'Small', NULL, NULL, 'M');
INSERT INTO credits VALUES(200556, 200488, 'D');
INSERT INTO movies VALUES(200557, 'LEGO DC Comics Super Heroes: The Flash', 'en', 2018, 90);
INSERT INTO people VALUES(200489, 'Ethan', 'Spaulding', NULL, NULL, 'M');
INSERT INTO credits VALUES(200557, 200489, 'D');
INSERT INTO movies VALUES(200558, 'The Importance of Being Earnest', 'en', 2018, 90);
INSERT INTO people VALUES(200490, 'Michael', 'Fentiman', NULL, NULL, 'M');
INSERT INTO credits VALUES(200558, 200490, 'D');
INSERT INTO movies VALUES(200559, 'The Nun', 'en', 2018, 90);
INSERT INTO people VALUES(200491, 'Corin', 'Hardy', NULL, NULL, 'M');
INSERT INTO credits VALUES(200559, 200491, 'D');
INSERT INTO movies VALUES(200560, 'The Equalizer 2', 'en', 2018, 90);
INSERT INTO credits VALUES(200560, 200099, 'D');
INSERT INTO movies VALUES(200561, 'A Shoe Addict''s Christmas', 'en', 2018, 90);
INSERT INTO credits VALUES(200561, 200456, 'D');
INSERT INTO movies VALUES(200562, 'Agatha and the Truth of Murder', 'en', 2018, 90);
INSERT INTO people VALUES(200492, 'Terry', 'Loane', NULL, NULL, 'M');
INSERT INTO credits VALUES(200562, 200492, 'D');
INSERT INTO movies VALUES(200563, 'Treno di parole - Viaggio nella poesia di Raffaello Baldini', 'it', 2018, 90);
INSERT INTO people VALUES(200493, 'Silvio', 'Soldini', NULL, NULL, 'M');
INSERT INTO credits VALUES(200563, 200493, 'D');
INSERT INTO movies VALUES(200564, 'Conrad & Michelle: If Words Could Kill', 'en', 2018, 90);
INSERT INTO credits VALUES(200564, 200420, 'D');
INSERT INTO movies VALUES(200565, 'Der Lissabon-Krimi: Der Tote in der Brandung', 'de', 2018, 90);
INSERT INTO people VALUES(200494, 'Sibylle', 'Tafel', NULL, NULL, 'M');
INSERT INTO credits VALUES(200565, 200494, 'D');
INSERT INTO movies VALUES(200566, 'I Think I Have a Crush on You', 'sv', 2018, 90);
INSERT INTO people VALUES(200495, 'Maria', 'Eriksson-Hecht', NULL, NULL, 'M');
INSERT INTO credits VALUES(200566, 200495, 'D');
INSERT INTO movies VALUES(200567, 'Minding the Gap', 'en', 2018, 90);
INSERT INTO people VALUES(200496, 'Bing', 'Liu', NULL, NULL, 'M');
INSERT INTO credits VALUES(200567, 200496, 'D');
INSERT INTO movies VALUES(200568, 'Backstage Raw', 'en', 2018, 90);
INSERT INTO people VALUES(200497, 'Cybil', 'Richards', NULL, NULL, 'M');
INSERT INTO credits VALUES(200568, 200497, 'D');
INSERT INTO movies VALUES(200569, 'Ocean''s Eight', 'en', 2018, 90);
INSERT INTO people VALUES(200498, 'Gary', 'Ross', NULL, NULL, 'M');
INSERT INTO credits VALUES(200569, 200498, 'D');
INSERT INTO movies VALUES(200570, 'Deadpool 2', 'en', 2018, 90);
INSERT INTO people VALUES(200499, 'David', 'Leitch', NULL, NULL, 'M');
INSERT INTO credits VALUES(200570, 200499, 'D');
INSERT INTO movies VALUES(200571, 'Garage Sale Mysteries: Murder In D Minor', 'en', 2018, 90);
INSERT INTO credits VALUES(200571, 200231, 'D');
INSERT INTO movies VALUES(200572, 'Penguin Highway', 'ja', 2018, 90);
INSERT INTO people VALUES(200500, 'Hiroyasu', 'Ishida', NULL, NULL, 'M');
INSERT INTO credits VALUES(200572, 200500, 'D');
INSERT INTO movies VALUES(200573, 'PyeongChang 2018 Olympic Opening Ceremony: Peace in Motion', 'en', 2018, 90);
INSERT INTO credits VALUES(200573, 200453, 'D');
INSERT INTO movies VALUES(200574, 'Apple Music Presents: Little Mix - Live from London', 'en', 2018, 90);
INSERT INTO credits VALUES(200574, 200169, 'D');
INSERT INTO movies VALUES(200575, 'A Girl Named C', 'en', 2018, 90);
INSERT INTO people VALUES(200501, 'Emily', 'Kassie', NULL, NULL, 'M');
INSERT INTO credits VALUES(200575, 200501, 'D');
INSERT INTO movies VALUES(200576, 'A Very Wicked Halloween: Celebrating 15 Years on Broadway', 'en', 2018, 90);
INSERT INTO credits VALUES(200576, 200068, 'D');
INSERT INTO movies VALUES(200577, 'Steve Martin and Martin Short: An Evening You Will Forget for the Rest of Your Life', 'en', 2018, 90);
INSERT INTO movies VALUES(200578, 'The Trigonal: Fight for Justice', 'en', 2018, 90);
INSERT INTO people VALUES(200502, 'Vincent', 'Soberano', NULL, NULL, 'M');
INSERT INTO credits VALUES(200578, 200502, 'D');
INSERT INTO movies VALUES(200579, 'Si saben cómo me pongo ¿Pa'' qué me invitan?', 'es', 2018, 90);
INSERT INTO people VALUES(200503, 'Fernando', 'Ayllón', NULL, NULL, 'M');
INSERT INTO credits VALUES(200579, 200503, 'D');
INSERT INTO movies VALUES(200580, 'A Tale of Two Coreys', 'en', 2018, 90);
INSERT INTO people VALUES(200504, 'Steven', 'Huffaker', NULL, NULL, 'M');
INSERT INTO credits VALUES(200580, 200504, 'D');
INSERT INTO movies VALUES(200581, '3 Years in Pakistan: The Erik Aude Story', 'en', 2018, 90);
INSERT INTO people VALUES(200505, 'Jamielyn', 'Lippman', NULL, NULL, 'M');
INSERT INTO credits VALUES(200581, 200505, 'D');
INSERT INTO movies VALUES(200582, 'The Best Summer of My Life', 'es', 2018, 90);
INSERT INTO people VALUES(200506, 'Dani', 'Orden', NULL, NULL, 'M');
INSERT INTO credits VALUES(200582, 200506, 'D');
INSERT INTO movies VALUES(200583, 'Over Drive', 'ja', 2018, 90);
INSERT INTO people VALUES(200507, 'Eiichiro', 'Hasumi', NULL, NULL, 'M');
INSERT INTO credits VALUES(200583, 200507, 'D');
INSERT INTO movies VALUES(200584, 'The Queen of Hollywood Blvd', 'en', 2018, 90);
INSERT INTO people VALUES(200508, 'Orson', 'Oblowitz', NULL, NULL, 'M');
INSERT INTO credits VALUES(200584, 200508, 'D');
INSERT INTO movies VALUES(200585, 'How It Ends', 'en', 2018, 90);
INSERT INTO people VALUES(200509, 'David', 'Rosenthal', NULL, NULL, 'M');
INSERT INTO credits VALUES(200585, 200509, 'D');
INSERT INTO movies VALUES(200586, 'Darrow & Darrow: Body of Evidence', 'en', 2018, 90);
INSERT INTO people VALUES(200510, 'Mel', 'Damski', NULL, NULL, 'M');
INSERT INTO credits VALUES(200586, 200510, 'D');
INSERT INTO movies VALUES(200587, 'Hereditary', 'en', 2018, 90);
INSERT INTO people VALUES(200511, 'Ari', 'Aster', NULL, NULL, 'M');
INSERT INTO credits VALUES(200587, 200511, 'D');
INSERT INTO movies VALUES(200588, 'Hitler Versus Picasso', 'it', 2018, 90);
INSERT INTO people VALUES(200512, 'Claudio', 'Poli', NULL, NULL, 'M');
INSERT INTO credits VALUES(200588, 200512, 'D');
INSERT INTO movies VALUES(200589, 'Careful How You Go', 'en', 2018, 90);
INSERT INTO people VALUES(200513, 'Emerald', 'Fennell', NULL, NULL, 'M');
INSERT INTO credits VALUES(200589, 200513, 'D');
INSERT INTO movies VALUES(200590, 'The Road to Stardom: The Making of A Star Is Born', 'en', 2018, 90);
INSERT INTO movies VALUES(200591, 'A Quiet Place', 'en', 2018, 90);
INSERT INTO people VALUES(200514, 'John', 'Krasinski', NULL, NULL, 'M');
INSERT INTO credits VALUES(200591, 200514, 'D');
INSERT INTO movies VALUES(200592, 'Boom for Real: The Late Teenage Years of Jean-Michel Basquiat', 'en', 2018, 90);
INSERT INTO people VALUES(200515, 'Sara', 'Driver', NULL, NULL, 'M');
INSERT INTO credits VALUES(200592, 200515, 'D');
INSERT INTO movies VALUES(200593, 'Opeth: Garden Of The Titans - Opeth Live At Red Rocks Amphitheatre', 'en', 2018, 90);
INSERT INTO people VALUES(200516, 'Julien', 'Deka', NULL, NULL, 'M');
INSERT INTO credits VALUES(200593, 200516, 'D');
INSERT INTO movies VALUES(200594, 'The Bad Seed', 'en', 2018, 90);
INSERT INTO people VALUES(200517, 'Rob', 'Lowe', NULL, NULL, 'M');
INSERT INTO credits VALUES(200594, 200517, 'D');
INSERT INTO movies VALUES(200595, 'The Meg', 'en', 2018, 90);
INSERT INTO people VALUES(200518, 'Jon', 'Turteltaub', NULL, NULL, 'M');
INSERT INTO credits VALUES(200595, 200518, 'D');
INSERT INTO movies VALUES(200596, 'The 15:17 to Paris', 'en', 2018, 90);
INSERT INTO people VALUES(200519, 'Clint', 'Eastwood', NULL, NULL, 'M');
INSERT INTO credits VALUES(200596, 200519, 'D');
INSERT INTO movies VALUES(200597, 'Pope Francis: A Man of His Word', 'en', 2018, 90);
INSERT INTO people VALUES(200520, 'Wim', 'Wenders', NULL, NULL, 'M');
INSERT INTO credits VALUES(200597, 200520, 'D');
INSERT INTO movies VALUES(200598, 'Paris Pigalle', 'fr', 2018, 90);
INSERT INTO people VALUES(200521, 'Cédric', 'Anger', NULL, NULL, 'M');
INSERT INTO credits VALUES(200598, 200521, 'D');
INSERT INTO movies VALUES(200599, 'Maze Runner: The Death Cure', 'en', 2018, 90);
INSERT INTO credits VALUES(200599, 200097, 'D');
INSERT INTO movies VALUES(200600, 'It Chapter Two', 'en', 2019, 90);
INSERT INTO credits VALUES(200600, 200034, 'D');
INSERT INTO movies VALUES(200601, 'Lockdown', 'en', 2019, 90);
INSERT INTO people VALUES(200522, 'Logan', 'George', NULL, NULL, 'M');
INSERT INTO credits VALUES(200601, 200522, 'D');
INSERT INTO movies VALUES(200602, 'Parasite', 'ko', 2019, 90);
INSERT INTO credits VALUES(200602, 200044, 'D');
INSERT INTO movies VALUES(200603, 'Article 15', 'hi', 2019, 90);
INSERT INTO people VALUES(200523, 'Anubhav', 'Sinha', NULL, NULL, 'M');
INSERT INTO credits VALUES(200603, 200523, 'D');
INSERT INTO movies VALUES(200604, 'Ne Zha', 'zh', 2019, 90);
INSERT INTO people VALUES(200524, 'Jiao', 'Zi', NULL, NULL, 'M');
INSERT INTO credits VALUES(200604, 200524, 'D');
INSERT INTO movies VALUES(200605, 'Knives Out', 'en', 2019, 90);
INSERT INTO people VALUES(200525, 'Rian', 'Johnson', NULL, NULL, 'M');
INSERT INTO credits VALUES(200605, 200525, 'D');
INSERT INTO movies VALUES(200606, 'Avengers: Endgame', 'en', 2019, 90);
INSERT INTO people VALUES(200526, 'Anthony', 'Russo', NULL, NULL, 'M');
INSERT INTO credits VALUES(200606, 200526, 'D');
INSERT INTO movies VALUES(200607, 'Spider-Man: Far From Home', 'en', 2019, 90);
INSERT INTO credits VALUES(200607, 200360, 'D');
INSERT INTO movies VALUES(200608, 'Joker', 'en', 2019, 90);
INSERT INTO credits VALUES(200608, 200088, 'D');
INSERT INTO movies VALUES(200609, 'Diario de el loro y  el cisne', 'en', 2019, 90);
INSERT INTO people VALUES(200527, 'Alejo', 'Moguillansky', NULL, NULL, 'M');
INSERT INTO credits VALUES(200609, 200527, 'D');
INSERT INTO movies VALUES(200610, 'Live in Front of a Studio Audience: "All in the Family" and "Good Times"', 'en', 2019, 90);
INSERT INTO people VALUES(200528, 'Andy', 'Fisher', NULL, NULL, 'M');
INSERT INTO credits VALUES(200610, 200528, 'D');
INSERT INTO movies VALUES(200611, 'The American Dream: Europeans in the New World', 'de', 2019, 90);
INSERT INTO people VALUES(200529, 'Peter', 'Bardehle', NULL, NULL, 'M');
INSERT INTO credits VALUES(200611, 200529, 'D');
INSERT INTO movies VALUES(200612, 'My Brother’s Name Is Robert and He Is an Idiot', 'de', 2019, 90);
INSERT INTO people VALUES(200530, 'Philip', 'Gröning', NULL, NULL, 'M');
INSERT INTO credits VALUES(200612, 200530, 'D');
INSERT INTO movies VALUES(200613, 'Togo', 'en', 2019, 90);
INSERT INTO people VALUES(200531, 'Ericson', 'Core', NULL, NULL, 'M');
INSERT INTO credits VALUES(200613, 200531, 'D');
INSERT INTO movies VALUES(200614, 'Live in Front of a Studio Audience: Norman Lear''s "All in the Family" and "The Jeffersons"', 'en', 2019, 90);
INSERT INTO credits VALUES(200614, 200528, 'D');
INSERT INTO movies VALUES(200615, 'When Calls the Heart: The Queen of Hearts', 'en', 2019, 90);
INSERT INTO credits VALUES(200615, 200231, 'D');
INSERT INTO movies VALUES(200616, 'The Secret Life of Pets 2', 'en', 2019, 90);
INSERT INTO credits VALUES(200616, 200032, 'D');
INSERT INTO movies VALUES(200617, 'You Only Live Once: Die Toten Hosen on Tour', 'de', 2019, 90);
INSERT INTO credits VALUES(200617, 200169, 'D');
INSERT INTO movies VALUES(200618, 'How I Became a Gangster', 'pl', 2019, 90);
INSERT INTO people VALUES(200532, 'Maciej', 'Kawulski', NULL, NULL, 'M');
INSERT INTO credits VALUES(200618, 200532, 'D');
INSERT INTO movies VALUES(200619, 'The Hitler–Stalin Pact', 'fr', 2019, 90);
INSERT INTO people VALUES(200533, 'Cédric', 'Tourbe', NULL, NULL, 'M');
INSERT INTO credits VALUES(200619, 200533, 'D');
INSERT INTO movies VALUES(200620, 'Don''t Let Go', 'en', 2019, 90);
INSERT INTO people VALUES(200534, 'Jacob', 'Estes', NULL, NULL, 'M');
INSERT INTO credits VALUES(200620, 200534, 'D');
INSERT INTO movies VALUES(200621, 'After', 'en', 2019, 90);
INSERT INTO people VALUES(200535, 'Jenny', 'Gage', NULL, NULL, 'M');
INSERT INTO credits VALUES(200621, 200535, 'D');
INSERT INTO movies VALUES(200622, '522. A Cat, a Chinese Guy and My Father', 'es', 2019, 90);
INSERT INTO people VALUES(200536, 'Paco', 'Baños', NULL, NULL, 'M');
INSERT INTO credits VALUES(200622, 200536, 'D');
INSERT INTO movies VALUES(200623, 'Fate/stay night: Heaven''s Feel II. Lost Butterfly', 'ja', 2019, 90);
INSERT INTO people VALUES(200537, 'Tomonori', 'Sudo', NULL, NULL, 'M');
INSERT INTO credits VALUES(200623, 200537, 'D');
INSERT INTO movies VALUES(200624, 'Once Upon a Time... in Hollywood', 'en', 2019, 90);
INSERT INTO credits VALUES(200624, 200260, 'D');
INSERT INTO movies VALUES(200625, 'Frozen II', 'en', 2019, 90);
INSERT INTO people VALUES(200538, 'Jennifer', 'Lee', NULL, NULL, 'M');
INSERT INTO credits VALUES(200625, 200538, 'D');
INSERT INTO movies VALUES(200626, 'Making Waves: The Art of Cinematic Sound', 'en', 2019, 90);
INSERT INTO people VALUES(200539, 'Midge', 'Costin', NULL, NULL, 'M');
INSERT INTO credits VALUES(200626, 200539, 'D');
INSERT INTO movies VALUES(200627, 'Verdi: Simon Boccanegra (Salzburg Festival)', 'en', 2019, 90);
INSERT INTO movies VALUES(200628, 'La troupe à Palmade s''amuse avec Isabelle Nanty', 'fr', 2019, 90);
INSERT INTO people VALUES(200540, 'Ybao', 'Benedetti', NULL, NULL, 'M');
INSERT INTO credits VALUES(200628, 200540, 'D');
INSERT INTO movies VALUES(200629, 'An Indian in War - Life and Work of António-Pedro Vasconcelos', 'pt', 2019, 90);
INSERT INTO people VALUES(200541, 'Leandro', 'Ferreira', NULL, NULL, 'M');
INSERT INTO credits VALUES(200629, 200541, 'D');
INSERT INTO movies VALUES(200630, 'Psycho-Pass: Sinners of the System - Case.2 First Guardian', 'ja', 2019, 90);
INSERT INTO people VALUES(200542, 'Naoyoshi', 'Shiotani', NULL, NULL, 'M');
INSERT INTO credits VALUES(200630, 200542, 'D');
INSERT INTO movies VALUES(200631, 'Hailey Dean Mysteries: A Prescription for Murder', 'en', 2019, 90);
INSERT INTO people VALUES(200543, 'Allan', 'Harmon', NULL, NULL, 'M');
INSERT INTO credits VALUES(200631, 200543, 'D');
INSERT INTO movies VALUES(200632, 'Would I Lie to You: The Beginning', 'fr', 2019, 90);
INSERT INTO people VALUES(200544, 'Michel', 'Munz', NULL, NULL, 'M');
INSERT INTO credits VALUES(200632, 200544, 'D');
INSERT INTO movies VALUES(200633, 'Angels Among Us: The Tabernacle Choir at Temple Square featuring Kristin Chenoweth', 'en', 2019, 90);
INSERT INTO people VALUES(200545, 'Robert', 'Morton', NULL, NULL, 'M');
INSERT INTO credits VALUES(200633, 200545, 'D');
INSERT INTO movies VALUES(200634, 'Carlo Vanzina - Il cinema è una cosa meravigliosa', 'it', 2019, 90);
INSERT INTO people VALUES(200546, 'Mario', 'Sesti', NULL, NULL, 'M');
INSERT INTO credits VALUES(200634, 200546, 'D');
INSERT INTO movies VALUES(200635, 'Queen of Hearts', 'da', 2019, 90);
INSERT INTO people VALUES(200547, 'May', 'el-Toukhy', NULL, NULL, 'M');
INSERT INTO credits VALUES(200635, 200547, 'D');
INSERT INTO movies VALUES(200636, 'The Man Who Killed Hitler and Then the Bigfoot', 'en', 2019, 90);
INSERT INTO people VALUES(200548, 'Robert', 'Krzykowski', NULL, NULL, 'M');
INSERT INTO credits VALUES(200636, 200548, 'D');
INSERT INTO movies VALUES(200637, 'The Best Years of a Life', 'fr', 2019, 90);
INSERT INTO people VALUES(200549, 'Claude', 'Lelouch', NULL, NULL, 'M');
INSERT INTO credits VALUES(200637, 200549, 'D');
INSERT INTO movies VALUES(200638, 'Latte and the Magic Waterstone', 'de', 2019, 90);
INSERT INTO people VALUES(200550, 'Andrea', 'Deppert', NULL, NULL, 'M');
INSERT INTO credits VALUES(200638, 200550, 'D');
INSERT INTO movies VALUES(200639, 'Marco Polo - Un anno tra i banchi di scuola', 'it', 2019, 90);
INSERT INTO people VALUES(200551, 'Duccio', 'Chiarini', NULL, NULL, 'M');
INSERT INTO credits VALUES(200639, 200551, 'D');
INSERT INTO movies VALUES(200640, 'Whatever Happened to My Revolution', 'fr', 2019, 90);
INSERT INTO people VALUES(200552, 'Judith', 'Davis', NULL, NULL, 'M');
INSERT INTO credits VALUES(200640, 200552, 'D');
INSERT INTO movies VALUES(200641, 'The House of Flowers Presents: The Funeral', 'es', 2019, 90);
INSERT INTO credits VALUES(200641, 200039, 'D');
INSERT INTO movies VALUES(200642, 'The Lion King', 'en', 2019, 90);
INSERT INTO credits VALUES(200642, 200327, 'D');
INSERT INTO movies VALUES(200643, 'Most Likely to Murder', 'en', 2019, 90);
INSERT INTO people VALUES(200553, 'Kaila', 'York', NULL, NULL, 'M');
INSERT INTO credits VALUES(200643, 200553, 'D');
INSERT INTO movies VALUES(200644, 'El Camino: A Breaking Bad Movie', 'en', 2019, 90);
INSERT INTO people VALUES(200554, 'Vince', 'Gilligan', NULL, NULL, 'M');
INSERT INTO credits VALUES(200644, 200554, 'D');
INSERT INTO movies VALUES(200645, 'Klaus', 'en', 2019, 90);
INSERT INTO people VALUES(200555, 'Sergio', 'Pablos', NULL, NULL, 'M');
INSERT INTO credits VALUES(200645, 200555, 'D');
INSERT INTO movies VALUES(200646, 'The Art of Racing in the Rain', 'en', 2019, 90);
INSERT INTO people VALUES(200556, 'Simon', 'Curtis', NULL, NULL, 'M');
INSERT INTO credits VALUES(200646, 200556, 'D');
INSERT INTO movies VALUES(200647, 'Demokratie unter Druck – Europa vor der Wahl', 'de', 2019, 90);
INSERT INTO people VALUES(200557, 'Manuel', 'Gogos', NULL, NULL, 'M');
INSERT INTO credits VALUES(200647, 200557, 'D');
INSERT INTO movies VALUES(200648, 'John Wick: Chapter 3 - Parabellum', 'en', 2019, 90);
INSERT INTO credits VALUES(200648, 200156, 'D');
INSERT INTO movies VALUES(200649, 'Forky Asks a Question: What Is a Friend?', 'en', 2019, 90);
INSERT INTO people VALUES(200558, 'Bob', 'Peterson', NULL, NULL, 'M');
INSERT INTO credits VALUES(200649, 200558, 'D');
INSERT INTO movies VALUES(200650, 'The Beauty of the Land: Anthony Slide on Andre De Toth and the Indian Fighter', 'en', 2019, 90);
INSERT INTO people VALUES(200559, 'Robert', 'Fischer', NULL, NULL, 'M');
INSERT INTO credits VALUES(200650, 200559, 'D');
INSERT INTO movies VALUES(200651, 'Aladdin', 'en', 2019, 90);
INSERT INTO credits VALUES(200651, 200220, 'D');
INSERT INTO movies VALUES(200652, 'The Lunnis and the Great Fairy Tale Adventures', 'es', 2019, 90);
INSERT INTO people VALUES(200560, 'Juan', 'Buscarini', NULL, NULL, 'M');
INSERT INTO credits VALUES(200652, 200560, 'D');
INSERT INTO movies VALUES(200653, 'Zerschunden - Ein Fall für Dr. Abel', 'de', 2019, 90);
INSERT INTO people VALUES(200561, 'Hansjörg', 'Thurn', NULL, NULL, 'M');
INSERT INTO credits VALUES(200653, 200561, 'D');
INSERT INTO movies VALUES(200654, 'La notte è piccola per noi', 'it', 2019, 90);
INSERT INTO people VALUES(200562, 'Gianfrancesco', 'Lazotti', NULL, NULL, 'M');
INSERT INTO credits VALUES(200654, 200562, 'D');
INSERT INTO movies VALUES(200655, 'Fast & Furious Presents: Hobbs & Shaw', 'en', 2019, 90);
INSERT INTO credits VALUES(200655, 200499, 'D');
INSERT INTO movies VALUES(200656, 'Father There Is Only One', 'es', 2019, 90);
INSERT INTO people VALUES(200563, 'Santiago', 'Segura', NULL, NULL, 'M');
INSERT INTO credits VALUES(200656, 200563, 'D');
INSERT INTO movies VALUES(200657, 'Linda Ronstadt: The Sound of My Voice', 'en', 2019, 90);
INSERT INTO people VALUES(200564, 'Rob', 'Epstein', NULL, NULL, 'M');
INSERT INTO credits VALUES(200657, 200564, 'D');
INSERT INTO movies VALUES(200658, 'Anna', 'en', 2019, 90);
INSERT INTO credits VALUES(200658, 200162, 'D');
INSERT INTO movies VALUES(200659, 'The Summers of It – Chapter One: You''ll Float Too', 'en', 2019, 90);
INSERT INTO people VALUES(200565, 'Constantine', 'Nasr', NULL, NULL, 'M');
INSERT INTO credits VALUES(200659, 200565, 'D');
INSERT INTO movies VALUES(200660, 'Ready or Not', 'en', 2019, 90);
INSERT INTO people VALUES(200566, 'Matt', 'Bettinelli-Olpin', NULL, NULL, 'M');
INSERT INTO credits VALUES(200660, 200566, 'D');
INSERT INTO movies VALUES(200661, 'Danger Close: The Battle of Long Tan', 'en', 2019, 90);
INSERT INTO people VALUES(200567, 'Kriv', 'Stenders', NULL, NULL, 'M');
INSERT INTO credits VALUES(200661, 200567, 'D');
INSERT INTO movies VALUES(200662, 'Brave Blue World: Racing to Solve Our Water Crisis', 'en', 2019, 90);
INSERT INTO people VALUES(200568, 'Tim', 'Neeves', NULL, NULL, 'M');
INSERT INTO credits VALUES(200662, 200568, 'D');
INSERT INTO movies VALUES(200663, 'Leftist Extremism: Activism or Terror?', 'de', 2019, 90);
INSERT INTO people VALUES(200569, 'Rainer', 'Fromm', NULL, NULL, 'M');
INSERT INTO credits VALUES(200663, 200569, 'D');
INSERT INTO movies VALUES(200664, 'Forky Asks a Question: What Is Love?', 'en', 2019, 90);
INSERT INTO credits VALUES(200664, 200558, 'D');
INSERT INTO movies VALUES(200665, 'How to Train Your Dragon: The Hidden World', 'en', 2019, 90);
INSERT INTO credits VALUES(200665, 200096, 'D');
INSERT INTO movies VALUES(200666, 'What She Said: The Art of Pauline Kael', 'en', 2019, 90);
INSERT INTO people VALUES(200570, 'Rob', 'Garver', NULL, NULL, 'M');
INSERT INTO credits VALUES(200666, 200570, 'D');
INSERT INTO movies VALUES(200667, 'Serial (Bad) Weddings 2', 'fr', 2019, 90);
INSERT INTO credits VALUES(200667, 200139, 'D');
INSERT INTO movies VALUES(200668, 'Mafia Is Not What It Used to Be', 'it', 2019, 90);
INSERT INTO credits VALUES(200668, 200209, 'D');
INSERT INTO movies VALUES(200669, 'How I Taught Myself to Be a Child', 'de', 2019, 90);
INSERT INTO people VALUES(200571, 'Rupert', 'Henning', NULL, NULL, 'M');
INSERT INTO credits VALUES(200669, 200571, 'D');
INSERT INTO movies VALUES(200670, 'Rolling Thunder Revue: A Bob Dylan Story by Martin Scorsese', 'en', 2019, 90);
INSERT INTO credits VALUES(200670, 200001, 'D');
INSERT INTO movies VALUES(200671, 'When Hitler Stole Pink Rabbit', 'de', 2019, 90);
INSERT INTO people VALUES(200572, 'Caroline', 'Link', NULL, NULL, 'M');
INSERT INTO credits VALUES(200671, 200572, 'D');
INSERT INTO movies VALUES(200672, 'Forky Asks a Question: What Is Money?', 'en', 2019, 90);
INSERT INTO credits VALUES(200672, 200558, 'D');
INSERT INTO movies VALUES(200673, 'How to Train Your Dragon: Homecoming', 'en', 2019, 90);
INSERT INTO people VALUES(200573, 'Tim', 'Johnson', NULL, NULL, 'M');
INSERT INTO credits VALUES(200673, 200573, 'D');
INSERT INTO movies VALUES(200674, 'Godzilla: King of the Monsters', 'en', 2019, 90);
INSERT INTO credits VALUES(200674, 200207, 'D');
INSERT INTO movies VALUES(200675, 'For Better, For Worse', 'es', 2019, 90);
INSERT INTO people VALUES(200574, 'Gabriel', 'Sentíes', NULL, NULL, 'M');
INSERT INTO credits VALUES(200675, 200574, 'D');
INSERT INTO movies VALUES(200676, 'Forky Asks a Question: What Is a Pet?', 'en', 2019, 90);
INSERT INTO credits VALUES(200676, 200558, 'D');
INSERT INTO movies VALUES(200677, '1917', 'en', 2019, 90);
INSERT INTO people VALUES(200575, 'Sam', 'Mendes', NULL, NULL, 'M');
INSERT INTO credits VALUES(200677, 200575, 'D');
INSERT INTO movies VALUES(200678, 'Death Will Come and Shall Have Your Eyes', 'es', 2019, 90);
INSERT INTO people VALUES(200576, 'José', 'Leiva', NULL, NULL, 'M');
INSERT INTO credits VALUES(200678, 200576, 'D');
INSERT INTO movies VALUES(200679, 'Forgotten Christmas', 'no', 2019, 90);
INSERT INTO people VALUES(200577, 'Andrea', 'Eckerbom', NULL, NULL, 'M');
INSERT INTO credits VALUES(200679, 200577, 'D');
INSERT INTO movies VALUES(200680, 'Star Wars: The Rise of Skywalker', 'en', 2019, 90);
INSERT INTO credits VALUES(200680, 200237, 'D');
INSERT INTO movies VALUES(200681, 'The PM, the Playboy and the Wolf of Wall Street', 'en', 2019, 90);
INSERT INTO people VALUES(200578, 'Havana', 'Marking', NULL, NULL, 'M');
INSERT INTO credits VALUES(200681, 200578, 'D');
INSERT INTO movies VALUES(200682, 'Ford v Ferrari', 'en', 2019, 90);
INSERT INTO credits VALUES(200682, 200366, 'D');
INSERT INTO movies VALUES(200683, 'Jumanji: The Next Level', 'en', 2019, 90);
INSERT INTO people VALUES(200579, 'Jake', 'Kasdan', NULL, NULL, 'M');
INSERT INTO credits VALUES(200683, 200579, 'D');
INSERT INTO movies VALUES(200684, 'Horas Amang: Tiga Bulan untuk Selamanya', 'id', 2019, 90);
INSERT INTO people VALUES(200580, 'Irham', 'Bahtiar', NULL, NULL, 'M');
INSERT INTO credits VALUES(200684, 200580, 'D');
INSERT INTO movies VALUES(200685, 'Toy Story 4', 'en', 2019, 90);
INSERT INTO people VALUES(200581, 'Josh', 'Cooley', NULL, NULL, 'M');
INSERT INTO credits VALUES(200685, 200581, 'D');
INSERT INTO movies VALUES(200686, 'The Last Man on Earth Sat Alone in a Room', 'en', 2019, 90);
INSERT INTO people VALUES(200582, 'Junyi', 'Xiao', NULL, NULL, 'M');
INSERT INTO credits VALUES(200686, 200582, 'D');
INSERT INTO movies VALUES(200687, 'The Gangster, the Cop, the Devil', 'ko', 2019, 90);
INSERT INTO people VALUES(200583, 'Lee', 'Won-tae', NULL, NULL, 'M');
INSERT INTO credits VALUES(200687, 200583, 'D');
INSERT INTO movies VALUES(200688, 'Forky Asks a Question: What Is Time?', 'en', 2019, 90);
INSERT INTO credits VALUES(200688, 200558, 'D');
INSERT INTO movies VALUES(200689, 'Ce soir, c''est Palmashow', 'fr', 2019, 90);
INSERT INTO movies VALUES(200690, 'Ron Briley on ''A Face in the Crowd''', 'en', 2019, 90);
INSERT INTO movies VALUES(200691, 'Inmate #1: The Rise of Danny Trejo', 'en', 2019, 90);
INSERT INTO people VALUES(200584, 'Brett', 'Harvey', NULL, NULL, 'M');
INSERT INTO credits VALUES(200691, 200584, 'D');
INSERT INTO movies VALUES(200692, 'Timelapse of the Future: A Journey to the End of Time', 'en', 2019, 90);
INSERT INTO people VALUES(200585, 'John', 'Boswell', NULL, NULL, 'M');
INSERT INTO credits VALUES(200692, 200585, 'D');
INSERT INTO movies VALUES(200693, 'Credo in un solo padre', 'it', 2019, 90);
INSERT INTO people VALUES(200586, 'Luca', 'Guardabascio', NULL, NULL, 'M');
INSERT INTO credits VALUES(200693, 200586, 'D');
INSERT INTO movies VALUES(200694, 'The Place Of The Three Waterfalls. Little Stories Of Hiroshima', 'es', 2019, 90);
INSERT INTO people VALUES(200587, 'Mauricio', 'Novelo', NULL, NULL, 'M');
INSERT INTO credits VALUES(200694, 200587, 'D');
INSERT INTO movies VALUES(200695, 'Loving is Losing', 'es', 2019, 90);
INSERT INTO credits VALUES(200695, 200503, 'D');
INSERT INTO movies VALUES(200696, 'Luke Perry: In His Own Words', 'en', 2019, 90);
INSERT INTO movies VALUES(200697, 'Waiting for the Miracle to Come', 'en', 2019, 90);
INSERT INTO people VALUES(200588, 'Lian', 'Lunson', NULL, NULL, 'M');
INSERT INTO credits VALUES(200697, 200588, 'D');
INSERT INTO movies VALUES(200698, 'Re:ZERO -Starting Life in Another World- The Frozen Bond', 'ja', 2019, 90);
INSERT INTO people VALUES(200589, 'Masaharu', 'Watanabe', NULL, NULL, 'M');
INSERT INTO credits VALUES(200698, 200589, 'D');
INSERT INTO movies VALUES(200699, 'How High 2', 'en', 2019, 90);
INSERT INTO people VALUES(200590, 'Bruce', 'Leddy', NULL, NULL, 'M');
INSERT INTO credits VALUES(200699, 200590, 'D');
INSERT INTO movies VALUES(200700, 'Father There Is Only One 2', 'es', 2020, 90);
INSERT INTO credits VALUES(200700, 200563, 'D');
INSERT INTO movies VALUES(200701, 'Money Heist: The Phenomenon', 'es', 2020, 90);
INSERT INTO people VALUES(200591, 'Luis', 'Alfaro', NULL, NULL, 'M');
INSERT INTO credits VALUES(200701, 200591, 'D');
INSERT INTO movies VALUES(200702, 'Das Glück ist ein Vogerl', 'de', 2020, 90);
INSERT INTO people VALUES(200592, 'Catalina', 'Molina', NULL, NULL, 'M');
INSERT INTO credits VALUES(200702, 200592, 'D');
INSERT INTO movies VALUES(200703, 'Demon Slayer -Kimetsu no Yaiba- The Movie: Mugen Train', 'ja', 2020, 90);
INSERT INTO people VALUES(200593, 'Haruo', 'Sotozaki', NULL, NULL, 'M');
INSERT INTO credits VALUES(200703, 200593, 'D');
INSERT INTO movies VALUES(200704, 'Me Against You: Mr. S''s Vendetta', 'it', 2020, 90);
INSERT INTO people VALUES(200594, 'Gianluca', 'Leuzzi', NULL, NULL, 'M');
INSERT INTO credits VALUES(200704, 200594, 'D');
INSERT INTO movies VALUES(200705, 'Kill It and Leave This Town', 'pl', 2020, 90);
INSERT INTO people VALUES(200595, 'Mariusz', 'Wilczyński', NULL, NULL, 'M');
INSERT INTO credits VALUES(200705, 200595, 'D');
INSERT INTO movies VALUES(200706, 'Let''s Go Crazy: The Grammy Salute to Prince', 'en', 2020, 90);
INSERT INTO credits VALUES(200706, 200407, 'D');
INSERT INTO movies VALUES(200707, 'Wave of Cinema: Nanti Kita Cerita Tentang Hari Ini', 'id', 2020, 90);
INSERT INTO people VALUES(200596, 'Adriano', 'Rudiman', NULL, NULL, 'M');
INSERT INTO credits VALUES(200707, 200596, 'D');
INSERT INTO movies VALUES(200708, 'Pretending I''m a Superman: The Tony Hawk Video Game Story', 'en', 2020, 90);
INSERT INTO people VALUES(200597, 'Ludvig', 'Gür', NULL, NULL, 'M');
INSERT INTO credits VALUES(200708, 200597, 'D');
INSERT INTO movies VALUES(200709, 'The Kissing Booth 2', 'en', 2020, 90);
INSERT INTO people VALUES(200598, 'Vince', 'Marcello', NULL, NULL, 'M');
INSERT INTO credits VALUES(200709, 200598, 'D');
INSERT INTO movies VALUES(200710, 'Dragons: Rescue Riders: Secrets of the Songwing', 'en', 2020, 90);
INSERT INTO people VALUES(200599, 'Steve', 'Evangelatos', NULL, NULL, 'M');
INSERT INTO credits VALUES(200710, 200599, 'D');
INSERT INTO movies VALUES(200711, 'Death Doesn''t Exist, and Love Doesn''t Either', 'es', 2020, 90);
INSERT INTO people VALUES(200600, 'Fernando', 'Salem', NULL, NULL, 'M');
INSERT INTO credits VALUES(200711, 200600, 'D');
INSERT INTO movies VALUES(200712, 'Fatima', 'en', 2020, 90);
INSERT INTO people VALUES(200601, 'Marco', 'Pontecorvo', NULL, NULL, 'M');
INSERT INTO credits VALUES(200712, 200601, 'D');
INSERT INTO movies VALUES(200713, 'Former Cult Member Hears Music for the First Time', 'en', 2020, 90);
INSERT INTO people VALUES(200602, 'Kristoffer', 'Borgli', NULL, NULL, 'M');
INSERT INTO credits VALUES(200713, 200602, 'D');
INSERT INTO movies VALUES(200714, 'Camp Century: The Hidden City Beneath the Ice', 'de', 2020, 90);
INSERT INTO credits VALUES(200714, 200529, 'D');
INSERT INTO movies VALUES(200715, 'The Boss Baby: Get That Baby!', 'en', 2020, 90);
INSERT INTO people VALUES(200603, 'Dan', 'Forgione', NULL, NULL, 'M');
INSERT INTO credits VALUES(200715, 200603, 'D');
INSERT INTO movies VALUES(200716, 'Forky Asks a Question: What Is Reading?', 'en', 2020, 90);
INSERT INTO credits VALUES(200716, 200558, 'D');
INSERT INTO movies VALUES(200717, 'Skin: A History of Nudity in the Movies', 'en', 2020, 90);
INSERT INTO people VALUES(200604, 'Danny', 'Wolf', NULL, NULL, 'M');
INSERT INTO credits VALUES(200717, 200604, 'D');
INSERT INTO movies VALUES(200718, 'A Life of Speed: The Juan Manuel Fangio Story', 'es', 2020, 90);
INSERT INTO people VALUES(200605, 'Francisco', 'Macri', NULL, NULL, 'M');
INSERT INTO credits VALUES(200718, 200605, 'D');
INSERT INTO movies VALUES(200719, 'Home Office: Un especial de Mirreyes contra Godínez', 'es', 2020, 90);
INSERT INTO people VALUES(200606, 'Chava', 'Cartas', NULL, NULL, 'M');
INSERT INTO credits VALUES(200719, 200606, 'D');
INSERT INTO movies VALUES(200720, '250 Jahre Ludwig van Beethoven - Das Jubiläumskonzert aus der Oper Bonn', 'de', 2020, 90);
INSERT INTO people VALUES(200607, 'Michael', 'Beyer', NULL, NULL, 'M');
INSERT INTO credits VALUES(200720, 200607, 'D');
INSERT INTO movies VALUES(200721, 'A West Wing Special to Benefit When We All Vote', 'en', 2020, 90);
INSERT INTO people VALUES(200608, 'Thomas', 'Schlamme', NULL, NULL, 'M');
INSERT INTO credits VALUES(200721, 200608, 'D');
INSERT INTO movies VALUES(200722, 'Forky Asks a Question: What Is Cheese?', 'en', 2020, 90);
INSERT INTO credits VALUES(200722, 200558, 'D');
INSERT INTO movies VALUES(200723, 'Sonic the Hedgehog', 'en', 2020, 90);
INSERT INTO people VALUES(200609, 'Jeff', 'Fowler', NULL, NULL, 'M');
INSERT INTO credits VALUES(200723, 200609, 'D');
INSERT INTO movies VALUES(200724, '40 Years of Rocky: The Birth of a Classic', 'en', 2020, 90);
INSERT INTO people VALUES(200610, 'Derek', 'Johnson', NULL, NULL, 'M');
INSERT INTO credits VALUES(200724, 200610, 'D');
INSERT INTO movies VALUES(200725, 'The Bee Gees: How Can You Mend a Broken Heart', 'en', 2020, 90);
INSERT INTO people VALUES(200611, 'Frank', 'Marshall', NULL, NULL, 'M');
INSERT INTO credits VALUES(200725, 200611, 'D');
INSERT INTO movies VALUES(200726, 'The Choice 2020: Trump vs. Biden', 'en', 2020, 90);
INSERT INTO people VALUES(200612, 'Michael', 'Kirk', NULL, NULL, 'M');
INSERT INTO credits VALUES(200726, 200612, 'D');
INSERT INTO movies VALUES(200727, 'Meet Me In St. Louis: A Holiday Special in Song and On Screen', 'en', 2020, 90);
INSERT INTO people VALUES(200613, 'Charlotte', 'Moore', NULL, NULL, 'M');
INSERT INTO credits VALUES(200727, 200613, 'D');
INSERT INTO movies VALUES(200728, 'Crip Camp: A Disability Revolution', 'en', 2020, 90);
INSERT INTO people VALUES(200614, 'Nicole', 'Newnham', NULL, NULL, 'M');
INSERT INTO credits VALUES(200728, 200614, 'D');
INSERT INTO movies VALUES(200729, 'Natalie Wood: What Remains Behind', 'en', 2020, 90);
INSERT INTO credits VALUES(200729, 200061, 'D');
INSERT INTO movies VALUES(200730, 'The Christmas Chronicles: Part Two', 'en', 2020, 90);
INSERT INTO credits VALUES(200730, 200249, 'D');
INSERT INTO movies VALUES(200731, 'Der gute Bulle: Nur Tote reden nicht', 'de', 2020, 90);
INSERT INTO people VALUES(200615, 'Lars', 'Becker', NULL, NULL, 'M');
INSERT INTO credits VALUES(200731, 200615, 'D');
INSERT INTO movies VALUES(200732, 'Dragons: Rescue Riders: Hunt for the Golden Dragon', 'en', 2020, 90);
INSERT INTO people VALUES(200616, 'Robert', 'Scull', NULL, NULL, 'M');
INSERT INTO credits VALUES(200732, 200616, 'D');
INSERT INTO movies VALUES(200733, 'Clapboard Jungle: Surviving the Independent Film Business', 'en', 2020, 90);
INSERT INTO people VALUES(200617, 'Justin', 'McConnell', NULL, NULL, 'M');
INSERT INTO credits VALUES(200733, 200617, 'D');
INSERT INTO movies VALUES(200734, 'Nobody Sleeps in the Woods Tonight', 'pl', 2020, 90);
INSERT INTO people VALUES(200618, 'Bartosz', 'Kowalski', NULL, NULL, 'M');
INSERT INTO credits VALUES(200734, 200618, 'D');
INSERT INTO movies VALUES(200735, 'Noah''s Arc: The ''Rona Chronicles', 'en', 2020, 90);
INSERT INTO people VALUES(200619, 'Patrik-Ian', 'Polk', NULL, NULL, 'M');
INSERT INTO credits VALUES(200735, 200619, 'D');
INSERT INTO movies VALUES(200736, 'Jack and the Beanstalk: After Ever After', 'en', 2020, 90);
INSERT INTO people VALUES(200620, 'David', 'Sant', NULL, NULL, 'M');
INSERT INTO credits VALUES(200736, 200620, 'D');
INSERT INTO movies VALUES(200737, 'For Madmen Only: The Stories of Del Close', 'en', 2020, 90);
INSERT INTO people VALUES(200621, 'Heather', 'Ross', NULL, NULL, 'M');
INSERT INTO credits VALUES(200737, 200621, 'D');
INSERT INTO movies VALUES(200738, 'Portrait of White Woman with Grey Hair and Wrinkles', 'es', 2020, 90);
INSERT INTO people VALUES(200622, 'Iván', 'Flores', NULL, NULL, 'M');
INSERT INTO credits VALUES(200738, 200622, 'D');
INSERT INTO movies VALUES(200739, 'Diving Deep: The Life and Times of Mike deGruy', 'en', 2020, 90);
INSERT INTO people VALUES(200623, 'Mimi', 'DeGruy', NULL, NULL, 'M');
INSERT INTO credits VALUES(200739, 200623, 'D');
INSERT INTO movies VALUES(200740, 'The Plot Against the President', 'en', 2020, 90);
INSERT INTO people VALUES(200624, 'Amanda', 'Milius', NULL, NULL, 'M');
INSERT INTO credits VALUES(200740, 200624, 'D');
INSERT INTO movies VALUES(200741, 'Soul', 'en', 2020, 90);
INSERT INTO credits VALUES(200741, 200186, 'D');
INSERT INTO movies VALUES(200742, 'Here We Are: Notes for Living on Planet Earth', 'en', 2020, 90);
INSERT INTO people VALUES(200625, 'Philip', 'Hunt', NULL, NULL, 'M');
INSERT INTO credits VALUES(200742, 200625, 'D');
INSERT INTO movies VALUES(200743, 'A Babysitter''s Guide to Monster Hunting', 'en', 2020, 90);
INSERT INTO people VALUES(200626, 'Rachel', 'Talalay', NULL, NULL, 'M');
INSERT INTO credits VALUES(200743, 200626, 'D');
INSERT INTO movies VALUES(200744, 'The Disney Family Singalong - Volume II', 'en', 2020, 90);
INSERT INTO people VALUES(200627, 'Hamish', 'Hamilton', NULL, NULL, 'M');
INSERT INTO credits VALUES(200744, 200627, 'D');
INSERT INTO movies VALUES(200745, 'Wonder Woman 1984', 'en', 2020, 90);
INSERT INTO credits VALUES(200745, 200361, 'D');
INSERT INTO movies VALUES(200746, 'Jim Button and the Wild 13', 'de', 2020, 90);
INSERT INTO people VALUES(200628, 'Dennis', 'Gansel', NULL, NULL, 'M');
INSERT INTO credits VALUES(200746, 200628, 'D');
INSERT INTO movies VALUES(200747, 'Ospreay: The Rise of an International Pro Wrestler', 'en', 2020, 90);
INSERT INTO people VALUES(200629, 'Jack', 'Williams', NULL, NULL, 'M');
INSERT INTO credits VALUES(200747, 200629, 'D');
INSERT INTO movies VALUES(200748, 'Babenco: Tell Me When I Die', 'pt', 2020, 90);
INSERT INTO people VALUES(200630, 'Bárbara', 'Paz', NULL, NULL, 'M');
INSERT INTO credits VALUES(200748, 200630, 'D');
INSERT INTO movies VALUES(200749, 'Mom''s Friend 2020', 'ko', 2020, 90);
INSERT INTO people VALUES(200631, 'Kim', 'Hwan', NULL, NULL, 'M');
INSERT INTO credits VALUES(200749, 200631, 'D');
INSERT INTO movies VALUES(200750, 'A Place Among the Dead', 'en', 2020, 90);
INSERT INTO people VALUES(200632, 'Juliet', 'Landau', NULL, NULL, 'M');
INSERT INTO credits VALUES(200750, 200632, 'D');
INSERT INTO movies VALUES(200751, 'Time Flies When You Are Having Fun! A Look Back at a Most "Excellent Adventure"', 'en', 2020, 90);
INSERT INTO movies VALUES(200752, 'It''s Yours: A Film on Hip-Hop and the Internet', 'en', 2020, 90);
INSERT INTO people VALUES(200633, 'Marguerite', 'Bourgoing', NULL, NULL, 'M');
INSERT INTO credits VALUES(200752, 200633, 'D');
INSERT INTO movies VALUES(200753, 'Irgendwann ist auch mal gut', 'de', 2020, 90);
INSERT INTO people VALUES(200634, 'Christian', 'Werner', NULL, NULL, 'M');
INSERT INTO credits VALUES(200753, 200634, 'D');
INSERT INTO movies VALUES(200754, 'The Longest Voyage', 'es', 2020, 90);
INSERT INTO people VALUES(200635, 'Manuel', 'Martín', NULL, NULL, 'M');
INSERT INTO credits VALUES(200754, 200635, 'D');
INSERT INTO movies VALUES(200755, 'HA Festival: The Art of Comedy', 'en', 2020, 90);
INSERT INTO movies VALUES(200756, 'The Island of Lies', 'es', 2020, 90);
INSERT INTO people VALUES(200636, 'Paula', 'Cons', NULL, NULL, 'M');
INSERT INTO credits VALUES(200756, 200636, 'D');
INSERT INTO movies VALUES(200757, 'Max und die wilde 7', 'de', 2020, 90);
INSERT INTO people VALUES(200637, 'Winfried', 'Oelsner', NULL, NULL, 'M');
INSERT INTO credits VALUES(200757, 200637, 'D');
INSERT INTO movies VALUES(200758, 'The Croods: A New Age', 'en', 2020, 90);
INSERT INTO people VALUES(200638, 'Joel', 'Crawford', NULL, NULL, 'M');
INSERT INTO credits VALUES(200758, 200638, 'D');
INSERT INTO movies VALUES(200759, 'A Celebration of the Music from Coco', 'en', 2020, 90);
INSERT INTO people VALUES(200639, 'Ron', 'Moraes', NULL, NULL, 'M');
INSERT INTO credits VALUES(200759, 200639, 'D');
INSERT INTO movies VALUES(200760, 'Tutti per 1 - 1 per tutti', 'it', 2020, 90);
INSERT INTO credits VALUES(200760, 200427, 'D');
INSERT INTO movies VALUES(200761, 'John Legend and Family: Bigger Love Father''s Day', 'en', 2020, 90);
INSERT INTO people VALUES(200640, 'Bille', 'Woodruff', NULL, NULL, 'M');
INSERT INTO credits VALUES(200761, 200640, 'D');
INSERT INTO movies VALUES(200762, 'Tenet', 'en', 2020, 90);
INSERT INTO credits VALUES(200762, 200094, 'D');
INSERT INTO movies VALUES(200763, 'A Starry Sky Above the Roman Ghetto', 'it', 2020, 90);
INSERT INTO people VALUES(200641, 'Giulio', 'Base', NULL, NULL, 'M');
INSERT INTO credits VALUES(200763, 200641, 'D');
INSERT INTO movies VALUES(200764, 'Crock of Gold: A Few Rounds with Shane MacGowan', 'en', 2020, 90);
INSERT INTO people VALUES(200642, 'Julien', 'Temple', NULL, NULL, 'M');
INSERT INTO credits VALUES(200764, 200642, 'D');
INSERT INTO movies VALUES(200765, 'The Legacy of Dr. Death: Black File', 'ja', 2020, 90);
INSERT INTO people VALUES(200643, 'Yoshihiro', 'Fukagawa', NULL, NULL, 'M');
INSERT INTO credits VALUES(200765, 200643, 'D');
INSERT INTO movies VALUES(200766, 'Ma Rainey''s Black Bottom: A Legacy Brought to Screen', 'en', 2020, 90);
INSERT INTO people VALUES(200644, 'Nico', 'Wiggins', NULL, NULL, 'M');
INSERT INTO credits VALUES(200766, 200644, 'D');
INSERT INTO movies VALUES(200767, 'About Us', 'en', 2020, 90);
INSERT INTO people VALUES(200645, 'Stefan', 'Schwartz', NULL, NULL, 'M');
INSERT INTO credits VALUES(200767, 200645, 'D');
INSERT INTO movies VALUES(200768, 'That''s Brucesploitation! Making Fist of Fear, Touch of Death', 'en', 2020, 90);
INSERT INTO people VALUES(200646, 'Daniel', 'Griffith', NULL, NULL, 'M');
INSERT INTO credits VALUES(200768, 200646, 'D');
INSERT INTO movies VALUES(200769, 'Para toda la muerte', 'es', 2020, 90);
INSERT INTO people VALUES(200647, 'Alfonso', 'Sánchez', NULL, NULL, 'M');
INSERT INTO credits VALUES(200769, 200647, 'D');
INSERT INTO movies VALUES(200770, 'Sabar Ini Ujian', 'id', 2020, 90);
INSERT INTO people VALUES(200648, 'Anggy', 'Umbara', NULL, NULL, 'M');
INSERT INTO credits VALUES(200770, 200648, 'D');
INSERT INTO movies VALUES(200771, 'In a Future April: The Young Pasolini', 'it', 2020, 90);
INSERT INTO people VALUES(200649, 'Federico', 'Savonitto', NULL, NULL, 'M');
INSERT INTO credits VALUES(200771, 200649, 'D');
INSERT INTO movies VALUES(200772, 'Behind the Line: Escape to Dunkirk', 'en', 2020, 90);
INSERT INTO people VALUES(200650, 'Ben', 'Mole', NULL, NULL, 'M');
INSERT INTO credits VALUES(200772, 200650, 'D');
INSERT INTO movies VALUES(200773, 'MoPOP Founders Award 2020 Honoring Alice in Chains', 'en', 2020, 90);
INSERT INTO movies VALUES(200774, 'Milea', 'id', 2020, 90);
INSERT INTO people VALUES(200651, 'Fajar', 'Bustomi', NULL, NULL, 'M');
INSERT INTO credits VALUES(200774, 200651, 'D');
INSERT INTO movies VALUES(200775, 'Ruby Herring Mysteries: Prediction Murder', 'en', 2020, 90);
INSERT INTO credits VALUES(200775, 200231, 'D');
INSERT INTO movies VALUES(200776, 'Greenland', 'en', 2020, 90);
INSERT INTO people VALUES(200652, 'Ric', 'Waugh', NULL, NULL, 'M');
INSERT INTO credits VALUES(200776, 200652, 'D');
INSERT INTO movies VALUES(200777, 'Lucy Shimmers and the Prince of Peace', 'en', 2020, 90);
INSERT INTO people VALUES(200653, 'Rob', 'Diamond', NULL, NULL, 'M');
INSERT INTO credits VALUES(200777, 200653, 'D');
INSERT INTO movies VALUES(200778, 'Let''s Meet Again on Christmas Eve', 'en', 2020, 90);
INSERT INTO people VALUES(200654, 'Jeff', 'Beesley', NULL, NULL, 'M');
INSERT INTO credits VALUES(200778, 200654, 'D');
INSERT INTO movies VALUES(200779, 'Graduate Together: America Honors the High School Class of 2020', 'en', 2020, 90);
INSERT INTO people VALUES(200655, 'James', 'Merryman', NULL, NULL, 'M');
INSERT INTO credits VALUES(200779, 200655, 'D');
INSERT INTO movies VALUES(200780, '50 or Two Whales Meet at the Beach', 'es', 2020, 90);
INSERT INTO people VALUES(200656, 'Jorge', 'Cuchí', NULL, NULL, 'M');
INSERT INTO credits VALUES(200780, 200656, 'D');
INSERT INTO movies VALUES(200781, 'Maggie Simpson in "Playdate with Destiny"', 'en', 2020, 90);
INSERT INTO people VALUES(200657, 'David', 'Silverman', NULL, NULL, 'M');
INSERT INTO credits VALUES(200781, 200657, 'D');
INSERT INTO movies VALUES(200782, 'Beckett Double Bill (Krapp''s Last Tape / The Old Tune)', 'en', 2020, 90);
INSERT INTO people VALUES(200658, 'Trevor', 'Nunn', NULL, NULL, 'M');
INSERT INTO credits VALUES(200782, 200658, 'D');
INSERT INTO movies VALUES(200783, 'Swing! La vida d’un secret', 'ca', 2020, 90);
INSERT INTO people VALUES(200659, 'Miguel', 'Bisier', NULL, NULL, 'M');
INSERT INTO credits VALUES(200783, 200659, 'D');
INSERT INTO movies VALUES(200784, 'The All-Star Nickmas Spectacular', 'en', 2020, 90);
INSERT INTO movies VALUES(200785, 'How to Fake a War', 'en', 2020, 90);
INSERT INTO people VALUES(200660, 'Rudolph', 'Herzog', NULL, NULL, 'M');
INSERT INTO credits VALUES(200785, 200660, 'D');
INSERT INTO movies VALUES(200786, 'Birds of Prey (and the Fantabulous Emancipation of One Harley Quinn)', 'en', 2020, 90);
INSERT INTO people VALUES(200661, 'Cathy', 'Yan', NULL, NULL, 'M');
INSERT INTO credits VALUES(200786, 200661, 'D');
INSERT INTO movies VALUES(200787, 'Il caso Pantani - L''omicidio di un campione', 'it', 2020, 90);
INSERT INTO people VALUES(200662, 'Domenico', 'Ciolfi', NULL, NULL, 'M');
INSERT INTO credits VALUES(200787, 200662, 'D');
INSERT INTO movies VALUES(200788, 'The Secret: Dare to Dream', 'en', 2020, 90);
INSERT INTO people VALUES(200663, 'Andy', 'Tennant', NULL, NULL, 'M');
INSERT INTO credits VALUES(200788, 200663, 'D');
INSERT INTO movies VALUES(200789, 'The Clark Sisters: First Ladies of Gospel', 'en', 2020, 90);
INSERT INTO people VALUES(200664, 'Christine', 'Swanson', NULL, NULL, 'M');
INSERT INTO credits VALUES(200789, 200664, 'D');
INSERT INTO movies VALUES(200790, 'Her Effortless Brilliance: A Celebration of Lynn Shelton Through Film and Music', 'en', 2020, 90);
INSERT INTO people VALUES(200665, 'Megan', 'Griffiths', NULL, NULL, 'M');
INSERT INTO credits VALUES(200790, 200665, 'D');
INSERT INTO movies VALUES(200791, '10 Things We Should Do Before We Break Up', 'en', 2020, 90);
INSERT INTO people VALUES(200666, 'Galt', 'Niederhoffer', NULL, NULL, 'M');
INSERT INTO credits VALUES(200791, 200666, 'D');
INSERT INTO movies VALUES(200792, 'Nobody Knows I''m Here', 'es', 2020, 90);
INSERT INTO people VALUES(200667, 'Gaspar', 'Antillo', NULL, NULL, 'M');
INSERT INTO credits VALUES(200792, 200667, 'D');
INSERT INTO movies VALUES(200793, 'Lee Miller: A Life on the Frontline', 'en', 2020, 90);
INSERT INTO people VALUES(200668, 'Teresa', 'Griffiths', NULL, NULL, 'M');
INSERT INTO credits VALUES(200793, 200668, 'D');
INSERT INTO movies VALUES(200794, 'Das Kino ist tot, es lebe das Kino - Berlinale-Beobachtungen', 'de', 2020, 90);
INSERT INTO people VALUES(200669, 'Thomas', 'Schadt', NULL, NULL, 'M');
INSERT INTO credits VALUES(200794, 200669, 'D');
INSERT INTO movies VALUES(200795, 'The Call of the Wild', 'en', 2020, 90);
INSERT INTO people VALUES(200670, 'Chris', 'Sanders', NULL, NULL, 'M');
INSERT INTO credits VALUES(200795, 200670, 'D');
INSERT INTO movies VALUES(200796, 'Love Affair(s)', 'fr', 2020, 90);
INSERT INTO people VALUES(200671, 'Emmanuel', 'Mouret', NULL, NULL, 'M');
INSERT INTO credits VALUES(200796, 200671, 'D');
INSERT INTO movies VALUES(200797, 'Banksy and the Rise of Outlaw Art', 'en', 2020, 90);
INSERT INTO people VALUES(200672, 'Elio', 'Espana', NULL, NULL, 'M');
INSERT INTO credits VALUES(200797, 200672, 'D');
INSERT INTO movies VALUES(200798, 'Frenemies: Putin and Trump', 'de', 2020, 90);
INSERT INTO people VALUES(200673, 'Claire', 'Walding', NULL, NULL, 'M');
INSERT INTO credits VALUES(200798, 200673, 'D');
INSERT INTO movies VALUES(200799, 'So That Nothing Changes', 'fr', 2020, 90);
INSERT INTO people VALUES(200674, 'Francescu', 'Artily', NULL, NULL, 'M');
INSERT INTO credits VALUES(200799, 200674, 'D');
INSERT INTO movies VALUES(200800, 'Spider-Man: No Way Home', 'en', 2021, 90);
INSERT INTO credits VALUES(200800, 200360, 'D');
INSERT INTO movies VALUES(200801, 'Dune', 'en', 2021, 90);
INSERT INTO credits VALUES(200801, 200037, 'D');
INSERT INTO movies VALUES(200802, 'When a Hot Night Opens 2', 'ko', 2021, 90);
INSERT INTO movies VALUES(200803, 'Yoon-Yool''s Men Affairs', 'ko', 2021, 90);
INSERT INTO people VALUES(200675, 'Mr.', 'Na', NULL, NULL, 'M');
INSERT INTO credits VALUES(200803, 200675, 'D');
INSERT INTO movies VALUES(200804, 'To All the Boys: Always and Forever', 'en', 2021, 90);
INSERT INTO people VALUES(200676, 'Michael', 'Fimognari', NULL, NULL, 'M');
INSERT INTO credits VALUES(200804, 200676, 'D');
INSERT INTO movies VALUES(200805, 'Cinecittà, de Mussolini à la Dolce Vita', 'fr', 2021, 90);
INSERT INTO people VALUES(200677, 'Emmanuelle', 'Nobécourt', NULL, NULL, 'M');
INSERT INTO credits VALUES(200805, 200677, 'D');
INSERT INTO movies VALUES(200806, 'It''s me against you - The mystery of the spellbound school', 'it', 2021, 90);
INSERT INTO credits VALUES(200806, 200594, 'D');
INSERT INTO movies VALUES(200807, 'The Suicide Squad', 'en', 2021, 90);
INSERT INTO credits VALUES(200807, 200370, 'D');
INSERT INTO movies VALUES(200808, 'The Hand of God', 'it', 2021, 90);
INSERT INTO people VALUES(200678, 'Paolo', 'Sorrentino', NULL, NULL, 'M');
INSERT INTO credits VALUES(200808, 200678, 'D');
INSERT INTO movies VALUES(200809, 'Nobody', 'en', 2021, 90);
INSERT INTO people VALUES(200679, 'Ilya', 'Naishuller', NULL, NULL, 'M');
INSERT INTO credits VALUES(200809, 200679, 'D');
INSERT INTO movies VALUES(200810, 'Venom: Let There Be Carnage', 'en', 2021, 90);
INSERT INTO people VALUES(200680, 'Andy', 'Serkis', NULL, NULL, 'M');
INSERT INTO credits VALUES(200810, 200680, 'D');
INSERT INTO movies VALUES(200811, 'Free Guy', 'en', 2021, 90);
INSERT INTO credits VALUES(200811, 200181, 'D');
INSERT INTO movies VALUES(200812, 'Encanto', 'en', 2021, 90);
INSERT INTO credits VALUES(200812, 200271, 'D');
INSERT INTO movies VALUES(200813, 'Shang-Chi and the Legend of the Ten Rings', 'en', 2021, 90);
INSERT INTO people VALUES(200681, 'Destin', 'Cretton', NULL, NULL, 'M');
INSERT INTO credits VALUES(200813, 200681, 'D');
INSERT INTO movies VALUES(200814, 'Wrath of Man', 'en', 2021, 90);
INSERT INTO credits VALUES(200814, 200220, 'D');
INSERT INTO movies VALUES(200815, 'A Life for Movies: Lotte Eisner', 'de', 2021, 90);
INSERT INTO people VALUES(200682, 'Timon', 'Koulmasis', NULL, NULL, 'M');
INSERT INTO credits VALUES(200815, 200682, 'D');
INSERT INTO movies VALUES(200816, 'Barb & Star Go to Vista Del Mar', 'en', 2021, 90);
INSERT INTO credits VALUES(200816, 200417, 'D');
INSERT INTO movies VALUES(200817, 'Silent Night: A Song for the World', 'de', 2021, 90);
INSERT INTO people VALUES(200683, 'Hannes', 'Schalle', NULL, NULL, 'M');
INSERT INTO credits VALUES(200817, 200683, 'D');
INSERT INTO movies VALUES(200818, 'Breaking News in Yuba County', 'en', 2021, 90);
INSERT INTO people VALUES(200684, 'Tate', 'Taylor', NULL, NULL, 'M');
INSERT INTO credits VALUES(200818, 200684, 'D');
INSERT INTO movies VALUES(200819, 'Notes from a Women Salesman', 'it', 2021, 90);
INSERT INTO people VALUES(200685, 'Fabio', 'Resinaro', NULL, NULL, 'M');
INSERT INTO credits VALUES(200819, 200685, 'D');
INSERT INTO movies VALUES(200820, 'Black Widow', 'en', 2021, 90);
INSERT INTO people VALUES(200686, 'Cate', 'Shortland', NULL, NULL, 'M');
INSERT INTO credits VALUES(200820, 200686, 'D');
INSERT INTO movies VALUES(200821, 'The Heaven None Missed 3', 'id', 2021, 90);
INSERT INTO people VALUES(200687, 'Pritagita', 'Arianegara', NULL, NULL, 'M');
INSERT INTO credits VALUES(200821, 200687, 'D');
INSERT INTO movies VALUES(200822, 'ARASHI Anniversary Tour 5×20 FILM “Record of Memories”', 'ja', 2021, 90);
INSERT INTO people VALUES(200688, 'Yukihiko', 'Tsutsumi', NULL, NULL, 'M');
INSERT INTO credits VALUES(200822, 200688, 'D');
INSERT INTO movies VALUES(200823, 'The Conjuring: The Devil Made Me Do It', 'en', 2021, 90);
INSERT INTO people VALUES(200689, 'Michael', 'Chaves', NULL, NULL, 'M');
INSERT INTO credits VALUES(200823, 200689, 'D');
INSERT INTO movies VALUES(200824, 'Hollywood in the Atomic Age: Monsters! Martians! Mad Scientists!', 'en', 2021, 90);
INSERT INTO people VALUES(200690, 'Laura', 'McCullogh', NULL, NULL, 'M');
INSERT INTO credits VALUES(200824, 200690, 'D');
INSERT INTO movies VALUES(200825, 'Money. Murder. Zurich.: Borchert and the time to die', 'de', 2021, 90);
INSERT INTO credits VALUES(200825, 200450, 'D');
INSERT INTO movies VALUES(200826, 'V/H/S/94', 'en', 2021, 90);
INSERT INTO people VALUES(200691, 'Jennifer', 'Reeder', NULL, NULL, 'M');
INSERT INTO credits VALUES(200826, 200691, 'D');
INSERT INTO movies VALUES(200827, 'Zack Snyder''s Justice League', 'en', 2021, 90);
INSERT INTO credits VALUES(200827, 200019, 'D');
INSERT INTO movies VALUES(200828, 'Horse Julius on the Throne and Three Heroes', 'ru', 2021, 90);
INSERT INTO people VALUES(200692, 'Konstantin', 'Feoktistov', NULL, NULL, 'M');
INSERT INTO credits VALUES(200828, 200692, 'D');
INSERT INTO movies VALUES(200829, 'Luca', 'en', 2021, 90);
INSERT INTO people VALUES(200693, 'Enrico', 'Casarosa', NULL, NULL, 'M');
INSERT INTO credits VALUES(200829, 200693, 'D');
INSERT INTO movies VALUES(200830, 'Hannelore Elsner: More Than One Life', 'de', 2021, 90);
INSERT INTO people VALUES(200694, 'Sabine', 'Lidl', NULL, NULL, 'M');
INSERT INTO credits VALUES(200830, 200694, 'D');
INSERT INTO movies VALUES(200831, 'Too Soon: Comedy After 9/11', 'en', 2021, 90);
INSERT INTO people VALUES(200695, 'Nick', 'Scown', NULL, NULL, 'M');
INSERT INTO credits VALUES(200831, 200695, 'D');
INSERT INTO movies VALUES(200832, '"La Traviata" aus der Wiener Staatsoper', 'de', 2021, 90);
INSERT INTO people VALUES(200696, 'Simon', 'Stone', NULL, NULL, 'M');
INSERT INTO credits VALUES(200832, 200696, 'D');
INSERT INTO movies VALUES(200833, 'Sing 2', 'en', 2021, 90);
INSERT INTO credits VALUES(200833, 200335, 'D');
INSERT INTO movies VALUES(200834, 'You and Me and the Ending', 'tl', 2021, 90);
INSERT INTO people VALUES(200697, 'Irene', 'Villamor', NULL, NULL, 'M');
INSERT INTO credits VALUES(200834, 200697, 'D');
INSERT INTO movies VALUES(200835, 'It''s Just a Phase, Honeybunny', 'de', 2021, 90);
INSERT INTO people VALUES(200698, 'Florian', 'Gallenberger', NULL, NULL, 'M');
INSERT INTO credits VALUES(200835, 200698, 'D');
INSERT INTO movies VALUES(200836, 'Last Man Standing: Suge Knight and the Murders of Biggie and Tupac', 'en', 2021, 90);
INSERT INTO people VALUES(200699, 'Nick', 'Broomfield', NULL, NULL, 'M');
INSERT INTO credits VALUES(200836, 200699, 'D');
INSERT INTO movies VALUES(200837, 'The Tomorrow War', 'en', 2021, 90);
INSERT INTO people VALUES(200700, 'Chris', 'McKay', NULL, NULL, 'M');
INSERT INTO credits VALUES(200837, 200700, 'D');
INSERT INTO movies VALUES(200838, 'The Voyeurs', 'en', 2021, 90);
INSERT INTO people VALUES(200701, 'Michael', 'Mohan', NULL, NULL, 'M');
INSERT INTO credits VALUES(200838, 200701, 'D');
INSERT INTO movies VALUES(200839, 'Si vive una volta sola', 'it', 2021, 90);
INSERT INTO people VALUES(200702, 'Carlo', 'Verdone', NULL, NULL, 'M');
INSERT INTO credits VALUES(200839, 200702, 'D');
INSERT INTO movies VALUES(200840, 'American Traitor: The Trial of Axis Sally', 'en', 2021, 90);
INSERT INTO people VALUES(200703, 'Michael', 'Polish', NULL, NULL, 'M');
INSERT INTO credits VALUES(200840, 200703, 'D');
INSERT INTO movies VALUES(200841, 'The First 54 Years: An Abbreviated Manual for Military Occupation', 'he', 2021, 90);
INSERT INTO people VALUES(200704, 'Avi', 'Mograbi', NULL, NULL, 'M');
INSERT INTO credits VALUES(200841, 200704, 'D');
INSERT INTO movies VALUES(200842, 'V.C. Andrews'' Pearl in the Mist', 'en', 2021, 90);
INSERT INTO people VALUES(200705, 'David', 'Bercovici-Artieda', NULL, NULL, 'M');
INSERT INTO credits VALUES(200842, 200705, 'D');
INSERT INTO movies VALUES(200843, 'Ilana Glazer Presents Comedy on Earth: NYC 2020-2021', 'en', 2021, 90);
INSERT INTO people VALUES(200706, 'Kristian', 'Figueroa', NULL, NULL, 'M');
INSERT INTO credits VALUES(200843, 200706, 'D');
INSERT INTO movies VALUES(200844, 'No Time to Die', 'en', 2021, 90);
INSERT INTO people VALUES(200707, 'Cary', 'Fukunaga', NULL, NULL, 'M');
INSERT INTO credits VALUES(200844, 200707, 'D');
INSERT INTO movies VALUES(200845, 'Under the Helmet: The Legacy of Boba Fett', 'en', 2021, 90);
INSERT INTO people VALUES(200708, 'Brian', 'Kwan', NULL, NULL, 'M');
INSERT INTO credits VALUES(200845, 200708, 'D');
INSERT INTO movies VALUES(200846, 'The Claus Family 2', 'nl', 2021, 90);
INSERT INTO people VALUES(200709, 'Ruben', 'Vandenborre', NULL, NULL, 'M');
INSERT INTO credits VALUES(200846, 200709, 'D');
INSERT INTO movies VALUES(200847, 'The Legend of the Christmas Witch: The Origins', 'it', 2021, 90);
INSERT INTO people VALUES(200710, 'Paola', 'Randi', NULL, NULL, 'M');
INSERT INTO credits VALUES(200847, 200710, 'D');
INSERT INTO movies VALUES(200848, 'Come and Go', 'ja', 2021, 90);
INSERT INTO people VALUES(200711, 'Kah-Wai', 'Lim', NULL, NULL, 'M');
INSERT INTO credits VALUES(200848, 200711, 'D');
INSERT INTO movies VALUES(200849, 'Nueva York: A Musical History of Latin New York', 'fr', 2021, 90);
INSERT INTO people VALUES(200712, 'Sergio', 'Mondelo', NULL, NULL, 'M');
INSERT INTO credits VALUES(200849, 200712, 'D');
INSERT INTO movies VALUES(200850, 'Time for Them to Come Home for Christmas', 'en', 2021, 90);
INSERT INTO people VALUES(200713, 'Peter', 'Benson', NULL, NULL, 'M');
INSERT INTO credits VALUES(200850, 200713, 'D');
INSERT INTO movies VALUES(200851, 'Straight Outta Nowhere: Scooby-Doo! Meets Courage the Cowardly Dog', 'en', 2021, 90);
INSERT INTO people VALUES(200714, 'Cecilia', 'Aranovich', NULL, NULL, 'M');
INSERT INTO credits VALUES(200851, 200714, 'D');
INSERT INTO movies VALUES(200852, 'Jujutsu Kaisen 0', 'ja', 2021, 90);
INSERT INTO people VALUES(200715, 'Sunghoo', 'Park', NULL, NULL, 'M');
INSERT INTO credits VALUES(200852, 200715, 'D');
INSERT INTO movies VALUES(200853, 'The Boss Baby: Family Business', 'en', 2021, 90);
INSERT INTO people VALUES(200716, 'Tom', 'McGrath', NULL, NULL, 'M');
INSERT INTO credits VALUES(200853, 200716, 'D');
INSERT INTO movies VALUES(200854, 'Le gala de Paul Mirabel (avec de l''aide)', 'fr', 2021, 90);
INSERT INTO people VALUES(200717, 'Emmanuel', 'Carriau', NULL, NULL, 'M');
INSERT INTO credits VALUES(200854, 200717, 'D');
INSERT INTO movies VALUES(200855, 'Girl in the Basement', 'en', 2021, 90);
INSERT INTO people VALUES(200718, 'Elisabeth', 'Röhm', NULL, NULL, 'M');
INSERT INTO credits VALUES(200855, 200718, 'D');
INSERT INTO movies VALUES(200856, 'Future Is a Lonely Place', 'de', 2021, 90);
INSERT INTO people VALUES(200719, 'Martin', 'Hawie', NULL, NULL, 'M');
INSERT INTO credits VALUES(200856, 200719, 'D');
INSERT INTO movies VALUES(200857, 'AEW Revolution 2021: The Buy In', 'en', 2021, 90);
INSERT INTO movies VALUES(200858, 'The Matrix Resurrections', 'en', 2021, 90);
INSERT INTO people VALUES(200720, 'Lana', 'Wachowski', NULL, NULL, 'M');
INSERT INTO credits VALUES(200858, 200720, 'D');
INSERT INTO movies VALUES(200859, 'The Queen v Patrick O''Donnell', 'en', 2021, 90);
INSERT INTO people VALUES(200721, 'Tomás', 'Seoighe', NULL, NULL, 'M');
INSERT INTO credits VALUES(200859, 200721, 'D');
INSERT INTO movies VALUES(200860, 'Phoenix Live ! - Le concert sur grand écran', 'fr', 2021, 90);
INSERT INTO people VALUES(200722, 'David', 'Ctiborsky', NULL, NULL, 'M');
INSERT INTO credits VALUES(200860, 200722, 'D');
INSERT INTO movies VALUES(200861, 'Dr. Bird''s Advice for Sad Poets', 'en', 2021, 90);
INSERT INTO people VALUES(200723, 'Yaniv', 'Raz', NULL, NULL, 'M');
INSERT INTO credits VALUES(200861, 200723, 'D');
INSERT INTO movies VALUES(200862, 'Summer of Soul (...Or, When the Revolution Could Not Be Televised)', 'en', 2021, 90);
INSERT INTO people VALUES(200724, 'Questlove', '', NULL, NULL, 'M');
INSERT INTO credits VALUES(200862, 200724, 'D');
INSERT INTO movies VALUES(200863, 'Cruella', 'en', 2021, 90);
INSERT INTO credits VALUES(200863, 200179, 'D');
INSERT INTO movies VALUES(200864, 'Day of Rage: How Trump Supporters Took the U.S. Capitol', 'en', 2021, 90);
INSERT INTO people VALUES(200725, 'Nancy', 'Gauss', NULL, NULL, 'M');
INSERT INTO credits VALUES(200864, 200725, 'D');
INSERT INTO movies VALUES(200865, 'The School of the Magical Animals', 'de', 2021, 90);
INSERT INTO people VALUES(200726, 'Gregor', 'Schnitzler', NULL, NULL, 'M');
INSERT INTO credits VALUES(200865, 200726, 'D');
INSERT INTO movies VALUES(200866, 'Jungle Cruise', 'en', 2021, 90);
INSERT INTO people VALUES(200727, 'Jaume', 'Collet-Serra', NULL, NULL, 'M');
INSERT INTO credits VALUES(200866, 200727, 'D');
INSERT INTO movies VALUES(200867, 'The Kissing Booth 3', 'en', 2021, 90);
INSERT INTO credits VALUES(200867, 200598, 'D');
INSERT INTO movies VALUES(200868, 'Rurouni Kenshin: The Final', 'ja', 2021, 90);
INSERT INTO people VALUES(200728, 'Keishi', 'Otomo', NULL, NULL, 'M');
INSERT INTO credits VALUES(200868, 200728, 'D');
INSERT INTO movies VALUES(200869, 'The Girl Who Killed Her Parents', 'pt', 2021, 90);
INSERT INTO people VALUES(200729, 'Maurício', 'Eça', NULL, NULL, 'M');
INSERT INTO credits VALUES(200869, 200729, 'D');
INSERT INTO movies VALUES(200870, 'Sœur Sourire: Who Killed the Voice of God?', 'fr', 2021, 90);
INSERT INTO people VALUES(200730, 'Charles-Antoine', 'Rouvre', NULL, NULL, 'M');
INSERT INTO credits VALUES(200870, 200730, 'D');
INSERT INTO movies VALUES(200871, 'Snoopy Presents: For Auld Lang Syne', 'en', 2021, 90);
INSERT INTO credits VALUES(200871, 200452, 'D');
INSERT INTO movies VALUES(200872, 'Jazz Voice 2021 - from the EFG London Jazz Festival', 'en', 2021, 90);
INSERT INTO people VALUES(200731, 'Rhodri', 'Huw', NULL, NULL, 'M');
INSERT INTO credits VALUES(200872, 200731, 'D');
INSERT INTO movies VALUES(200873, 'C''mon C''mon', 'en', 2021, 90);
INSERT INTO people VALUES(200732, 'Mike', 'Mills', NULL, NULL, 'M');
INSERT INTO credits VALUES(200873, 200732, 'D');
INSERT INTO movies VALUES(200874, 'The Last Kids on Earth: Happy Apocalypse to You', 'en', 2021, 90);
INSERT INTO people VALUES(200733, 'Steve', 'Rolston', NULL, NULL, 'M');
INSERT INTO credits VALUES(200874, 200733, 'D');
INSERT INTO movies VALUES(200875, 'Kally’s Mashup: A Very Kally''s Birthday', 'es', 2021, 90);
INSERT INTO people VALUES(200734, 'Jorge', 'Navas', NULL, NULL, 'M');
INSERT INTO credits VALUES(200875, 200734, 'D');
INSERT INTO movies VALUES(200876, 'Fixing Up Christmas', 'en', 2021, 90);
INSERT INTO people VALUES(200735, 'Jessica', 'Harmon', NULL, NULL, 'M');
INSERT INTO credits VALUES(200876, 200735, 'D');
INSERT INTO movies VALUES(200877, 'Movie Hoarders: From VHS to DVD and Beyond!', 'en', 2021, 90);
INSERT INTO people VALUES(200736, 'Tony', 'Newton', NULL, NULL, 'M');
INSERT INTO credits VALUES(200877, 200736, 'D');
INSERT INTO movies VALUES(200878, 'The Card Counter', 'en', 2021, 90);
INSERT INTO people VALUES(200737, 'Paul', 'Schrader', NULL, NULL, 'M');
INSERT INTO credits VALUES(200878, 200737, 'D');
INSERT INTO movies VALUES(200879, 'Eva', 'tl', 2021, 90);
INSERT INTO people VALUES(200738, 'Jeffrey', 'Hidalgo', NULL, NULL, 'M');
INSERT INTO credits VALUES(200879, 200738, 'D');
INSERT INTO movies VALUES(200880, 'Los dias que no estuve', 'es', 2021, 90);
INSERT INTO people VALUES(200739, 'Samuel', 'Valles', NULL, NULL, 'M');
INSERT INTO credits VALUES(200880, 200739, 'D');
INSERT INTO movies VALUES(200881, 'The King''s Man', 'en', 2021, 90);
INSERT INTO credits VALUES(200881, 200225, 'D');
INSERT INTO movies VALUES(200882, 'Enemies: The Confession', 'de', 2021, 90);
INSERT INTO people VALUES(200740, 'Nils', 'Willbrandt', NULL, NULL, 'M');
INSERT INTO credits VALUES(200882, 200740, 'D');
INSERT INTO movies VALUES(200883, 'Lo que el río hace: El documental', 'es', 2021, 90);
INSERT INTO people VALUES(200741, 'Belina', 'Zavadisca', NULL, NULL, 'M');
INSERT INTO credits VALUES(200883, 200741, 'D');
INSERT INTO movies VALUES(200884, 'Le rock alternatif (une brève période de médiatisation du punk français 1986-1989)', 'fr', 2021, 90);
INSERT INTO people VALUES(200742, 'Yves-Marie', 'Mahé', NULL, NULL, 'M');
INSERT INTO credits VALUES(200884, 200742, 'D');
INSERT INTO movies VALUES(200885, 'From Under The Bridge: When Bullies Become Trolls', 'en', 2021, 90);
INSERT INTO people VALUES(200743, 'Paul', 'Houghton', NULL, NULL, 'M');
INSERT INTO credits VALUES(200885, 200743, 'D');
INSERT INTO movies VALUES(200886, 'Raya and the Last Dragon', 'en', 2021, 90);
INSERT INTO people VALUES(200744, 'Don', 'Hall', NULL, NULL, 'M');
INSERT INTO credits VALUES(200886, 200744, 'D');
INSERT INTO movies VALUES(200887, 'Eternals', 'en', 2021, 90);
INSERT INTO people VALUES(200745, 'Chloé', 'Zhao', NULL, NULL, 'M');
INSERT INTO credits VALUES(200887, 200745, 'D');
INSERT INTO movies VALUES(200888, 'The Kid from a Kibbutz: Daliah Lavi and the Road to Il Demonio', 'en', 2021, 90);
INSERT INTO people VALUES(200746, 'Chris', 'O''Neill', NULL, NULL, 'M');
INSERT INTO credits VALUES(200888, 200746, 'D');
INSERT INTO movies VALUES(200889, 'Morning Show Mysteries: Murder Ever After', 'en', 2021, 90);
INSERT INTO people VALUES(200747, 'Andy', 'Mikita', NULL, NULL, 'M');
INSERT INTO credits VALUES(200889, 200747, 'D');
INSERT INTO movies VALUES(200890, 'More Than Miyagi: The Pat Morita Story', 'en', 2021, 90);
INSERT INTO people VALUES(200748, 'Kayvon', 'Shanian', NULL, NULL, 'M');
INSERT INTO credits VALUES(200890, 200748, 'D');
INSERT INTO movies VALUES(200891, 'Pleasure', 'sv', 2021, 90);
INSERT INTO people VALUES(200749, 'Ninja', 'Thyberg', NULL, NULL, 'M');
INSERT INTO credits VALUES(200891, 200749, 'D');
INSERT INTO movies VALUES(200892, '7 Women and a Murder', 'it', 2021, 90);
INSERT INTO people VALUES(200750, 'Alessandro', 'Genovesi', NULL, NULL, 'M');
INSERT INTO credits VALUES(200892, 200750, 'D');
INSERT INTO movies VALUES(200893, 'V.C. Andrews'' Hidden Jewel', 'en', 2021, 90);
INSERT INTO credits VALUES(200893, 200456, 'D');
INSERT INTO movies VALUES(200894, 'Woodlands Dark and Days Bewitched: A History of Folk Horror', 'en', 2021, 90);
INSERT INTO people VALUES(200751, 'Kier-La', 'Janisse', NULL, NULL, 'M');
INSERT INTO credits VALUES(200894, 200751, 'D');
INSERT INTO movies VALUES(200895, 'Emmanuelle: Queen of French Erotic Cinema', 'fr', 2021, 90);
INSERT INTO people VALUES(200752, 'Clélia', 'Cohen', NULL, NULL, 'M');
INSERT INTO credits VALUES(200895, 200752, 'D');
INSERT INTO movies VALUES(200896, 'Vice President Kamala Harris: Chase the Dream', 'en', 2021, 90);
INSERT INTO people VALUES(200753, 'Nick', 'Randall', NULL, NULL, 'M');
INSERT INTO credits VALUES(200896, 200753, 'D');
INSERT INTO movies VALUES(200897, 'The Things I Wish You Had Told Me, But Never Will', 'no', 2021, 90);
INSERT INTO people VALUES(200754, 'Lilja', 'Ingolfsdottir', NULL, NULL, 'M');
INSERT INTO credits VALUES(200897, 200754, 'D');
INSERT INTO movies VALUES(200898, 'Die Jägerin - Nach eigenem Gesetz', 'de', 2021, 90);
INSERT INTO people VALUES(200755, 'Andreas', 'Herzog', NULL, NULL, 'M');
INSERT INTO credits VALUES(200898, 200755, 'D');
INSERT INTO movies VALUES(200899, 'La chica más rara del mundo', 'es', 2021, 90);
INSERT INTO people VALUES(200756, 'Mariano', 'Cattaneo', NULL, NULL, 'M');
INSERT INTO credits VALUES(200899, 200756, 'D');
INSERT INTO movies VALUES(200900, 'Five Nights at Freddy''s', 'en', 2023, 90);
INSERT INTO people VALUES(200757, 'Emma', 'Tammi', NULL, NULL, 'M');
INSERT INTO credits VALUES(200900, 200757, 'D');
INSERT INTO movies VALUES(200901, 'My Fault', 'es', 2023, 90);
INSERT INTO people VALUES(200758, 'Domingo', 'González', NULL, NULL, 'M');
INSERT INTO credits VALUES(200901, 200758, 'D');
INSERT INTO movies VALUES(200902, 'John Wick: Chapter 4', 'en', 2023, 90);
INSERT INTO credits VALUES(200902, 200156, 'D');
INSERT INTO movies VALUES(200903, 'The Family Plan', 'en', 2023, 90);
INSERT INTO people VALUES(200759, 'Simon', 'Jones', NULL, NULL, 'M');
INSERT INTO credits VALUES(200903, 200759, 'D');
INSERT INTO movies VALUES(200904, 'The Super Mario Bros. Movie', 'en', 2023, 90);
INSERT INTO people VALUES(200760, 'Aaron', 'Horvath', NULL, NULL, 'M');
INSERT INTO credits VALUES(200904, 200760, 'D');
INSERT INTO movies VALUES(200905, 'Barbie', 'en', 2023, 90);
INSERT INTO people VALUES(200761, 'Greta', 'Gerwig', NULL, NULL, 'M');
INSERT INTO credits VALUES(200905, 200761, 'D');
INSERT INTO movies VALUES(200906, 'The Seer', 'en', 2023, 90);
INSERT INTO people VALUES(200762, 'Matthew', 'Oakley', NULL, NULL, 'M');
INSERT INTO credits VALUES(200906, 200762, 'D');
INSERT INTO movies VALUES(200907, 'Spider-Man: Across the Spider-Verse', 'en', 2023, 90);
INSERT INTO people VALUES(200763, 'Kemp', 'Powers', NULL, NULL, 'M');
INSERT INTO credits VALUES(200907, 200763, 'D');
INSERT INTO movies VALUES(200908, 'Oppenheimer', 'en', 2023, 90);
INSERT INTO credits VALUES(200908, 200094, 'D');
INSERT INTO movies VALUES(200909, 'Fast X', 'en', 2023, 90);
INSERT INTO credits VALUES(200909, 200002, 'D');
INSERT INTO movies VALUES(200910, 'End of Loyalty', 'en', 2023, 90);
INSERT INTO people VALUES(200764, 'Hiroshi', 'Katagiri', NULL, NULL, 'M');
INSERT INTO credits VALUES(200910, 200764, 'D');
INSERT INTO movies VALUES(200911, 'Elemental', 'en', 2023, 90);
INSERT INTO people VALUES(200765, 'Peter', 'Sohn', NULL, NULL, 'M');
INSERT INTO credits VALUES(200911, 200765, 'D');
INSERT INTO movies VALUES(200912, 'Hi Nanna', 'te', 2023, 90);
INSERT INTO people VALUES(200766, 'Shouryuv', '', NULL, NULL, 'M');
INSERT INTO credits VALUES(200912, 200766, 'D');
INSERT INTO movies VALUES(200913, 'Kelas Bintang - Mangga Muda', 'mi', 2023, 90);
INSERT INTO people VALUES(200767, 'Irwansyah', '', NULL, NULL, 'M');
INSERT INTO credits VALUES(200913, 200767, 'D');
INSERT INTO movies VALUES(200914, 'Mission: Impossible - Dead Reckoning Part One', 'en', 2023, 90);
INSERT INTO credits VALUES(200914, 200265, 'D');
INSERT INTO movies VALUES(200915, 'Guardians of the Galaxy Vol. 3', 'en', 2023, 90);
INSERT INTO credits VALUES(200915, 200370, 'D');
INSERT INTO movies VALUES(200916, 'Today We''ll Talk About That Day', 'id', 2023, 90);
INSERT INTO people VALUES(200768, 'Angga', 'Sasongko', NULL, NULL, 'M');
INSERT INTO credits VALUES(200916, 200768, 'D');
INSERT INTO movies VALUES(200917, 'You Are So Not Invited to My Bat Mitzvah', 'en', 2023, 90);
INSERT INTO people VALUES(200769, 'Sammi', 'Cohen', NULL, NULL, 'M');
INSERT INTO credits VALUES(200917, 200769, 'D');
INSERT INTO movies VALUES(200918, 'The Flash', 'en', 2023, 90);
INSERT INTO credits VALUES(200918, 200034, 'D');
INSERT INTO movies VALUES(200919, 'The Little Mermaid', 'en', 2023, 90);
INSERT INTO people VALUES(200770, 'Rob', 'Marshall', NULL, NULL, 'M');
INSERT INTO credits VALUES(200919, 200770, 'D');
INSERT INTO movies VALUES(200920, 'Migration', 'en', 2023, 90);
INSERT INTO people VALUES(200771, 'Benjamin', 'Renner', NULL, NULL, 'M');
INSERT INTO credits VALUES(200920, 200771, 'D');
INSERT INTO movies VALUES(200921, 'Transformers: Rise of the Beasts', 'en', 2023, 90);
INSERT INTO people VALUES(200772, 'Steven', 'Jr.', NULL, NULL, 'M');
INSERT INTO credits VALUES(200921, 200772, 'D');
INSERT INTO movies VALUES(200922, 'When Will It Be Again Like It Never Was Before', 'de', 2023, 90);
INSERT INTO people VALUES(200773, 'Sonja', 'Heiss', NULL, NULL, 'M');
INSERT INTO credits VALUES(200922, 200773, 'D');
INSERT INTO movies VALUES(200923, 'Les Enfoirés 2023 - Enfoirés un jour, toujours', 'fr', 2023, 90);
INSERT INTO people VALUES(200774, 'Franck', 'Broqua', NULL, NULL, 'M');
INSERT INTO credits VALUES(200923, 200774, 'D');
INSERT INTO movies VALUES(200924, 'The Equalizer 3', 'en', 2023, 90);
INSERT INTO credits VALUES(200924, 200099, 'D');
INSERT INTO movies VALUES(200925, 'Indiana Jones and the Dial of Destiny', 'en', 2023, 90);
INSERT INTO credits VALUES(200925, 200366, 'D');
INSERT INTO movies VALUES(200926, 'Have You Got It Yet? The Story of Syd Barrett and Pink Floyd', 'en', 2023, 90);
INSERT INTO people VALUES(200775, 'Roddy', 'Bogawa', NULL, NULL, 'M');
INSERT INTO credits VALUES(200926, 200775, 'D');
INSERT INTO movies VALUES(200927, 'The Last Kingdom: Seven Kings Must Die', 'en', 2023, 90);
INSERT INTO people VALUES(200776, 'Edward', 'Bazalgette', NULL, NULL, 'M');
INSERT INTO credits VALUES(200927, 200776, 'D');
INSERT INTO movies VALUES(200928, 'To End All War: Oppenheimer & the Atomic Bomb', 'en', 2023, 90);
INSERT INTO people VALUES(200777, 'Christopher', 'Cassel', NULL, NULL, 'M');
INSERT INTO credits VALUES(200928, 200777, 'D');
INSERT INTO movies VALUES(200929, 'Un''altra Italia era possibile - Il cinema di Giuseppe De Santis', 'it', 2023, 90);
INSERT INTO people VALUES(200778, 'Steve', 'Casa', NULL, NULL, 'M');
INSERT INTO credits VALUES(200929, 200778, 'D');
INSERT INTO movies VALUES(200930, 'Onyx the Fortuitous and the Talisman of Souls', 'en', 2023, 90);
INSERT INTO people VALUES(200779, 'Andrew', 'Bowser', NULL, NULL, 'M');
INSERT INTO credits VALUES(200930, 200779, 'D');
INSERT INTO movies VALUES(200931, 'Book Club: The Next Chapter', 'en', 2023, 90);
INSERT INTO people VALUES(200780, 'Bill', 'Holderman', NULL, NULL, 'M');
INSERT INTO credits VALUES(200931, 200780, 'D');
INSERT INTO movies VALUES(200932, 'I Know When You Dead: Suicide Village', 'id', 2023, 90);
INSERT INTO credits VALUES(200932, 200648, 'D');
INSERT INTO movies VALUES(200933, 'Poor Things', 'en', 2023, 90);
INSERT INTO people VALUES(200781, 'Yorgos', 'Lanthimos', NULL, NULL, 'M');
INSERT INTO credits VALUES(200933, 200781, 'D');
INSERT INTO movies VALUES(200934, 'Tous à la Réunion ! La grande fête de l''île intense', 'fr', 2023, 90);
INSERT INTO movies VALUES(200935, 'Of Living Without Illusion', 'de', 2023, 90);
INSERT INTO people VALUES(200782, 'Katharina', 'Lüdin', NULL, NULL, 'M');
INSERT INTO credits VALUES(200935, 200782, 'D');
INSERT INTO movies VALUES(200936, 'How to Blow Up a Pipeline', 'en', 2023, 90);
INSERT INTO people VALUES(200783, 'Daniel', 'Goldhaber', NULL, NULL, 'M');
INSERT INTO credits VALUES(200936, 200783, 'D');
INSERT INTO movies VALUES(200937, 'Une Française à Kaboul : L''Aventure d''une vie', 'fr', 2023, 90);
INSERT INTO people VALUES(200784, 'Marie-Pierre', 'Camus', NULL, NULL, 'M');
INSERT INTO credits VALUES(200937, 200784, 'D');
INSERT INTO movies VALUES(200938, 'Guy Ritchie''s The Covenant', 'en', 2023, 90);
INSERT INTO credits VALUES(200938, 200220, 'D');
INSERT INTO movies VALUES(200939, 'Suki', 'tl', 2023, 90);
INSERT INTO people VALUES(200785, 'Albert', 'Langitan', NULL, NULL, 'M');
INSERT INTO credits VALUES(200939, 200785, 'D');
INSERT INTO movies VALUES(200940, 'Muchachos, la película de la gente', 'es', 2023, 90);
INSERT INTO people VALUES(200786, 'Jesús', 'Braceras', NULL, NULL, 'M');
INSERT INTO credits VALUES(200940, 200786, 'D');
INSERT INTO movies VALUES(200941, 'Dada', 'ta', 2023, 90);
INSERT INTO people VALUES(200787, 'Ganesh', 'Babu', NULL, NULL, 'M');
INSERT INTO credits VALUES(200941, 200787, 'D');
INSERT INTO movies VALUES(200942, 'Murphy''s Lore: Origin, Method & Legacy', 'en', 2023, 90);
INSERT INTO people VALUES(200788, 'Mike', 'Reed', NULL, NULL, 'M');
INSERT INTO credits VALUES(200942, 200788, 'D');
INSERT INTO movies VALUES(200943, 'Aquaman and the Lost Kingdom', 'en', 2023, 90);
INSERT INTO credits VALUES(200943, 200003, 'D');
INSERT INTO movies VALUES(200944, 'A Greyhound of a Girl', 'it', 2023, 90);
INSERT INTO people VALUES(200789, 'Enzo', 'D''Alò', NULL, NULL, 'M');
INSERT INTO credits VALUES(200944, 200789, 'D');
INSERT INTO movies VALUES(200945, 'Nam June Paik: Moon Is the Oldest TV', 'en', 2023, 90);
INSERT INTO people VALUES(200790, 'Amanda', 'Kim', NULL, NULL, 'M');
INSERT INTO credits VALUES(200945, 200790, 'D');
INSERT INTO movies VALUES(200946, 'Pier Paolo Pasolini - Una visione nuova', 'it', 2023, 90);
INSERT INTO people VALUES(200791, 'Giancarlo', 'Scarchilli', NULL, NULL, 'M');
INSERT INTO credits VALUES(200946, 200791, 'D');
INSERT INTO movies VALUES(200947, 'Nitrate: To the Ghosts of the 75 Lost Philippine Silent Films (1912-1933)', 'tl', 2023, 90);
INSERT INTO people VALUES(200792, 'Khavn', '', NULL, NULL, 'M');
INSERT INTO credits VALUES(200947, 200792, 'D');
INSERT INTO movies VALUES(200948, 'Why Can''t My Life Be a Rom-Com?', 'en', 2023, 90);
INSERT INTO people VALUES(200793, 'Rich', 'Newey', NULL, NULL, 'M');
INSERT INTO credits VALUES(200948, 200793, 'D');
INSERT INTO movies VALUES(200949, 'The Caine Mutiny Court-Martial', 'en', 2023, 90);
INSERT INTO people VALUES(200794, 'William', 'Friedkin', NULL, NULL, 'M');
INSERT INTO credits VALUES(200949, 200794, 'D');
INSERT INTO movies VALUES(200950, 'V/H/S/85', 'en', 2023, 90);
INSERT INTO credits VALUES(200950, 200320, 'D');
INSERT INTO movies VALUES(200951, 'All of Us Strangers', 'en', 2023, 90);
INSERT INTO people VALUES(200795, 'Andrew', 'Haigh', NULL, NULL, 'M');
INSERT INTO credits VALUES(200951, 200795, 'D');
INSERT INTO movies VALUES(200952, 'Meg 2: The Trench', 'en', 2023, 90);
INSERT INTO people VALUES(200796, 'Ben', 'Wheatley', NULL, NULL, 'M');
INSERT INTO credits VALUES(200952, 200796, 'D');
INSERT INTO movies VALUES(200953, 'A Wu-Tang Experience: Live at Red Rocks Amphitheatre', 'en', 2023, 90);
INSERT INTO people VALUES(200797, 'Gerald', 'Barclay', NULL, NULL, 'M');
INSERT INTO credits VALUES(200953, 200797, 'D');
INSERT INTO movies VALUES(200954, 'Rendszerhiba - A magyar film el nem mondott története', 'hu', 2023, 90);
INSERT INTO people VALUES(200798, 'Szilárd', 'Nagy', NULL, NULL, 'M');
INSERT INTO credits VALUES(200954, 200798, 'D');
INSERT INTO movies VALUES(200955, 'L''Olympia, du rêve à la scène', 'fr', 2023, 90);
INSERT INTO people VALUES(200799, 'Olivier', 'Nathan', NULL, NULL, 'M');
INSERT INTO credits VALUES(200955, 200799, 'D');
INSERT INTO movies VALUES(200956, 'Gran Turismo', 'en', 2023, 90);
INSERT INTO credits VALUES(200956, 200259, 'D');
INSERT INTO movies VALUES(200957, 'Pineapple Pizza and The End of the World', 'pt', 2023, 90);
INSERT INTO people VALUES(200800, 'Pedro', 'Rimoli', NULL, NULL, 'M');
INSERT INTO credits VALUES(200957, 200800, 'D');
INSERT INTO movies VALUES(200958, 'Bukannya Aku Tidak Mau Nikah', 'id', 2023, 90);
INSERT INTO credits VALUES(200958, 200138, 'D');
INSERT INTO movies VALUES(200959, 'Domino 23 - Gli ultimi non saranno i primi', 'it', 2023, 90);
INSERT INTO people VALUES(200801, 'Davide', 'Bonacina', NULL, NULL, 'M');
INSERT INTO credits VALUES(200959, 200801, 'D');
INSERT INTO movies VALUES(200960, 'The Night My Dad Saved Christmas', 'es', 2023, 90);
INSERT INTO people VALUES(200802, 'Joaquín', 'Mazón', NULL, NULL, 'M');
INSERT INTO credits VALUES(200960, 200802, 'D');
INSERT INTO movies VALUES(200961, 'WAR IS OVER!', 'en', 2023, 90);
INSERT INTO people VALUES(200803, 'Dave', 'Mullins', NULL, NULL, 'M');
INSERT INTO credits VALUES(200961, 200803, 'D');
INSERT INTO movies VALUES(200962, 'Der Zürich-Krimi: Borchert und die Spur der Diamanten', 'de', 2023, 90);
INSERT INTO people VALUES(200804, 'Connie', 'Walther', NULL, NULL, 'M');
INSERT INTO credits VALUES(200962, 200804, 'D');
INSERT INTO movies VALUES(200963, 'The Dogsitter (Now That I’m a Ghost)', 'fr', 2023, 90);
INSERT INTO people VALUES(200805, 'Frédéric', 'Bélier-Garcia', NULL, NULL, 'M');
INSERT INTO credits VALUES(200963, 200805, 'D');
INSERT INTO movies VALUES(200964, 'Till the End of the Night', 'de', 2023, 90);
INSERT INTO people VALUES(200806, 'Christoph', 'Hochhäusler', NULL, NULL, 'M');
INSERT INTO credits VALUES(200964, 200806, 'D');
INSERT INTO movies VALUES(200965, 'A Long Way to Come Home', 'id', 2023, 90);
INSERT INTO credits VALUES(200965, 200768, 'D');
INSERT INTO movies VALUES(200966, 'Joy Is the Acid Test', 'pt', 2023, 90);
INSERT INTO people VALUES(200807, 'Helena', 'Ignez', NULL, NULL, 'M');
INSERT INTO credits VALUES(200966, 200807, 'D');
INSERT INTO movies VALUES(200967, 'Lumumba, return of a hero', 'fr', 2023, 90);
INSERT INTO people VALUES(200808, 'Benoît', 'Feyt', NULL, NULL, 'M');
INSERT INTO credits VALUES(200967, 200808, 'D');
INSERT INTO movies VALUES(200968, 'After Everything', 'en', 2023, 90);
INSERT INTO people VALUES(200809, 'Castille', 'Landon', NULL, NULL, 'M');
INSERT INTO credits VALUES(200968, 200809, 'D');
INSERT INTO movies VALUES(200969, 'Richard the Stork and the Mystery of the Great Jewel', 'en', 2023, 90);
INSERT INTO people VALUES(200810, 'Mette', 'Tange', NULL, NULL, 'M');
INSERT INTO credits VALUES(200969, 200810, 'D');
INSERT INTO movies VALUES(200970, 'Killers of the Flower Moon', 'en', 2023, 90);
INSERT INTO credits VALUES(200970, 200001, 'D');
INSERT INTO movies VALUES(200971, 'Expend4bles', 'en', 2023, 90);
INSERT INTO people VALUES(200811, 'Scott', 'Waugh', NULL, NULL, 'M');
INSERT INTO credits VALUES(200971, 200811, 'D');
INSERT INTO movies VALUES(200972, 'FOUR DAYS FOR FREEDOM: NAPLES 1943', 'it', 2023, 90);
INSERT INTO people VALUES(200812, 'Massimo', 'Ferrari', NULL, NULL, 'M');
INSERT INTO credits VALUES(200972, 200812, 'D');
INSERT INTO movies VALUES(200973, 'Anyone But You', 'en', 2023, 90);
INSERT INTO credits VALUES(200973, 200480, 'D');
INSERT INTO movies VALUES(200974, 'Ghosted', 'en', 2023, 90);
INSERT INTO people VALUES(200813, 'Dexter', 'Fletcher', NULL, NULL, 'M');
INSERT INTO credits VALUES(200974, 200813, 'D');
INSERT INTO movies VALUES(200975, 'Il était une fois... les Contes pour tous', 'fr', 2023, 90);
INSERT INTO people VALUES(200814, 'Jean-François', 'Poisson', NULL, NULL, 'M');
INSERT INTO credits VALUES(200975, 200814, 'D');
INSERT INTO movies VALUES(200976, 'The Holdovers', 'en', 2023, 90);
INSERT INTO people VALUES(200815, 'Alexander', 'Payne', NULL, NULL, 'M');
INSERT INTO credits VALUES(200976, 200815, 'D');
INSERT INTO movies VALUES(200977, 'The Many Faces of Jim Carey', 'en', 2023, 90);
INSERT INTO credits VALUES(200977, 200753, 'D');
INSERT INTO movies VALUES(200978, 'The Fabelmans: A Family in Film', 'en', 2023, 90);
INSERT INTO credits VALUES(200978, 200061, 'D');
INSERT INTO movies VALUES(200979, 'Making The Flash: Worlds Collide', 'en', 2023, 90);
INSERT INTO credits VALUES(200979, 200565, 'D');
INSERT INTO movies VALUES(200980, 'Just for Laughs: The Gala Specials - Chelsea Handler', 'en', 2023, 90);
INSERT INTO people VALUES(200816, 'Shelagh', 'O''Brien', NULL, NULL, 'M');
INSERT INTO credits VALUES(200980, 200816, 'D');
INSERT INTO movies VALUES(200981, 'War of the Worlds: The Attack', 'en', 2023, 90);
INSERT INTO people VALUES(200817, 'Junaid', 'Syed', NULL, NULL, 'M');
INSERT INTO credits VALUES(200981, 200817, 'D');
INSERT INTO movies VALUES(200982, 'Saltburn', 'en', 2023, 90);
INSERT INTO credits VALUES(200982, 200513, 'D');
INSERT INTO movies VALUES(200983, 'Monster', 'ja', 2023, 90);
INSERT INTO people VALUES(200818, 'Hirokazu', 'Kore-eda', NULL, NULL, 'M');
INSERT INTO credits VALUES(200983, 200818, 'D');
INSERT INTO movies VALUES(200984, 'From Introduction to Orson Welles’s Falstaff: Chimes at Midnight', 'en', 2023, 90);
INSERT INTO credits VALUES(200984, 200311, 'D');
INSERT INTO movies VALUES(200985, 'Muzzle', 'en', 2023, 90);
INSERT INTO people VALUES(200819, 'John', 'Jr.', NULL, NULL, 'M');
INSERT INTO credits VALUES(200985, 200819, 'D');
INSERT INTO movies VALUES(200986, 'Evil Dead Rise', 'en', 2023, 90);
INSERT INTO people VALUES(200820, 'Lee', 'Cronin', NULL, NULL, 'M');
INSERT INTO credits VALUES(200986, 200820, 'D');
INSERT INTO movies VALUES(200987, 'Der Zürich-Krimi: Borchert und der Mord ohne Sühne', 'de', 2023, 90);
INSERT INTO movies VALUES(200988, 'File VL-624', 'en', 2023, 90);
INSERT INTO people VALUES(200821, 'Robbie', 'Banfitch', NULL, NULL, 'M');
INSERT INTO credits VALUES(200988, 200821, 'D');
INSERT INTO movies VALUES(200989, 'Red, White & Royal Blue', 'en', 2023, 90);
INSERT INTO people VALUES(200822, 'Matthew', 'López', NULL, NULL, 'M');
INSERT INTO credits VALUES(200989, 200822, 'D');
INSERT INTO movies VALUES(200990, 'Reunión 10 años – No se aceptan devoluciones', 'es', 2023, 90);
INSERT INTO people VALUES(200823, 'Eugenio', 'Derbez', NULL, NULL, 'M');
INSERT INTO credits VALUES(200990, 200823, 'D');
INSERT INTO movies VALUES(200991, 'As If It''s True', 'tl', 2023, 90);
INSERT INTO people VALUES(200824, 'John', 'Rogers', NULL, NULL, 'M');
INSERT INTO credits VALUES(200991, 200824, 'D');
INSERT INTO movies VALUES(200992, 'Sugapa', 'tl', 2023, 90);
INSERT INTO people VALUES(200825, 'Lawrence', 'Fajardo', NULL, NULL, 'M');
INSERT INTO credits VALUES(200992, 200825, 'D');
INSERT INTO movies VALUES(200993, 'After Death', 'en', 2023, 90);
INSERT INTO people VALUES(200826, 'Chris', 'Radtke', NULL, NULL, 'M');
INSERT INTO credits VALUES(200993, 200826, 'D');
INSERT INTO movies VALUES(200994, 'Miguel Wants to Fight', 'en', 2023, 90);
INSERT INTO people VALUES(200827, 'Oz', 'Rodríguez', NULL, NULL, 'M');
INSERT INTO credits VALUES(200994, 200827, 'D');
INSERT INTO movies VALUES(200995, 'Trolls Band Together', 'en', 2023, 90);
INSERT INTO people VALUES(200828, 'Walt', 'Dohrn', NULL, NULL, 'M');
INSERT INTO credits VALUES(200995, 200828, 'D');
INSERT INTO movies VALUES(200996, 'Aristotle and Dante Discover the Secrets of the Universe', 'en', 2023, 90);
INSERT INTO people VALUES(200829, 'Aitch', 'Alberto', NULL, NULL, 'M');
INSERT INTO credits VALUES(200996, 200829, 'D');
INSERT INTO movies VALUES(200997, 'The Madness Express', 'fr', 2023, 90);
INSERT INTO people VALUES(200830, 'Olivier', 'Hoofstadt', NULL, NULL, 'M');
INSERT INTO credits VALUES(200997, 200830, 'D');
INSERT INTO movies VALUES(200998, 'The Teacher Who Promised the Sea', 'es', 2023, 90);
INSERT INTO people VALUES(200831, 'Patricia', 'Font', NULL, NULL, 'M');
INSERT INTO credits VALUES(200998, 200831, 'D');
INSERT INTO movies VALUES(200999, 'Napoleon', 'en', 2023, 90);
INSERT INTO credits VALUES(200999, 200189, 'D');
INSERT INTO movies VALUES(201000, 'Bureau 749', 'zh', 2024, 90);
INSERT INTO people VALUES(200832, 'Lu', 'Chuan', NULL, NULL, 'M');
INSERT INTO credits VALUES(201000, 200832, 'D');
INSERT INTO movies VALUES(201001, 'High Forces', 'zh', 2024, 90);
INSERT INTO people VALUES(200833, 'Oxide', 'Chun', NULL, NULL, 'M');
INSERT INTO credits VALUES(201001, 200833, 'D');
INSERT INTO movies VALUES(201002, 'Bramayugam', 'ml', 2024, 90);
INSERT INTO people VALUES(200834, 'Rahul', 'Sadasivan', NULL, NULL, 'M');
INSERT INTO credits VALUES(201002, 200834, 'D');
INSERT INTO movies VALUES(201003, 'A Legend', 'zh', 2024, 90);
INSERT INTO people VALUES(200835, 'Stanley', 'Gwai-Lai', NULL, NULL, 'M');
INSERT INTO credits VALUES(201003, 200835, 'D');
INSERT INTO movies VALUES(201004, 'Art of Eight Limbs', 'en', 2024, 90);
INSERT INTO people VALUES(200836, 'Robert', 'Grasmere', NULL, NULL, 'M');
INSERT INTO credits VALUES(201004, 200836, 'D');
INSERT INTO movies VALUES(201005, 'Succubus', 'en', 2024, 90);
INSERT INTO people VALUES(200837, 'R.J.', 'Hanna', NULL, NULL, 'M');
INSERT INTO credits VALUES(201005, 200837, 'D');
INSERT INTO movies VALUES(201006, 'The Prosecutor', 'cn', 2024, 90);
INSERT INTO people VALUES(200838, 'Donnie', 'Yen', NULL, NULL, 'M');
INSERT INTO credits VALUES(201006, 200838, 'D');
INSERT INTO movies VALUES(201007, 'Wicked', 'en', 2024, 90);
INSERT INTO credits VALUES(201007, 200277, 'D');
INSERT INTO movies VALUES(201008, 'Kulong', 'tl', 2024, 90);
INSERT INTO people VALUES(200839, 'Sigrid', 'Polon', NULL, NULL, 'M');
INSERT INTO credits VALUES(201008, 200839, 'D');
INSERT INTO movies VALUES(201009, 'Operation Blood Hunt', 'en', 2024, 90);
INSERT INTO people VALUES(200840, 'Louis', 'Mandylor', NULL, NULL, 'M');
INSERT INTO credits VALUES(201009, 200840, 'D');
INSERT INTO movies VALUES(201010, 'The Storm', 'zh', 2024, 90);
INSERT INTO people VALUES(200841, 'Busifan', '', NULL, NULL, 'M');
INSERT INTO credits VALUES(201010, 200841, 'D');
INSERT INTO movies VALUES(201011, 'EKS', 'tl', 2024, 90);
INSERT INTO people VALUES(200842, 'Roman', 'Jr.', NULL, NULL, 'M');
INSERT INTO credits VALUES(201011, 200842, 'D');
INSERT INTO movies VALUES(201012, 'Laberinto de sombras', 'es', 2024, 90);
INSERT INTO people VALUES(200843, 'Alfredo', 'Contreras', NULL, NULL, 'M');
INSERT INTO credits VALUES(201012, 200843, 'D');
INSERT INTO movies VALUES(201013, 'Inside Out 2', 'en', 2024, 90);
INSERT INTO people VALUES(200844, 'Kelsey', 'Mann', NULL, NULL, 'M');
INSERT INTO credits VALUES(201013, 200844, 'D');
INSERT INTO movies VALUES(201014, 'Furiosa: A Mad Max Saga', 'en', 2024, 90);
INSERT INTO credits VALUES(201014, 200192, 'D');
INSERT INTO movies VALUES(201015, 'Sweet Dreams', 'en', 2024, 90);
INSERT INTO people VALUES(200845, 'Lije', 'Sarki', NULL, NULL, 'M');
INSERT INTO credits VALUES(201015, 200845, 'D');
INSERT INTO movies VALUES(201016, 'Deadpool & Wolverine', 'en', 2024, 90);
INSERT INTO credits VALUES(201016, 200181, 'D');
INSERT INTO movies VALUES(201017, 'Spithood', 'en', 2024, 90);
INSERT INTO people VALUES(200846, 'Tim', 'Pine', NULL, NULL, 'M');
INSERT INTO credits VALUES(201017, 200846, 'D');
INSERT INTO movies VALUES(201018, 'Abyss', 'fr', 2024, 90);
INSERT INTO people VALUES(200847, 'Juan', 'Medina', NULL, NULL, 'M');
INSERT INTO credits VALUES(201018, 200847, 'D');
INSERT INTO movies VALUES(201019, 'Red One', 'en', 2024, 90);
INSERT INTO credits VALUES(201019, 200579, 'D');
INSERT INTO movies VALUES(201020, 'Pacific Fear', 'fr', 2024, 90);
INSERT INTO people VALUES(200848, 'Jacques', 'Kluger', NULL, NULL, 'M');
INSERT INTO credits VALUES(201020, 200848, 'D');
INSERT INTO movies VALUES(201021, 'Sonic the Hedgehog 3', 'en', 2024, 90);
INSERT INTO credits VALUES(201021, 200609, 'D');
INSERT INTO movies VALUES(201022, 'Lover', 'ta', 2024, 90);
INSERT INTO people VALUES(200849, 'Prabhuram', 'Vyas', NULL, NULL, 'M');
INSERT INTO credits VALUES(201022, 200849, 'D');
INSERT INTO movies VALUES(201023, 'Moana 2', 'en', 2024, 90);
INSERT INTO people VALUES(200850, 'David', 'Jr.', NULL, NULL, 'M');
INSERT INTO credits VALUES(201023, 200850, 'D');
INSERT INTO movies VALUES(201024, 'The Wild Robot', 'en', 2024, 90);
INSERT INTO credits VALUES(201024, 200670, 'D');
INSERT INTO movies VALUES(201025, 'Marco', 'ml', 2024, 90);
INSERT INTO people VALUES(200851, 'Haneef', 'Adeni', NULL, NULL, 'M');
INSERT INTO credits VALUES(201025, 200851, 'D');
INSERT INTO movies VALUES(201026, 'Martin', 'kn', 2024, 90);
INSERT INTO people VALUES(200852, 'A.', 'Arjun', NULL, NULL, 'M');
INSERT INTO credits VALUES(201026, 200852, 'D');
INSERT INTO movies VALUES(201027, 'Venom: The Last Dance', 'en', 2024, 90);
INSERT INTO people VALUES(200853, 'Kelly', 'Marcel', NULL, NULL, 'M');
INSERT INTO credits VALUES(201027, 200853, 'D');
INSERT INTO movies VALUES(201028, 'Kraven the Hunter', 'en', 2024, 90);
INSERT INTO people VALUES(200854, 'J.C.', 'Chandor', NULL, NULL, 'M');
INSERT INTO credits VALUES(201028, 200854, 'D');
INSERT INTO movies VALUES(201029, 'Striking Rescue', 'zh', 2024, 90);
INSERT INTO people VALUES(200855, 'Cheng', 'Siyi', NULL, NULL, 'M');
INSERT INTO credits VALUES(201029, 200855, 'D');
INSERT INTO movies VALUES(201030, 'Flow', 'lv', 2024, 90);
INSERT INTO people VALUES(200856, 'Gints', 'Zilbalodis', NULL, NULL, 'M');
INSERT INTO credits VALUES(201030, 200856, 'D');
INSERT INTO movies VALUES(201031, 'Despicable Me 4', 'en', 2024, 90);
INSERT INTO credits VALUES(201031, 200032, 'D');
INSERT INTO movies VALUES(201032, 'Ask Me What You Want', 'es', 2024, 90);
INSERT INTO people VALUES(200857, 'Lucía', 'Alemany', NULL, NULL, 'M');
INSERT INTO credits VALUES(201032, 200857, 'D');
INSERT INTO movies VALUES(201033, 'Dune: Part Two', 'en', 2024, 90);
INSERT INTO credits VALUES(201033, 200037, 'D');
INSERT INTO movies VALUES(201034, 'Your Fault', 'es', 2024, 90);
INSERT INTO credits VALUES(201034, 200758, 'D');
INSERT INTO movies VALUES(201035, 'Godzilla x Kong: The New Empire', 'en', 2024, 90);
INSERT INTO people VALUES(200858, 'Adam', 'Wingard', NULL, NULL, 'M');
INSERT INTO credits VALUES(201035, 200858, 'D');
INSERT INTO movies VALUES(201036, 'Kung Fu Panda 4', 'en', 2024, 90);
INSERT INTO credits VALUES(201036, 200349, 'D');
INSERT INTO movies VALUES(201037, 'Witchy Ways', 'en', 2024, 90);
INSERT INTO people VALUES(200859, 'Jane', 'Clark', NULL, NULL, 'M');
INSERT INTO credits VALUES(201037, 200859, 'D');
INSERT INTO movies VALUES(201038, 'Mufasa: The Lion King', 'en', 2024, 90);
INSERT INTO people VALUES(200860, 'Barry', 'Jenkins', NULL, NULL, 'M');
INSERT INTO credits VALUES(201038, 200860, 'D');
INSERT INTO movies VALUES(201039, 'Rita', 'tl', 2024, 90);
INSERT INTO movies VALUES(201040, 'Kingdom of the Planet of the Apes', 'en', 2024, 90);
INSERT INTO credits VALUES(201040, 200097, 'D');
INSERT INTO movies VALUES(201041, 'The Substance', 'en', 2024, 90);
INSERT INTO people VALUES(200861, 'Coralie', 'Fargeat', NULL, NULL, 'M');
INSERT INTO credits VALUES(201041, 200861, 'D');
INSERT INTO movies VALUES(201042, 'Night Shift', 'es', 2024, 90);
INSERT INTO people VALUES(200862, 'Rigoberto', 'Castañeda', NULL, NULL, 'M');
INSERT INTO credits VALUES(201042, 200862, 'D');
INSERT INTO movies VALUES(201043, 'Bad Boys: Ride or Die', 'en', 2024, 90);
INSERT INTO people VALUES(200863, 'Adil', 'Arbi', NULL, NULL, 'M');
INSERT INTO credits VALUES(201043, 200863, 'D');
INSERT INTO movies VALUES(201044, 'Young Hearts', 'nl', 2024, 90);
INSERT INTO people VALUES(200864, 'Anthony', 'Schatteman', NULL, NULL, 'M');
INSERT INTO credits VALUES(201044, 200864, 'D');
INSERT INTO movies VALUES(201045, 'First Taste', 'tl', 2024, 90);
INSERT INTO credits VALUES(201045, 200842, 'D');
INSERT INTO movies VALUES(201046, 'The Day the Earth Blew Up: A Looney Tunes Movie', 'en', 2024, 90);
INSERT INTO people VALUES(200865, 'Peter', 'Browngardt', NULL, NULL, 'M');
INSERT INTO credits VALUES(201046, 200865, 'D');
INSERT INTO movies VALUES(201047, 'Django Undisputed', 'it', 2024, 90);
INSERT INTO people VALUES(200866, 'Claudio', 'Falco', NULL, NULL, 'M');
INSERT INTO credits VALUES(201047, 200866, 'D');
INSERT INTO movies VALUES(201048, 'Wake', 'en', 2024, 90);
INSERT INTO people VALUES(200867, 'Thom', 'Arizmendi', NULL, NULL, 'M');
INSERT INTO credits VALUES(201048, 200867, 'D');
INSERT INTO movies VALUES(201049, 'Fury 12 Hours', 'zh', 2024, 90);
INSERT INTO people VALUES(200868, 'Wu', 'Hao', NULL, NULL, 'M');
INSERT INTO credits VALUES(201049, 200868, 'D');
INSERT INTO movies VALUES(201050, 'Alien: Romulus', 'en', 2024, 90);
INSERT INTO people VALUES(200869, 'Fede', 'Álvarez', NULL, NULL, 'M');
INSERT INTO credits VALUES(201050, 200869, 'D');
INSERT INTO movies VALUES(201051, 'How to Date Billy Walsh', 'en', 2024, 90);
INSERT INTO people VALUES(200870, 'Alex', 'Pillai', NULL, NULL, 'M');
INSERT INTO credits VALUES(201051, 200870, 'D');
INSERT INTO movies VALUES(201052, 'Apocalypse Z: The Beginning of the End', 'es', 2024, 90);
INSERT INTO people VALUES(200871, 'Carles', 'Torrens', NULL, NULL, 'M');
INSERT INTO credits VALUES(201052, 200871, 'D');
INSERT INTO movies VALUES(201053, 'Justice League: Crisis on Infinite Earths Part Three', 'en', 2024, 90);
INSERT INTO people VALUES(200872, 'Jeff', 'Wamester', NULL, NULL, 'M');
INSERT INTO credits VALUES(201053, 200872, 'D');
INSERT INTO movies VALUES(201054, 'Gladiator II', 'en', 2024, 90);
INSERT INTO credits VALUES(201054, 200189, 'D');
INSERT INTO movies VALUES(201055, 'Justice League: Crisis on Infinite Earths Part One', 'en', 2024, 90);
INSERT INTO credits VALUES(201055, 200872, 'D');
INSERT INTO movies VALUES(201056, 'The Beekeeper', 'en', 2024, 90);
INSERT INTO credits VALUES(201056, 200101, 'D');
INSERT INTO movies VALUES(201057, 'May I Speak with the Enemy?', 'es', 2024, 90);
INSERT INTO people VALUES(200873, 'Alexis', 'Morante', NULL, NULL, 'M');
INSERT INTO credits VALUES(201057, 200873, 'D');
INSERT INTO movies VALUES(201058, 'Kiskisan', 'tl', 2024, 90);
INSERT INTO people VALUES(200874, 'Bobby', 'Bonifacio', NULL, NULL, 'M');
INSERT INTO credits VALUES(201058, 200874, 'D');
INSERT INTO movies VALUES(201059, 'The Strangers: Chapter 1', 'en', 2024, 90);
INSERT INTO people VALUES(200875, 'Renny', 'Harlin', NULL, NULL, 'M');
INSERT INTO credits VALUES(201059, 200875, 'D');
INSERT INTO movies VALUES(201060, 'Defying Gravity: The Curtain Rises on Wicked', 'en', 2024, 90);
INSERT INTO people VALUES(200876, 'Julia', 'Knowles', NULL, NULL, 'M');
INSERT INTO credits VALUES(201060, 200876, 'D');
INSERT INTO movies VALUES(201061, 'La Lucha Invade el Cine Mexicano', 'pt', 2024, 90);
INSERT INTO people VALUES(200877, 'Jonathan', 'Rodrigues', NULL, NULL, 'M');
INSERT INTO credits VALUES(201061, 200877, 'D');
INSERT INTO movies VALUES(201062, 'Anora', 'en', 2024, 90);
INSERT INTO people VALUES(200878, 'Sean', 'Baker', NULL, NULL, 'M');
INSERT INTO credits VALUES(201062, 200878, 'D');
INSERT INTO movies VALUES(201063, 'The Garfield Movie', 'en', 2024, 90);
INSERT INTO people VALUES(200879, 'Mark', 'Dindal', NULL, NULL, 'M');
INSERT INTO credits VALUES(201063, 200879, 'D');
INSERT INTO movies VALUES(201064, 'Anaconda', 'zh', 2024, 90);
INSERT INTO people VALUES(200880, 'Xiang', 'Qiuliang', NULL, NULL, 'M');
INSERT INTO credits VALUES(201064, 200880, 'D');
INSERT INTO movies VALUES(201065, 'Tyler Perry''s Divorce in the Black', 'en', 2024, 90);
INSERT INTO people VALUES(200881, 'Tyler', 'Perry', NULL, NULL, 'M');
INSERT INTO credits VALUES(201065, 200881, 'D');
INSERT INTO movies VALUES(201066, 'Nosferatu', 'en', 2024, 90);
INSERT INTO people VALUES(200882, 'Robert', 'Eggers', NULL, NULL, 'M');
INSERT INTO credits VALUES(201066, 200882, 'D');
INSERT INTO movies VALUES(201067, 'Solo Leveling -ReAwakening-', 'ja', 2024, 90);
INSERT INTO people VALUES(200883, 'Shunsuke', 'Nakashige', NULL, NULL, 'M');
INSERT INTO credits VALUES(201067, 200883, 'D');
INSERT INTO movies VALUES(201068, 'Captain Avispa', 'es', 2024, 90);
INSERT INTO people VALUES(200884, 'Jean', 'Guerra', NULL, NULL, 'M');
INSERT INTO credits VALUES(201068, 200884, 'D');
INSERT INTO movies VALUES(201069, 'Fuuto PI: The Portrait of Kamen Rider Skull', 'ja', 2024, 90);
INSERT INTO people VALUES(200885, 'Yosuke', 'Kabashima', NULL, NULL, 'M');
INSERT INTO credits VALUES(201069, 200885, 'D');
INSERT INTO movies VALUES(201070, 'A Dream Called Khushi', 'en', 2024, 90);
INSERT INTO people VALUES(200886, 'Rishabh', 'Jain', NULL, NULL, 'M');
INSERT INTO credits VALUES(201070, 200886, 'D');
INSERT INTO movies VALUES(201071, 'The Initiated: Written from the Shadows', 'es', 2024, 90);
INSERT INTO people VALUES(200887, 'Carlos', 'Moreno', NULL, NULL, 'M');
INSERT INTO credits VALUES(201071, 200887, 'D');
INSERT INTO movies VALUES(201072, 'The Book', 'es', 2024, 90);
INSERT INTO people VALUES(200888, 'Bernardo', 'Hernández', NULL, NULL, 'M');
INSERT INTO credits VALUES(201072, 200888, 'D');
INSERT INTO movies VALUES(201073, 'Justice League: Crisis on Infinite Earths Part Two', 'en', 2024, 90);
INSERT INTO credits VALUES(201073, 200872, 'D');
INSERT INTO movies VALUES(201074, 'Civil War', 'en', 2024, 90);
INSERT INTO people VALUES(200889, 'Alex', 'Garland', NULL, NULL, 'M');
INSERT INTO credits VALUES(201074, 200889, 'D');
INSERT INTO movies VALUES(201075, 'Angels Fallen: Warriors of Peace', 'en', 2024, 90);
INSERT INTO people VALUES(200890, 'Ali', 'Zamani', NULL, NULL, 'M');
INSERT INTO credits VALUES(201075, 200890, 'D');
INSERT INTO movies VALUES(201076, 'Balinsasayaw', 'tl', 2024, 90);
INSERT INTO people VALUES(200891, 'Rodante', 'Jr.', NULL, NULL, 'M');
INSERT INTO credits VALUES(201076, 200891, 'D');
INSERT INTO movies VALUES(201077, 'ClearMind', 'en', 2024, 90);
INSERT INTO people VALUES(200892, 'Rebecca', 'Eskreis', NULL, NULL, 'M');
INSERT INTO credits VALUES(201077, 200892, 'D');
INSERT INTO movies VALUES(201078, 'The People In The Walls', 'en', 2024, 90);
INSERT INTO people VALUES(200893, 'Michael', 'Crum', NULL, NULL, 'M');
INSERT INTO credits VALUES(201078, 200893, 'D');
INSERT INTO movies VALUES(201079, 'American Music Awards 50th Anniversary Special', 'en', 2024, 90);
INSERT INTO movies VALUES(201080, 'Terrifier 3', 'en', 2024, 90);
INSERT INTO people VALUES(200894, 'Damien', 'Leone', NULL, NULL, 'M');
INSERT INTO credits VALUES(201080, 200894, 'D');
INSERT INTO movies VALUES(201081, 'God & Country: The Rise of Christian Nationalism', 'en', 2024, 90);
INSERT INTO people VALUES(200895, 'Dan', 'Partland', NULL, NULL, 'M');
INSERT INTO credits VALUES(201081, 200895, 'D');
INSERT INTO movies VALUES(201082, '18×2 Beyond Youthful Days', 'zh', 2024, 90);
INSERT INTO people VALUES(200896, 'Michihito', 'Fujii', NULL, NULL, 'M');
INSERT INTO credits VALUES(201082, 200896, 'D');
INSERT INTO movies VALUES(201083, 'A Quiet Place: Day One', 'en', 2024, 90);
INSERT INTO people VALUES(200897, 'Michael', 'Sarnoski', NULL, NULL, 'M');
INSERT INTO credits VALUES(201083, 200897, 'D');
INSERT INTO movies VALUES(201084, 'Survive', 'fr', 2024, 90);
INSERT INTO people VALUES(200898, 'Frédéric', 'Jardin', NULL, NULL, 'M');
INSERT INTO credits VALUES(201084, 200898, 'D');
INSERT INTO movies VALUES(201085, 'Damsel', 'en', 2024, 90);
INSERT INTO people VALUES(200899, 'Juan', 'Fresnadillo', NULL, NULL, 'M');
INSERT INTO credits VALUES(201085, 200899, 'D');
INSERT INTO movies VALUES(201086, 'From Darkness', 'sv', 2024, 90);
INSERT INTO people VALUES(200900, 'Philip', 'Silva', NULL, NULL, 'M');
INSERT INTO credits VALUES(201086, 200900, 'D');
INSERT INTO movies VALUES(201087, 'Stockholm Bloodbath', 'en', 2024, 90);
INSERT INTO people VALUES(200901, 'Mikael', 'Håfström', NULL, NULL, 'M');
INSERT INTO credits VALUES(201087, 200901, 'D');
INSERT INTO movies VALUES(201088, 'Babygirl', 'en', 2024, 90);
INSERT INTO people VALUES(200902, 'Halina', 'Reijn', NULL, NULL, 'M');
INSERT INTO credits VALUES(201088, 200902, 'D');
INSERT INTO movies VALUES(201089, 'Butchers Book Two: Raghorn', 'en', 2024, 90);
INSERT INTO people VALUES(200903, 'Adrian', 'Langley', NULL, NULL, 'M');
INSERT INTO credits VALUES(201089, 200903, 'D');
INSERT INTO movies VALUES(201090, 'My Cousin the Sexologist 2', 'es', 2024, 90);
INSERT INTO people VALUES(200904, 'Miguel', 'Chávez', NULL, NULL, 'M');
INSERT INTO credits VALUES(201090, 200904, 'D');
INSERT INTO movies VALUES(201091, 'Heretic', 'en', 2024, 90);
INSERT INTO people VALUES(200905, 'Scott', 'Beck', NULL, NULL, 'M');
INSERT INTO credits VALUES(201091, 200905, 'D');
INSERT INTO movies VALUES(201092, 'Dirty Angels', 'en', 2024, 90);
INSERT INTO people VALUES(200906, 'Martin', 'Campbell', NULL, NULL, 'M');
INSERT INTO credits VALUES(201092, 200906, 'D');
INSERT INTO movies VALUES(201093, 'The Roundup: Punishment', 'ko', 2024, 90);
INSERT INTO people VALUES(200907, 'Heo', 'Myeong-haeng', NULL, NULL, 'M');
INSERT INTO credits VALUES(201093, 200907, 'D');
INSERT INTO movies VALUES(201094, 'The Idea of You', 'en', 2024, 90);
INSERT INTO people VALUES(200908, 'Michael', 'Showalter', NULL, NULL, 'M');
INSERT INTO credits VALUES(201094, 200908, 'D');
INSERT INTO movies VALUES(201095, 'Mormon Mom Gone Wrong: The Ruby Franke Story', 'en', 2024, 90);
INSERT INTO credits VALUES(201095, 200261, 'D');
INSERT INTO movies VALUES(201096, 'De Grote Sinterklaasfilm: Stampij in de bakkerij', 'nl', 2024, 90);
INSERT INTO people VALUES(200909, 'Lucio', 'Messercola', NULL, NULL, 'M');
INSERT INTO credits VALUES(201096, 200909, 'D');
INSERT INTO movies VALUES(201097, 'C''era una volta il Derby Club', 'it', 2024, 90);
INSERT INTO credits VALUES(201097, 200114, 'D');
INSERT INTO movies VALUES(201098, 'How Kids Roll', 'it', 2024, 90);
INSERT INTO people VALUES(200910, 'Loris', 'Lai', NULL, NULL, 'M');
INSERT INTO credits VALUES(201098, 200910, 'D');
INSERT INTO movies VALUES(201099, 'Transformers One', 'en', 2024, 90);
INSERT INTO credits VALUES(201099, 200581, 'D');

COMMIT;
